Store,Date,Weekly_Sales,Holiday_Flag,Temperature,Fuel_Price,CPI,Unemployment,Year,Month,Month_Number,Quarter,Week,Day
1,2010-05-02,1643690.9,No,42.31,2.572,211.0963582,8.106,2010,May,5,Q2,17,2
1,2010-12-02,1641957.44,Yes,38.51,2.548,211.2421698,8.106,2010,December,12,Q4,48,2
1,2010-02-19,1611968.17,No,39.93,2.514,211.2891429,8.106,2010,February,2,Q1,7,19
1,2010-02-26,1409727.59,No,46.63,2.561,211.3196429,8.106,2010,February,2,Q1,8,26
1,2010-05-03,1554806.68,No,46.5,2.625,211.3501429,8.106,2010,May,5,Q2,18,3
1,2010-12-03,1439541.59,No,57.79,2.667,211.3806429,8.106,2010,December,12,Q4,48,3
1,2010-03-19,1472515.79,No,54.58,2.72,211.215635,8.106,2010,March,3,Q1,11,19
1,2010-03-26,1404429.92,No,51.45,2.732,211.0180424,8.106,2010,March,3,Q1,12,26
1,2010-02-04,1594968.28,No,62.27,2.719,210.8204499,7.808,2010,February,2,Q1,5,4
1,2010-09-04,1545418.53,No,65.86,2.77,210.6228574,7.808,2010,September,9,Q3,35,4
1,2010-04-16,1466058.28,No,66.32,2.808,210.4887,7.808,2010,April,4,Q2,15,16
1,2010-04-23,1391256.12,No,64.84,2.795,210.4391228,7.808,2010,April,4,Q2,16,23
1,2010-04-30,1425100.71,No,67.41,2.78,210.3895456,7.808,2010,April,4,Q2,17,30
1,2010-07-05,1603955.12,No,72.55,2.835,210.3399684,7.808,2010,July,7,Q3,27,5
1,2010-05-14,1494251.5,No,74.78,2.854,210.3374261,7.808,2010,May,5,Q2,19,14
1,2010-05-21,1399662.07,No,76.44,2.826,210.6170934,7.808,2010,May,5,Q2,20,21
1,2010-05-28,1432069.95,No,80.44,2.759,210.8967606,7.808,2010,May,5,Q2,21,28
1,2010-04-06,1615524.71,No,80.69,2.705,211.1764278,7.808,2010,April,4,Q2,14,6
1,2010-11-06,1542561.09,No,80.43,2.668,211.4560951,7.808,2010,November,11,Q4,44,6
1,2010-06-18,1503284.06,No,84.11,2.637,211.4537719,7.808,2010,June,6,Q2,24,18
1,2010-06-25,1422711.6,No,84.34,2.653,211.3386526,7.808,2010,June,6,Q2,25,25
1,2010-02-07,1492418.14,No,80.91,2.669,211.2235333,7.787,2010,February,2,Q1,5,7
1,2010-09-07,1546074.18,No,80.48,2.642,211.108414,7.787,2010,September,9,Q3,36,7
1,2010-07-16,1448938.92,No,83.15,2.623,211.1003854,7.787,2010,July,7,Q3,28,16
1,2010-07-23,1385065.2,No,83.36,2.608,211.2351443,7.787,2010,July,7,Q3,29,23
1,2010-07-30,1371986.6,No,81.84,2.64,211.3699032,7.787,2010,July,7,Q3,30,30
1,2010-06-08,1605491.78,No,87.16,2.627,211.5046621,7.787,2010,June,6,Q2,23,8
1,2010-08-13,1508237.76,No,87.0,2.692,211.6394211,7.787,2010,August,8,Q3,32,13
1,2010-08-20,1513080.49,No,86.65,2.664,211.6033633,7.787,2010,August,8,Q3,33,20
1,2010-08-27,1449142.92,No,85.22,2.619,211.5673056,7.787,2010,August,8,Q3,34,27
1,2010-03-09,1540163.53,No,81.21,2.577,211.5312479,7.787,2010,March,3,Q1,10,9
1,2010-10-09,1507460.69,Yes,78.69,2.565,211.4951902,7.787,2010,October,10,Q4,40,9
1,2010-09-17,1430378.67,No,82.11,2.582,211.5224596,7.787,2010,September,9,Q3,37,17
1,2010-09-24,1351791.03,No,80.94,2.624,211.5972246,7.787,2010,September,9,Q3,38,24
1,2010-01-10,1453329.5,No,71.89,2.603,211.6719895,7.838,2010,January,1,Q1,1,10
1,2010-08-10,1508239.93,No,63.93,2.633,211.7467544,7.838,2010,August,8,Q3,32,10
1,2010-10-15,1459409.1,No,67.18,2.72,211.8137436,7.838,2010,October,10,Q4,41,15
1,2010-10-22,1345454.0,No,69.86,2.725,211.8612937,7.838,2010,October,10,Q4,42,22
1,2010-10-29,1384209.22,No,69.64,2.716,211.9088438,7.838,2010,October,10,Q4,43,29
1,2010-05-11,1551659.28,No,58.74,2.689,211.9563939,7.838,2010,May,5,Q2,19,11
1,2010-12-11,1494479.49,No,59.61,2.728,212.003944,7.838,2010,December,12,Q4,49,11
1,2010-11-19,1483784.18,No,51.41,2.771,211.8896737,7.838,2010,November,11,Q4,46,19
1,2010-11-26,1955624.11,Yes,64.52,2.735,211.7484333,7.838,2010,November,11,Q4,47,26
1,2010-03-12,1548033.78,No,49.27,2.708,211.607193,7.838,2010,March,3,Q1,10,12
1,2010-10-12,1682614.26,No,46.33,2.843,211.4659526,7.838,2010,October,10,Q4,41,12
1,2010-12-17,1891034.93,No,49.84,2.869,211.4053124,7.838,2010,December,12,Q4,50,17
1,2010-12-24,2387950.2,No,52.33,2.886,211.4051222,7.838,2010,December,12,Q4,51,24
1,2010-12-31,1367320.01,Yes,48.43,2.943,211.4049321,7.838,2010,December,12,Q4,52,31
1,2011-07-01,1444732.28,No,48.27,2.976,211.4047419,7.742,2011,July,7,Q3,26,1
1,2011-01-14,1391013.96,No,35.4,2.983,211.4574109,7.742,2011,January,1,Q1,2,14
1,2011-01-21,1327405.42,No,44.04,3.016,211.8272343,7.742,2011,January,1,Q1,3,21
1,2011-01-28,1316899.31,No,43.83,3.01,212.1970577,7.742,2011,January,1,Q1,4,28
1,2011-04-02,1606629.58,No,42.27,2.989,212.5668812,7.742,2011,April,4,Q2,13,2
1,2011-11-02,1649614.93,Yes,36.39,3.022,212.9367046,7.742,2011,November,11,Q4,44,2
1,2011-02-18,1686842.78,No,57.36,3.045,213.2478853,7.742,2011,February,2,Q1,7,18
1,2011-02-25,1456800.28,No,62.9,3.065,213.535609,7.742,2011,February,2,Q1,8,25
1,2011-04-03,1636263.41,No,59.58,3.288,213.8233327,7.742,2011,April,4,Q2,13,3
1,2011-11-03,1553191.63,No,53.56,3.459,214.1110564,7.742,2011,November,11,Q4,44,3
1,2011-03-18,1576818.06,No,62.76,3.488,214.3627114,7.742,2011,March,3,Q1,11,18
1,2011-03-25,1541102.38,No,69.97,3.473,214.5999389,7.742,2011,March,3,Q1,12,25
1,2011-01-04,1495064.75,No,59.17,3.524,214.8371664,7.682,2011,January,1,Q1,1,4
1,2011-08-04,1614259.35,No,67.84,3.622,215.0743939,7.682,2011,August,8,Q3,31,4
1,2011-04-15,1559889.0,No,71.27,3.743,215.2918561,7.682,2011,April,4,Q2,15,15
1,2011-04-22,1564819.81,No,72.99,3.807,215.4599053,7.682,2011,April,4,Q2,16,22
1,2011-04-29,1455090.69,No,72.03,3.81,215.6279544,7.682,2011,April,4,Q2,17,29
1,2011-06-05,1629391.28,No,64.61,3.906,215.7960035,7.682,2011,June,6,Q2,22,5
1,2011-05-13,1604775.58,No,75.64,3.899,215.9640526,7.682,2011,May,5,Q2,19,13
1,2011-05-20,1428218.27,No,67.63,3.907,215.7339202,7.682,2011,May,5,Q2,20,20
1,2011-05-27,1466046.67,No,77.72,3.786,215.5037878,7.682,2011,May,5,Q2,21,27
1,2011-03-06,1635078.41,No,83.0,3.699,215.2736553,7.682,2011,March,3,Q1,9,6
1,2011-10-06,1588948.32,No,83.13,3.648,215.0435229,7.682,2011,October,10,Q4,40,6
1,2011-06-17,1532114.86,No,86.41,3.637,214.9980596,7.682,2011,June,6,Q2,24,17
1,2011-06-24,1438830.15,No,83.58,3.594,215.0910982,7.682,2011,June,6,Q2,25,24
1,2011-01-07,1488538.09,No,85.55,3.524,215.1841368,7.962,2011,January,1,Q1,1,7
1,2011-08-07,1534849.64,No,85.83,3.48,215.2771754,7.962,2011,August,8,Q3,31,7
1,2011-07-15,1455119.97,No,88.54,3.575,215.3611087,7.962,2011,July,7,Q3,28,15
1,2011-07-22,1396926.82,No,85.77,3.651,215.4222784,7.962,2011,July,7,Q3,29,22
1,2011-07-29,1352219.79,No,86.83,3.682,215.4834482,7.962,2011,July,7,Q3,30,29
1,2011-05-08,1624383.75,No,91.65,3.684,215.544618,7.962,2011,May,5,Q2,18,8
1,2011-12-08,1525147.09,No,90.76,3.638,215.6057878,7.962,2011,December,12,Q4,49,8
1,2011-08-19,1530761.43,No,89.94,3.554,215.6693107,7.962,2011,August,8,Q3,33,19
1,2011-08-26,1464693.46,No,87.96,3.523,215.7332258,7.962,2011,August,8,Q3,34,26
1,2011-02-09,1550229.22,No,87.83,3.533,215.7971409,7.962,2011,February,2,Q1,6,9
1,2011-09-09,1540471.24,Yes,76.0,3.546,215.861056,7.962,2011,September,9,Q3,36,9
1,2011-09-16,1514259.78,No,79.94,3.526,216.0410526,7.962,2011,September,9,Q3,37,16
1,2011-09-23,1380020.27,No,75.8,3.467,216.3758246,7.962,2011,September,9,Q3,38,23
1,2011-09-30,1394561.83,No,79.69,3.355,216.7105965,7.962,2011,September,9,Q3,39,30
1,2011-07-10,1630989.95,No,69.31,3.285,217.0453684,7.866,2011,July,7,Q3,27,10
1,2011-10-14,1493525.93,No,71.74,3.274,217.3552733,7.866,2011,October,10,Q4,41,14
1,2011-10-21,1502562.78,No,63.71,3.353,217.5159762,7.866,2011,October,10,Q4,42,21
1,2011-10-28,1445249.09,No,66.57,3.372,217.6766791,7.866,2011,October,10,Q4,43,28
1,2011-04-11,1697229.58,No,54.98,3.332,217.837382,7.866,2011,April,4,Q2,15,11
1,2011-11-11,1594938.89,No,59.11,3.297,217.9980849,7.866,2011,November,11,Q4,45,11
1,2011-11-18,1539483.7,No,62.25,3.308,218.2205088,7.866,2011,November,11,Q4,46,18
1,2011-11-25,2033320.66,Yes,60.14,3.236,218.4676211,7.866,2011,November,11,Q4,47,25
1,2011-02-12,1584083.95,No,48.91,3.172,218.7147333,7.866,2011,February,2,Q1,6,12
1,2011-09-12,1799682.38,No,43.93,3.158,218.9618456,7.866,2011,September,9,Q3,37,12
1,2011-12-16,1881176.67,No,51.63,3.159,219.1794533,7.866,2011,December,12,Q4,50,16
1,2011-12-23,2270188.99,No,47.96,3.112,219.3577216,7.866,2011,December,12,Q4,51,23
1,2011-12-30,1497462.72,Yes,44.55,3.129,219.5359898,7.866,2011,December,12,Q4,52,30
1,2012-06-01,1550369.92,No,49.01,3.157,219.7142581,7.348,2012,June,6,Q2,22,1
1,2012-01-13,1459601.17,No,48.53,3.261,219.8925263,7.348,2012,January,1,Q1,2,13
1,2012-01-20,1394393.84,No,54.11,3.268,219.9856893,7.348,2012,January,1,Q1,3,20
1,2012-01-27,1319325.59,No,54.26,3.29,220.0788523,7.348,2012,January,1,Q1,4,27
1,2012-03-02,1636339.65,No,56.55,3.36,220.1720153,7.348,2012,March,3,Q1,9,2
1,2012-10-02,1802477.43,Yes,48.02,3.409,220.2651783,7.348,2012,October,10,Q4,40,2
1,2012-02-17,1819870.0,No,45.32,3.51,220.4257586,7.348,2012,February,2,Q1,7,17
1,2012-02-24,1539387.83,No,57.25,3.555,220.636902,7.348,2012,February,2,Q1,8,24
1,2012-02-03,1688420.76,No,60.96,3.63,220.8480454,7.348,2012,February,2,Q1,5,3
1,2012-09-03,1675431.16,No,58.76,3.669,221.0591887,7.348,2012,September,9,Q3,36,3
1,2012-03-16,1677472.78,No,64.74,3.734,221.2118132,7.348,2012,March,3,Q1,11,16
1,2012-03-23,1511068.07,No,65.93,3.787,221.2864126,7.348,2012,March,3,Q1,12,23
1,2012-03-30,1649604.63,No,67.61,3.845,221.3610119,7.348,2012,March,3,Q1,13,30
1,2012-06-04,1899676.88,No,70.43,3.891,221.4356112,7.143,2012,June,6,Q2,23,4
1,2012-04-13,1621031.7,No,69.07,3.891,221.5102105,7.143,2012,April,4,Q2,15,13
1,2012-04-20,1521577.87,No,66.76,3.877,221.5640737,7.143,2012,April,4,Q2,16,20
1,2012-04-27,1468928.37,No,67.23,3.814,221.6179368,7.143,2012,April,4,Q2,17,27
1,2012-04-05,1684519.99,No,75.55,3.749,221.6718,7.143,2012,April,4,Q2,14,5
1,2012-11-05,1611096.05,No,73.77,3.688,221.7256632,7.143,2012,November,11,Q4,45,5
1,2012-05-18,1595901.87,No,70.33,3.63,221.742674,7.143,2012,May,5,Q2,20,18
1,2012-05-25,1555444.55,No,77.22,3.561,221.744944,7.143,2012,May,5,Q2,21,25
1,2012-01-06,1624477.58,No,77.95,3.501,221.7472139,7.143,2012,January,1,Q1,1,6
1,2012-08-06,1697230.96,No,78.3,3.452,221.7494839,7.143,2012,August,8,Q3,32,6
1,2012-06-15,1630607.0,No,79.35,3.393,221.7626421,7.143,2012,June,6,Q2,24,15
1,2012-06-22,1527845.81,No,78.39,3.346,221.8030211,7.143,2012,June,6,Q2,25,22
1,2012-06-29,1540421.49,No,84.88,3.286,221.8434,7.143,2012,June,6,Q2,26,29
1,2012-06-07,1769854.16,No,81.57,3.227,221.8837789,6.908,2012,June,6,Q2,23,7
1,2012-07-13,1527014.04,No,77.12,3.256,221.9241579,6.908,2012,July,7,Q3,28,13
1,2012-07-20,1497954.76,No,80.42,3.311,221.9327267,6.908,2012,July,7,Q3,29,20
1,2012-07-27,1439123.71,No,82.66,3.407,221.9412954,6.908,2012,July,7,Q3,30,27
1,2012-03-08,1631135.79,No,86.11,3.417,221.9498642,6.908,2012,March,3,Q1,10,8
1,2012-10-08,1592409.97,No,85.05,3.494,221.9584329,6.908,2012,October,10,Q4,41,8
1,2012-08-17,1597868.05,No,84.85,3.571,222.0384109,6.908,2012,August,8,Q3,33,17
1,2012-08-24,1494122.38,No,77.66,3.62,222.1719457,6.908,2012,August,8,Q3,34,24
1,2012-08-31,1582083.4,No,80.49,3.638,222.3054805,6.908,2012,August,8,Q3,35,31
1,2012-07-09,1661767.33,Yes,83.96,3.73,222.4390153,6.908,2012,July,7,Q3,28,9
1,2012-09-14,1517428.87,No,74.97,3.717,222.5820193,6.908,2012,September,9,Q3,37,14
1,2012-09-21,1506126.06,No,69.87,3.721,222.7818386,6.908,2012,September,9,Q3,38,21
1,2012-09-28,1437059.26,No,76.08,3.666,222.9816579,6.908,2012,September,9,Q3,39,28
1,2012-05-10,1670785.97,No,68.55,3.617,223.1814772,6.573,2012,May,5,Q2,19,10
1,2012-12-10,1573072.81,No,62.99,3.601,223.3812965,6.573,2012,December,12,Q4,50,10
1,2012-10-19,1508068.77,No,67.97,3.594,223.4257233,6.573,2012,October,10,Q4,42,19
1,2012-10-26,1493659.74,No,69.16,3.506,223.4442513,6.573,2012,October,10,Q4,43,26
2,2010-05-02,2136989.46,No,40.19,2.572,210.7526053,8.324,2010,May,5,Q2,17,2
2,2010-12-02,2137809.5,Yes,38.49,2.548,210.8979935,8.324,2010,December,12,Q4,48,2
2,2010-02-19,2124451.54,No,39.69,2.514,210.9451605,8.324,2010,February,2,Q1,7,19
2,2010-02-26,1865097.27,No,46.1,2.561,210.9759573,8.324,2010,February,2,Q1,8,26
2,2010-05-03,1991013.13,No,47.17,2.625,211.0067542,8.324,2010,May,5,Q2,18,3
2,2010-12-03,1990483.78,No,57.56,2.667,211.037551,8.324,2010,December,12,Q4,48,3
2,2010-03-19,1946070.88,No,54.52,2.72,210.8733316,8.324,2010,March,3,Q1,11,19
2,2010-03-26,1750197.81,No,51.26,2.732,210.6766095,8.324,2010,March,3,Q1,12,26
2,2010-02-04,2066187.72,No,63.27,2.719,210.4798874,8.2,2010,February,2,Q1,5,4
2,2010-09-04,1954689.21,No,65.41,2.77,210.2831653,8.2,2010,September,9,Q3,35,4
2,2010-04-16,1874957.94,No,68.07,2.808,210.1495463,8.2,2010,April,4,Q2,15,16
2,2010-04-23,1821990.93,No,65.11,2.795,210.1000648,8.2,2010,April,4,Q2,16,23
2,2010-04-30,1802450.29,No,66.98,2.78,210.0505833,8.2,2010,April,4,Q2,17,30
2,2010-07-05,2042581.71,No,71.28,2.835,210.0011018,8.2,2010,July,7,Q3,27,5
2,2010-05-14,1880752.36,No,73.31,2.854,209.9984585,8.2,2010,May,5,Q2,19,14
2,2010-05-21,1896937.1,No,74.83,2.826,210.2768443,8.2,2010,May,5,Q2,20,21
2,2010-05-28,1957113.89,No,81.13,2.759,210.5552301,8.2,2010,May,5,Q2,21,28
2,2010-04-06,2102539.93,No,81.81,2.705,210.833616,8.2,2010,April,4,Q2,14,6
2,2010-11-06,2025538.76,No,83.4,2.668,211.1120018,8.2,2010,November,11,Q4,44,6
2,2010-06-18,2001636.96,No,85.81,2.637,211.1096543,8.2,2010,June,6,Q2,24,18
2,2010-06-25,1939927.09,No,86.26,2.653,210.9950134,8.2,2010,June,6,Q2,25,25
2,2010-02-07,2003940.64,No,82.74,2.669,210.8803726,8.099,2010,February,2,Q1,5,7
2,2010-09-07,1880902.62,No,82.59,2.642,210.7657317,8.099,2010,September,9,Q3,36,7
2,2010-07-16,1845879.79,No,85.32,2.623,210.7577954,8.099,2010,July,7,Q3,28,16
2,2010-07-23,1781717.71,No,87.66,2.608,210.8921319,8.099,2010,July,7,Q3,29,23
2,2010-07-30,1804246.16,No,83.49,2.64,211.0264684,8.099,2010,July,7,Q3,30,30
2,2010-06-08,1991909.98,No,89.53,2.627,211.1608049,8.099,2010,June,6,Q2,23,8
2,2010-08-13,1895601.05,No,89.05,2.692,211.2951413,8.099,2010,August,8,Q3,32,13
2,2010-08-20,1964335.23,No,88.7,2.664,211.2596586,8.099,2010,August,8,Q3,33,20
2,2010-08-27,1863840.49,No,87.12,2.619,211.2241759,8.099,2010,August,8,Q3,34,27
2,2010-03-09,1904608.09,No,81.83,2.577,211.1886931,8.099,2010,March,3,Q1,10,9
2,2010-10-09,1839128.83,Yes,79.09,2.565,211.1532104,8.099,2010,October,10,Q4,40,9
2,2010-09-17,1793903.6,No,82.05,2.582,211.1806415,8.099,2010,September,9,Q3,37,17
2,2010-09-24,1724557.22,No,81.79,2.624,211.2552578,8.099,2010,September,9,Q3,38,24
2,2010-01-10,1827440.43,No,69.24,2.603,211.3298742,8.163,2010,January,1,Q1,1,10
2,2010-08-10,1849921.44,No,63.19,2.633,211.4044906,8.163,2010,August,8,Q3,32,10
2,2010-10-15,1794355.49,No,65.8,2.72,211.4713286,8.163,2010,October,10,Q4,41,15
2,2010-10-22,1737947.64,No,68.5,2.725,211.5187208,8.163,2010,October,10,Q4,42,22
2,2010-10-29,1802755.11,No,66.24,2.716,211.5661131,8.163,2010,October,10,Q4,43,29
2,2010-05-11,1939061.41,No,57.85,2.689,211.6135053,8.163,2010,May,5,Q2,19,11
2,2010-12-11,1916812.74,No,59.69,2.728,211.6608975,8.163,2010,December,12,Q4,49,11
2,2010-11-19,1956739.17,No,50.81,2.771,211.5470304,8.163,2010,November,11,Q4,46,19
2,2010-11-26,2658725.29,Yes,62.98,2.735,211.4062867,8.163,2010,November,11,Q4,47,26
2,2010-03-12,2015781.27,No,49.33,2.708,211.265543,8.163,2010,March,3,Q1,10,12
2,2010-10-12,2378726.55,No,45.5,2.843,211.1247993,8.163,2010,October,10,Q4,41,12
2,2010-12-17,2609166.75,No,47.55,2.869,211.0645458,8.163,2010,December,12,Q4,50,17
2,2010-12-24,3436007.68,No,49.97,2.886,211.0646599,8.163,2010,December,12,Q4,51,24
2,2010-12-31,1750434.55,Yes,47.3,2.943,211.064774,8.163,2010,December,12,Q4,52,31
2,2011-07-01,1758050.79,No,44.69,2.976,211.0648881,8.028,2011,July,7,Q3,26,1
2,2011-01-14,1744193.58,No,33.02,2.983,211.1176713,8.028,2011,January,1,Q1,2,14
2,2011-01-21,1751384.9,No,41.4,3.016,211.4864691,8.028,2011,January,1,Q1,3,21
2,2011-01-28,1695371.68,No,42.83,3.01,211.8552668,8.028,2011,January,1,Q1,4,28
2,2011-04-02,1929346.23,No,38.25,2.989,212.2240646,8.028,2011,April,4,Q2,13,2
2,2011-11-02,2168041.61,Yes,33.19,3.022,212.5928624,8.028,2011,November,11,Q4,44,2
2,2011-02-18,2080884.82,No,57.83,3.045,212.9033115,8.028,2011,February,2,Q1,7,18
2,2011-02-25,1833511.08,No,60.8,3.065,213.190421,8.028,2011,February,2,Q1,8,25
2,2011-04-03,1981607.78,No,57.77,3.288,213.4775305,8.028,2011,April,4,Q2,13,3
2,2011-11-03,1879107.31,No,52.7,3.459,213.7646401,8.028,2011,November,11,Q4,44,3
2,2011-03-18,1902557.66,No,62.32,3.488,214.0156238,8.028,2011,March,3,Q1,11,18
2,2011-03-25,1766162.05,No,69.42,3.473,214.2521573,8.028,2011,March,3,Q1,12,25
2,2011-01-04,1800171.36,No,55.43,3.524,214.4886908,7.931,2011,January,1,Q1,1,4
2,2011-08-04,1847552.61,No,67.0,3.622,214.7252242,7.931,2011,August,8,Q3,31,4
2,2011-04-15,1856467.84,No,69.48,3.743,214.9420631,7.931,2011,April,4,Q2,15,15
2,2011-04-22,1886339.6,No,69.39,3.807,215.1096657,7.931,2011,April,4,Q2,16,22
2,2011-04-29,1745545.28,No,69.21,3.81,215.2772683,7.931,2011,April,4,Q2,17,29
2,2011-06-05,1837743.6,No,61.48,3.906,215.4448709,7.931,2011,June,6,Q2,22,5
2,2011-05-13,1838513.07,No,74.61,3.899,215.6124735,7.931,2011,May,5,Q2,19,13
2,2011-05-20,1688281.86,No,67.14,3.907,215.3834778,7.931,2011,May,5,Q2,20,20
2,2011-05-27,1797732.56,No,76.42,3.786,215.1544822,7.931,2011,May,5,Q2,21,27
2,2011-03-06,1933756.21,No,83.07,3.699,214.9254865,7.931,2011,March,3,Q1,9,6
2,2011-10-06,1929153.16,No,83.4,3.648,214.6964908,7.931,2011,October,10,Q4,40,6
2,2011-06-17,1953771.99,No,86.53,3.637,214.6513538,7.931,2011,June,6,Q2,24,17
2,2011-06-24,1790925.8,No,85.17,3.594,214.7441108,7.931,2011,June,6,Q2,25,24
2,2011-01-07,1866243.0,No,85.69,3.524,214.8368678,7.852,2011,January,1,Q1,1,7
2,2011-08-07,1853161.99,No,87.7,3.48,214.9296249,7.852,2011,August,8,Q3,31,7
2,2011-07-15,1785187.29,No,89.83,3.575,215.0134426,7.852,2011,July,7,Q3,28,15
2,2011-07-22,1743816.41,No,89.34,3.651,215.0749122,7.852,2011,July,7,Q3,29,22
2,2011-07-29,1680693.06,No,90.07,3.682,215.1363819,7.852,2011,July,7,Q3,30,29
2,2011-05-08,1876704.26,No,93.34,3.684,215.1978515,7.852,2011,May,5,Q2,18,8
2,2011-12-08,1812768.26,No,91.58,3.638,215.2593211,7.852,2011,December,12,Q4,49,8
2,2011-08-19,1844094.59,No,89.86,3.554,215.3229307,7.852,2011,August,8,Q3,33,19
2,2011-08-26,1821139.91,No,90.45,3.523,215.386897,7.852,2011,August,8,Q3,34,26
2,2011-02-09,1809119.7,No,89.64,3.533,215.4508632,7.852,2011,February,2,Q1,6,9
2,2011-09-09,1748000.65,Yes,77.97,3.546,215.5148295,7.852,2011,September,9,Q3,36,9
2,2011-09-16,1691439.52,No,78.85,3.526,215.6944378,7.852,2011,September,9,Q3,37,16
2,2011-09-23,1669299.78,No,75.58,3.467,216.0282356,7.852,2011,September,9,Q3,38,23
2,2011-09-30,1650394.44,No,78.14,3.355,216.3620333,7.852,2011,September,9,Q3,39,30
2,2011-07-10,1837553.43,No,69.92,3.285,216.6958311,7.441,2011,July,7,Q3,27,10
2,2011-10-14,1743882.19,No,71.67,3.274,217.0048261,7.441,2011,October,10,Q4,41,14
2,2011-10-21,1834680.25,No,64.53,3.353,217.1650042,7.441,2011,October,10,Q4,42,21
2,2011-10-28,1769296.25,No,65.87,3.372,217.3251824,7.441,2011,October,10,Q4,43,28
2,2011-04-11,1959707.9,No,55.53,3.332,217.4853605,7.441,2011,April,4,Q2,15,11
2,2011-11-11,1920725.15,No,59.33,3.297,217.6455387,7.441,2011,November,11,Q4,45,11
2,2011-11-18,1902762.5,No,62.01,3.308,217.8670218,7.441,2011,November,11,Q4,46,18
2,2011-11-25,2614202.3,Yes,56.36,3.236,218.1130269,7.441,2011,November,11,Q4,47,25
2,2011-02-12,1954952.0,No,48.74,3.172,218.3590319,7.441,2011,February,2,Q1,6,12
2,2011-09-12,2290549.32,No,41.76,3.158,218.605037,7.441,2011,September,9,Q3,37,12
2,2011-12-16,2432736.52,No,50.13,3.159,218.8217928,7.441,2011,December,12,Q4,50,16
2,2011-12-23,3224369.8,No,46.66,3.112,218.9995495,7.441,2011,December,12,Q4,51,23
2,2011-12-30,1874226.52,Yes,44.57,3.129,219.1773063,7.441,2011,December,12,Q4,52,30
2,2012-06-01,1799520.14,No,46.75,3.157,219.355063,7.057,2012,June,6,Q2,22,1
2,2012-01-13,1744725.48,No,45.99,3.261,219.5328198,7.057,2012,January,1,Q1,2,13
2,2012-01-20,1711769.11,No,51.7,3.268,219.6258417,7.057,2012,January,1,Q1,3,20
2,2012-01-27,1660906.14,No,50.5,3.29,219.7188636,7.057,2012,January,1,Q1,4,27
2,2012-03-02,1935299.94,No,55.21,3.36,219.8118854,7.057,2012,March,3,Q1,9,2
2,2012-10-02,2103322.68,Yes,46.98,3.409,219.9049073,7.057,2012,October,10,Q4,40,2
2,2012-02-17,2196688.46,No,43.82,3.51,220.0651993,7.057,2012,February,2,Q1,7,17
2,2012-02-24,1861802.7,No,54.63,3.555,220.275944,7.057,2012,February,2,Q1,8,24
2,2012-02-03,1952555.66,No,58.79,3.63,220.4866886,7.057,2012,February,2,Q1,5,3
2,2012-09-03,1937628.26,No,57.11,3.669,220.6974332,7.057,2012,September,9,Q3,36,3
2,2012-03-16,1976082.13,No,63.68,3.734,220.8498468,7.057,2012,March,3,Q1,11,16
2,2012-03-23,1790439.16,No,64.01,3.787,220.9244858,7.057,2012,March,3,Q1,12,23
2,2012-03-30,1857480.84,No,66.83,3.845,220.9991248,7.057,2012,March,3,Q1,13,30
2,2012-06-04,2129035.91,No,68.43,3.891,221.0737638,6.891,2012,June,6,Q2,23,4
2,2012-04-13,1935869.1,No,68.08,3.891,221.1484028,6.891,2012,April,4,Q2,15,13
2,2012-04-20,1847344.45,No,65.69,3.877,221.2021074,6.891,2012,April,4,Q2,16,20
2,2012-04-27,1764133.09,No,67.2,3.814,221.255812,6.891,2012,April,4,Q2,17,27
2,2012-04-05,1923957.09,No,76.73,3.749,221.3095166,6.891,2012,April,4,Q2,14,5
2,2012-11-05,1917520.99,No,73.87,3.688,221.3632212,6.891,2012,November,11,Q4,45,5
2,2012-05-18,2000940.67,No,71.27,3.63,221.380331,6.891,2012,May,5,Q2,20,18
2,2012-05-25,1912791.09,No,78.19,3.561,221.3828029,6.891,2012,May,5,Q2,21,25
2,2012-01-06,1910092.37,No,78.38,3.501,221.3852748,6.891,2012,January,1,Q1,1,6
2,2012-08-06,2010216.49,No,78.69,3.452,221.3877467,6.891,2012,August,8,Q3,32,6
2,2012-06-15,1962924.3,No,80.56,3.393,221.4009901,6.891,2012,June,6,Q2,24,15
2,2012-06-22,1887733.21,No,81.04,3.346,221.4411622,6.891,2012,June,6,Q2,25,22
2,2012-06-29,1881046.12,No,86.32,3.286,221.4813343,6.891,2012,June,6,Q2,26,29
2,2012-06-07,2041507.4,No,84.2,3.227,221.5215064,6.565,2012,June,6,Q2,23,7
2,2012-07-13,1830075.13,No,80.17,3.256,221.5616784,6.565,2012,July,7,Q3,28,13
2,2012-07-20,1819666.46,No,83.23,3.311,221.5701123,6.565,2012,July,7,Q3,29,20
2,2012-07-27,1757923.88,No,86.37,3.407,221.5785461,6.565,2012,July,7,Q3,30,27
2,2012-03-08,1946104.64,No,90.22,3.417,221.5869799,6.565,2012,March,3,Q1,10,8
2,2012-10-08,1866719.96,No,88.55,3.494,221.5954138,6.565,2012,October,10,Q4,41,8
2,2012-08-17,1928016.01,No,84.79,3.571,221.6751459,6.565,2012,August,8,Q3,33,17
2,2012-08-24,1876788.15,No,76.91,3.62,221.8083518,6.565,2012,August,8,Q3,34,24
2,2012-08-31,1947083.3,No,82.64,3.638,221.9415576,6.565,2012,August,8,Q3,35,31
2,2012-07-09,1898777.07,Yes,87.65,3.73,222.0747635,6.565,2012,July,7,Q3,28,9
2,2012-09-14,1814806.63,No,75.88,3.717,222.2174395,6.565,2012,September,9,Q3,37,14
2,2012-09-21,1829415.67,No,71.09,3.721,222.4169362,6.565,2012,September,9,Q3,38,21
2,2012-09-28,1746470.56,No,79.45,3.666,222.6164329,6.565,2012,September,9,Q3,39,28
2,2012-05-10,1998321.04,No,70.27,3.617,222.8159296,6.17,2012,May,5,Q2,19,10
2,2012-12-10,1900745.13,No,60.97,3.601,223.0154263,6.17,2012,December,12,Q4,50,10
2,2012-10-19,1847990.41,No,68.08,3.594,223.0598077,6.17,2012,October,10,Q4,42,19
2,2012-10-26,1834458.35,No,69.79,3.506,223.0783366,6.17,2012,October,10,Q4,43,26
3,2010-05-02,461622.22,No,45.71,2.572,214.4248812,7.368,2010,May,5,Q2,17,2
3,2010-12-02,420728.96,Yes,47.93,2.548,214.5747916,7.368,2010,December,12,Q4,48,2
3,2010-02-19,421642.19,No,47.07,2.514,214.6198868,7.368,2010,February,2,Q1,7,19
3,2010-02-26,407204.86,No,52.05,2.561,214.6475127,7.368,2010,February,2,Q1,8,26
3,2010-05-03,415202.04,No,53.04,2.625,214.6751386,7.368,2010,May,5,Q2,18,3
3,2010-12-03,384200.69,No,63.08,2.667,214.7027646,7.368,2010,December,12,Q4,48,3
3,2010-03-19,375328.59,No,60.42,2.72,214.5301219,7.368,2010,March,3,Q1,11,19
3,2010-03-26,359949.27,No,57.06,2.732,214.3241011,7.368,2010,March,3,Q1,12,26
3,2010-02-04,423294.4,No,65.56,2.719,214.1180803,7.343,2010,February,2,Q1,5,4
3,2010-09-04,415870.28,No,68.0,2.77,213.9120595,7.343,2010,September,9,Q3,35,4
3,2010-04-16,354993.26,No,66.98,2.808,213.7726889,7.343,2010,April,4,Q2,15,16
3,2010-04-23,339976.65,No,67.87,2.795,213.7221852,7.343,2010,April,4,Q2,16,23
3,2010-04-30,361248.39,No,70.24,2.78,213.6716815,7.343,2010,April,4,Q2,17,30
3,2010-07-05,399323.86,No,73.47,2.835,213.6211778,7.343,2010,July,7,Q3,27,5
3,2010-05-14,384357.94,No,77.18,2.854,213.6196139,7.343,2010,May,5,Q2,19,14
3,2010-05-21,343763.17,No,75.81,2.826,213.9116886,7.343,2010,May,5,Q2,20,21
3,2010-05-28,350089.23,No,78.6,2.759,214.2037634,7.343,2010,May,5,Q2,21,28
3,2010-04-06,396968.8,No,78.53,2.705,214.4958382,7.343,2010,April,4,Q2,14,6
3,2010-11-06,355017.09,No,82.1,2.668,214.787913,7.343,2010,November,11,Q4,44,6
3,2010-06-18,364076.85,No,83.52,2.637,214.7858259,7.343,2010,June,6,Q2,24,18
3,2010-06-25,357346.48,No,83.79,2.653,214.6660741,7.343,2010,June,6,Q2,25,25
3,2010-02-07,381151.72,No,82.2,2.669,214.5463222,7.346,2010,February,2,Q1,5,7
3,2010-09-07,349214.18,No,81.75,2.642,214.4265704,7.346,2010,September,9,Q3,36,7
3,2010-07-16,352728.78,No,84.32,2.623,214.4176476,7.346,2010,July,7,Q3,28,16
3,2010-07-23,352864.49,No,83.32,2.608,214.5564968,7.346,2010,July,7,Q3,29,23
3,2010-07-30,347955.05,No,82.04,2.64,214.695346,7.346,2010,July,7,Q3,30,30
3,2010-06-08,402635.76,No,85.13,2.627,214.8341952,7.346,2010,June,6,Q2,23,8
3,2010-08-13,339597.38,No,86.74,2.692,214.9730444,7.346,2010,August,8,Q3,32,13
3,2010-08-20,351728.21,No,88.02,2.664,214.9314191,7.346,2010,August,8,Q3,33,20
3,2010-08-27,362134.09,No,86.15,2.619,214.8897938,7.346,2010,August,8,Q3,34,27
3,2010-03-09,366473.97,No,84.16,2.577,214.8481685,7.346,2010,March,3,Q1,10,9
3,2010-10-09,352260.97,Yes,80.84,2.565,214.8065431,7.346,2010,October,10,Q4,40,9
3,2010-09-17,363064.64,No,82.36,2.582,214.8322484,7.346,2010,September,9,Q3,37,17
3,2010-09-24,355626.87,No,76.9,2.624,214.9084516,7.346,2010,September,9,Q3,38,24
3,2010-01-10,358784.1,No,73.6,2.603,214.9846548,7.564,2010,January,1,Q1,1,10
3,2010-08-10,395107.35,No,66.99,2.633,215.060858,7.564,2010,August,8,Q3,32,10
3,2010-10-15,345584.39,No,69.71,2.72,215.1293114,7.564,2010,October,10,Q4,41,15
3,2010-10-22,348895.98,No,71.64,2.725,215.17839,7.564,2010,October,10,Q4,42,22
3,2010-10-29,348591.74,No,72.04,2.716,215.2274686,7.564,2010,October,10,Q4,43,29
3,2010-05-11,423175.56,No,62.94,2.689,215.2765472,7.564,2010,May,5,Q2,19,11
3,2010-12-11,386635.03,No,62.79,2.728,215.3256258,7.564,2010,December,12,Q4,49,11
3,2010-11-19,372545.32,No,57.72,2.771,215.2074519,7.564,2010,November,11,Q4,46,19
3,2010-11-26,565567.84,Yes,68.71,2.735,215.0614025,7.564,2010,November,11,Q4,47,26
3,2010-03-12,476420.77,No,53.76,2.708,214.9153531,7.564,2010,March,3,Q1,10,12
3,2010-10-12,467642.03,No,51.13,2.843,214.7693037,7.564,2010,October,10,Q4,41,12
3,2010-12-17,498159.39,No,52.2,2.869,214.704919,7.564,2010,December,12,Q4,50,17
3,2010-12-24,605990.41,No,57.16,2.886,214.7017828,7.564,2010,December,12,Q4,51,24
3,2010-12-31,382677.76,Yes,53.2,2.943,214.6986466,7.564,2010,December,12,Q4,52,31
3,2011-07-01,378241.34,No,53.35,2.976,214.6955104,7.551,2011,July,7,Q3,26,1
3,2011-01-14,381061.1,No,44.76,2.983,214.7470729,7.551,2011,January,1,Q1,2,14
3,2011-01-21,350876.7,No,50.74,3.016,215.1268275,7.551,2011,January,1,Q1,3,21
3,2011-01-28,364866.24,No,48.71,3.01,215.5065821,7.551,2011,January,1,Q1,4,28
3,2011-04-02,438516.53,No,45.95,2.989,215.8863367,7.551,2011,April,4,Q2,13,2
3,2011-11-02,430526.21,Yes,43.57,3.022,216.2660913,7.551,2011,November,11,Q4,44,2
3,2011-02-18,432782.1,No,61.58,3.045,216.5843571,7.551,2011,February,2,Q1,7,18
3,2011-02-25,397211.19,No,67.4,3.065,216.8780275,7.551,2011,February,2,Q1,8,25
3,2011-04-03,437084.51,No,65.11,3.288,217.1716979,7.551,2011,April,4,Q2,13,3
3,2011-11-03,404753.3,No,61.29,3.459,217.4653683,7.551,2011,November,11,Q4,44,3
3,2011-03-18,392109.51,No,69.47,3.488,217.7235226,7.551,2011,March,3,Q1,11,18
3,2011-03-25,380683.67,No,72.94,3.473,217.9674705,7.551,2011,March,3,Q1,12,25
3,2011-01-04,374556.08,No,68.76,3.524,218.2114184,7.574,2011,January,1,Q1,1,4
3,2011-08-04,384075.31,No,72.55,3.622,218.4553663,7.574,2011,August,8,Q3,31,4
3,2011-04-15,366250.69,No,75.88,3.743,218.6788642,7.574,2011,April,4,Q2,15,15
3,2011-04-22,391860.04,No,76.91,3.807,218.851237,7.574,2011,April,4,Q2,16,22
3,2011-04-29,367405.4,No,78.69,3.81,219.0236099,7.574,2011,April,4,Q2,17,29
3,2011-06-05,413042.12,No,69.45,3.906,219.1959827,7.574,2011,June,6,Q2,22,5
3,2011-05-13,386312.68,No,79.87,3.899,219.3683556,7.574,2011,May,5,Q2,19,13
3,2011-05-20,364603.13,No,75.79,3.907,219.127216,7.574,2011,May,5,Q2,20,20
3,2011-05-27,369350.6,No,84.41,3.786,218.8860765,7.574,2011,May,5,Q2,21,27
3,2011-03-06,394507.84,No,84.29,3.699,218.6449369,7.574,2011,March,3,Q1,9,6
3,2011-10-06,391638.75,No,84.84,3.648,218.4037974,7.574,2011,October,10,Q4,40,6
3,2011-06-17,403423.34,No,86.96,3.637,218.3551748,7.574,2011,June,6,Q2,24,17
3,2011-06-24,385520.71,No,84.94,3.594,218.45094,7.574,2011,June,6,Q2,25,24
3,2011-01-07,368962.72,No,85.1,3.524,218.5467052,7.567,2011,January,1,Q1,1,7
3,2011-08-07,395146.24,No,85.38,3.48,218.6424704,7.567,2011,August,8,Q3,31,7
3,2011-07-15,373454.33,No,87.14,3.575,218.7275216,7.567,2011,July,7,Q3,28,15
3,2011-07-22,360617.37,No,86.19,3.651,218.7857881,7.567,2011,July,7,Q3,29,22
3,2011-07-29,345381.29,No,88.07,3.682,218.8440545,7.567,2011,July,7,Q3,30,29
3,2011-05-08,409981.25,No,88.45,3.684,218.9023209,7.567,2011,May,5,Q2,18,8
3,2011-12-08,380376.85,No,88.88,3.638,218.9605873,7.567,2011,December,12,Q4,49,8
3,2011-08-19,379716.91,No,88.44,3.554,219.023271,7.567,2011,August,8,Q3,33,19
3,2011-08-26,366367.55,No,87.67,3.523,219.0866908,7.567,2011,August,8,Q3,34,26
3,2011-02-09,375988.69,No,89.12,3.533,219.1501106,7.567,2011,February,2,Q1,6,9
3,2011-09-09,377347.49,Yes,81.72,3.546,219.2135305,7.567,2011,September,9,Q3,36,9
3,2011-09-16,375629.51,No,83.63,3.526,219.3972867,7.567,2011,September,9,Q3,37,16
3,2011-09-23,365248.94,No,80.19,3.467,219.7414914,7.567,2011,September,9,Q3,38,23
3,2011-09-30,368477.93,No,82.58,3.355,220.085696,7.567,2011,September,9,Q3,39,30
3,2011-07-10,403342.4,No,75.54,3.285,220.4299007,7.197,2011,July,7,Q3,27,10
3,2011-10-14,368282.57,No,73.75,3.274,220.7486167,7.197,2011,October,10,Q4,41,14
3,2011-10-21,394976.36,No,69.03,3.353,220.9144005,7.197,2011,October,10,Q4,42,21
3,2011-10-28,389540.62,No,71.04,3.372,221.0801842,7.197,2011,October,10,Q4,43,28
3,2011-04-11,459443.22,No,59.31,3.332,221.245968,7.197,2011,April,4,Q2,15,11
3,2011-11-11,407764.25,No,61.7,3.297,221.4117517,7.197,2011,November,11,Q4,45,11
3,2011-11-18,398838.97,No,63.91,3.308,221.6432852,7.197,2011,November,11,Q4,46,18
3,2011-11-25,556925.19,Yes,68.0,3.236,221.9011185,7.197,2011,November,11,Q4,47,25
3,2011-02-12,472511.32,No,54.97,3.172,222.1589519,7.197,2011,February,2,Q1,6,12
3,2011-09-12,468772.8,No,49.26,3.158,222.4167852,7.197,2011,September,9,Q3,37,12
3,2011-12-16,510747.62,No,57.95,3.159,222.6426418,7.197,2011,December,12,Q4,50,16
3,2011-12-23,551221.21,No,53.41,3.112,222.8258628,7.197,2011,December,12,Q4,51,23
3,2011-12-30,410553.88,Yes,48.29,3.129,223.0090839,7.197,2011,December,12,Q4,52,30
3,2012-06-01,398178.21,No,52.42,3.157,223.1923049,6.833,2012,June,6,Q2,22,1
3,2012-01-13,367438.62,No,51.86,3.261,223.3755259,6.833,2012,January,1,Q1,2,13
3,2012-01-20,365818.61,No,56.2,3.268,223.4700552,6.833,2012,January,1,Q1,3,20
3,2012-01-27,349518.1,No,58.06,3.29,223.5645845,6.833,2012,January,1,Q1,4,27
3,2012-03-02,424960.66,No,59.33,3.36,223.6591137,6.833,2012,March,3,Q1,9,2
3,2012-10-02,473292.47,Yes,51.65,3.409,223.753643,6.833,2012,October,10,Q4,40,2
3,2012-02-17,475591.08,No,52.39,3.51,223.9170153,6.833,2012,February,2,Q1,7,17
3,2012-02-24,418925.47,No,60.12,3.555,224.1320199,6.833,2012,February,2,Q1,8,24
3,2012-02-03,469752.56,No,61.65,3.63,224.3470245,6.833,2012,February,2,Q1,5,3
3,2012-09-03,445162.05,No,60.71,3.669,224.5620291,6.833,2012,September,9,Q3,36,3
3,2012-03-16,411775.8,No,64.0,3.734,224.7166953,6.833,2012,March,3,Q1,11,16
3,2012-03-23,413907.25,No,66.53,3.787,224.7909104,6.833,2012,March,3,Q1,12,23
3,2012-03-30,407488.84,No,69.36,3.845,224.8651254,6.833,2012,March,3,Q1,13,30
3,2012-06-04,503232.13,No,73.01,3.891,224.9393405,6.664,2012,June,6,Q2,23,4
3,2012-04-13,420789.74,No,72.83,3.891,225.0135556,6.664,2012,April,4,Q2,15,13
3,2012-04-20,434822.13,No,72.05,3.877,225.0689541,6.664,2012,April,4,Q2,16,20
3,2012-04-27,394616.11,No,73.39,3.814,225.1243526,6.664,2012,April,4,Q2,17,27
3,2012-04-05,439913.57,No,79.51,3.749,225.1797511,6.664,2012,April,4,Q2,14,5
3,2012-11-05,431985.36,No,75.19,3.688,225.2351496,6.664,2012,November,11,Q4,45,5
3,2012-05-18,418112.76,No,72.38,3.63,225.2512024,6.664,2012,May,5,Q2,20,18
3,2012-05-25,413701.29,No,78.58,3.561,225.2515168,6.664,2012,May,5,Q2,21,25
3,2012-01-06,432268.53,No,81.55,3.501,225.2518313,6.664,2012,January,1,Q1,1,6
3,2012-08-06,446336.8,No,81.65,3.452,225.2521458,6.664,2012,August,8,Q3,32,6
3,2012-06-15,442074.79,No,84.66,3.393,225.2644795,6.664,2012,June,6,Q2,24,15
3,2012-06-22,419497.95,No,82.7,3.346,225.3068615,6.664,2012,June,6,Q2,25,22
3,2012-06-29,422965.33,No,86.42,3.286,225.3492435,6.664,2012,June,6,Q2,26,29
3,2012-06-07,411206.5,No,83.14,3.227,225.3916254,6.334,2012,June,6,Q2,23,7
3,2012-07-13,416913.1,No,82.28,3.256,225.4340074,6.334,2012,July,7,Q3,28,13
3,2012-07-20,432424.85,No,81.38,3.311,225.4438827,6.334,2012,July,7,Q3,29,20
3,2012-07-27,389427.9,No,84.94,3.407,225.4537579,6.334,2012,July,7,Q3,30,27
3,2012-03-08,419990.29,No,86.55,3.417,225.4636332,6.334,2012,March,3,Q1,10,8
3,2012-10-08,391811.6,No,85.85,3.494,225.4735085,6.334,2012,October,10,Q4,41,8
3,2012-08-17,394918.83,No,87.36,3.571,225.5558664,6.334,2012,August,8,Q3,33,17
3,2012-08-24,412449.67,No,83.01,3.62,225.6925864,6.334,2012,August,8,Q3,34,24
3,2012-08-31,408838.73,No,85.18,3.638,225.8293063,6.334,2012,August,8,Q3,35,31
3,2012-07-09,408229.73,Yes,84.99,3.73,225.9660263,6.334,2012,July,7,Q3,28,9
3,2012-09-14,407589.16,No,78.36,3.717,226.1122067,6.334,2012,September,9,Q3,37,14
3,2012-09-21,414392.09,No,72.78,3.721,226.3151496,6.334,2012,September,9,Q3,38,21
3,2012-09-28,389813.02,No,77.46,3.666,226.5180926,6.334,2012,September,9,Q3,39,28
3,2012-05-10,443557.65,No,72.74,3.617,226.7210356,6.034,2012,May,5,Q2,19,10
3,2012-12-10,410804.39,No,70.31,3.601,226.9239785,6.034,2012,December,12,Q4,50,10
3,2012-10-19,424513.08,No,73.44,3.594,226.9688442,6.034,2012,October,10,Q4,42,19
3,2012-10-26,405432.7,No,74.66,3.506,226.9873637,6.034,2012,October,10,Q4,43,26
4,2010-05-02,2135143.87,No,43.76,2.598,126.4420645,8.623,2010,May,5,Q2,17,2
4,2010-12-02,2188307.39,Yes,28.84,2.573,126.4962581,8.623,2010,December,12,Q4,48,2
4,2010-02-19,2049860.26,No,36.45,2.54,126.5262857,8.623,2010,February,2,Q1,7,19
4,2010-02-26,1925728.84,No,41.36,2.59,126.5522857,8.623,2010,February,2,Q1,8,26
4,2010-05-03,1971057.44,No,43.49,2.654,126.5782857,8.623,2010,May,5,Q2,18,3
4,2010-12-03,1894324.09,No,49.63,2.704,126.6042857,8.623,2010,December,12,Q4,48,3
4,2010-03-19,1897429.36,No,55.19,2.743,126.6066452,8.623,2010,March,3,Q1,11,19
4,2010-03-26,1762539.3,No,39.91,2.752,126.6050645,8.623,2010,March,3,Q1,12,26
4,2010-02-04,1979247.12,No,48.77,2.74,126.6034839,7.896,2010,February,2,Q1,5,4
4,2010-09-04,1818452.72,No,54.16,2.773,126.6019032,7.896,2010,September,9,Q3,35,4
4,2010-04-16,1851519.69,No,56.23,2.81,126.5621,7.896,2010,April,4,Q2,15,16
4,2010-04-23,1802677.9,No,56.87,2.805,126.4713333,7.896,2010,April,4,Q2,16,23
4,2010-04-30,1817273.28,No,53.04,2.787,126.3805667,7.896,2010,April,4,Q2,17,30
4,2010-07-05,2000626.14,No,56.77,2.836,126.2898,7.896,2010,July,7,Q3,27,5
4,2010-05-14,1875597.28,No,62.35,2.845,126.2085484,7.896,2010,May,5,Q2,19,14
4,2010-05-21,1903752.6,No,67.4,2.82,126.1843871,7.896,2010,May,5,Q2,20,21
4,2010-05-28,1857533.7,No,67.73,2.756,126.1602258,7.896,2010,May,5,Q2,21,28
4,2010-04-06,1903290.58,No,70.83,2.701,126.1360645,7.896,2010,April,4,Q2,14,6
4,2010-11-06,1870619.23,No,78.45,2.668,126.1119032,7.896,2010,November,11,Q4,44,6
4,2010-06-18,1929736.35,No,81.53,2.635,126.114,7.896,2010,June,6,Q2,24,18
4,2010-06-25,1846651.95,No,81.1,2.654,126.1266,7.896,2010,June,6,Q2,25,25
4,2010-02-07,1881337.21,No,73.66,2.668,126.1392,7.372,2010,February,2,Q1,5,7
4,2010-09-07,1812208.22,No,80.35,2.637,126.1518,7.372,2010,September,9,Q3,36,7
4,2010-07-16,1898427.66,No,78.53,2.621,126.1498065,7.372,2010,July,7,Q3,28,16
4,2010-07-23,1848426.78,No,79.78,2.612,126.1283548,7.372,2010,July,7,Q3,29,23
4,2010-07-30,1796637.61,No,80.7,2.65,126.1069032,7.372,2010,July,7,Q3,30,30
4,2010-06-08,1907638.58,No,76.53,2.64,126.0854516,7.372,2010,June,6,Q2,23,8
4,2010-08-13,2007050.75,No,78.08,2.698,126.064,7.372,2010,August,8,Q3,32,13
4,2010-08-20,1997181.09,No,78.83,2.671,126.0766452,7.372,2010,August,8,Q3,33,20
4,2010-08-27,1848403.92,No,74.44,2.621,126.0892903,7.372,2010,August,8,Q3,34,27
4,2010-03-09,1935857.58,No,76.8,2.584,126.1019355,7.372,2010,March,3,Q1,10,9
4,2010-10-09,1865820.81,Yes,73.54,2.574,126.1145806,7.372,2010,October,10,Q4,40,9
4,2010-09-17,1899959.61,No,64.91,2.594,126.1454667,7.372,2010,September,9,Q3,37,17
4,2010-09-24,1810684.68,No,60.96,2.642,126.1900333,7.372,2010,September,9,Q3,38,24
4,2010-01-10,1842821.02,No,63.96,2.619,126.2346,7.127,2010,January,1,Q1,1,10
4,2010-08-10,1951494.85,No,67.73,2.645,126.2791667,7.127,2010,August,8,Q3,32,10
4,2010-10-15,1867345.09,No,62.03,2.732,126.3266774,7.127,2010,October,10,Q4,41,15
4,2010-10-22,1927610.06,No,64.17,2.736,126.3815484,7.127,2010,October,10,Q4,42,22
4,2010-10-29,1933333.0,No,56.94,2.718,126.4364194,7.127,2010,October,10,Q4,43,29
4,2010-05-11,2013115.79,No,51.6,2.699,126.4912903,7.127,2010,May,5,Q2,19,11
4,2010-12-11,1999794.26,No,52.65,2.741,126.5461613,7.127,2010,December,12,Q4,49,11
4,2010-11-19,2097809.4,No,48.05,2.78,126.6072,7.127,2010,November,11,Q4,46,19
4,2010-11-26,2789469.45,Yes,48.08,2.752,126.6692667,7.127,2010,November,11,Q4,47,26
4,2010-03-12,2102530.17,No,46.4,2.727,126.7313333,7.127,2010,March,3,Q1,10,12
4,2010-10-12,2302504.86,No,42.4,2.86,126.7934,7.127,2010,October,10,Q4,41,12
4,2010-12-17,2740057.14,No,46.57,2.884,126.8794839,7.127,2010,December,12,Q4,50,17
4,2010-12-24,3526713.39,No,43.21,2.887,126.9835806,7.127,2010,December,12,Q4,51,24
4,2010-12-31,1794868.74,Yes,38.09,2.955,127.0876774,7.127,2010,December,12,Q4,52,31
4,2011-07-01,1862476.27,No,39.34,2.98,127.1917742,6.51,2011,July,7,Q3,26,1
4,2011-01-14,1865502.46,No,31.6,2.992,127.3009355,6.51,2011,January,1,Q1,2,14
4,2011-01-21,1886393.94,No,38.34,3.017,127.4404839,6.51,2011,January,1,Q1,3,21
4,2011-01-28,1814240.85,No,40.6,3.022,127.5800323,6.51,2011,January,1,Q1,4,28
4,2011-04-02,2119086.04,No,34.61,2.996,127.7195806,6.51,2011,April,4,Q2,13,2
4,2011-11-02,2187847.29,Yes,33.29,3.033,127.859129,6.51,2011,November,11,Q4,44,2
4,2011-02-18,2316495.56,No,48.17,3.058,127.99525,6.51,2011,February,2,Q1,7,18
4,2011-02-25,2078094.69,No,49.0,3.087,128.13,6.51,2011,February,2,Q1,8,25
4,2011-04-03,2103455.75,No,46.56,3.305,128.26475,6.51,2011,April,4,Q2,13,3
4,2011-11-03,2039818.41,No,50.93,3.461,128.3995,6.51,2011,November,11,Q4,44,3
4,2011-03-18,2116475.38,No,51.86,3.495,128.5121935,6.51,2011,March,3,Q1,11,18
4,2011-03-25,1944164.32,No,59.1,3.48,128.6160645,6.51,2011,March,3,Q1,12,25
4,2011-01-04,1900246.47,No,56.99,3.521,128.7199355,5.946,2011,January,1,Q1,1,4
4,2011-08-04,2074953.46,No,62.61,3.605,128.8238065,5.946,2011,August,8,Q3,31,4
4,2011-04-15,1960587.76,No,62.34,3.724,128.9107333,5.946,2011,April,4,Q2,15,15
4,2011-04-22,2220600.76,No,68.8,3.781,128.9553,5.946,2011,April,4,Q2,16,22
4,2011-04-29,1878167.44,No,64.22,3.781,128.9998667,5.946,2011,April,4,Q2,17,29
4,2011-06-05,2063682.76,No,63.41,3.866,129.0444333,5.946,2011,June,6,Q2,22,5
4,2011-05-13,2002362.37,No,70.65,3.872,129.089,5.946,2011,May,5,Q2,19,13
4,2011-05-20,2015563.48,No,70.49,3.881,129.0756774,5.946,2011,May,5,Q2,20,20
4,2011-05-27,1986597.95,No,73.65,3.771,129.0623548,5.946,2011,May,5,Q2,21,27
4,2011-03-06,2065377.15,No,78.26,3.683,129.0490323,5.946,2011,March,3,Q1,9,6
4,2011-10-06,2073951.38,No,80.05,3.64,129.0357097,5.946,2011,October,10,Q4,40,6
4,2011-06-17,2141210.62,No,83.51,3.618,129.0432,5.946,2011,June,6,Q2,24,17
4,2011-06-24,2008344.92,No,81.85,3.57,129.0663,5.946,2011,June,6,Q2,25,24
4,2011-01-07,2051533.53,No,84.54,3.504,129.0894,5.644,2011,January,1,Q1,1,7
4,2011-08-07,2066541.86,No,84.59,3.469,129.1125,5.644,2011,August,8,Q3,31,7
4,2011-07-15,2049046.95,No,83.27,3.563,129.1338387,5.644,2011,July,7,Q3,28,15
4,2011-07-22,2036231.39,No,82.84,3.627,129.1507742,5.644,2011,July,7,Q3,29,22
4,2011-07-29,1989674.07,No,84.36,3.659,129.1677097,5.644,2011,July,7,Q3,30,29
4,2011-05-08,2160057.39,No,86.09,3.662,129.1846452,5.644,2011,May,5,Q2,18,8
4,2011-12-08,2105668.74,No,82.98,3.617,129.2015806,5.644,2011,December,12,Q4,49,8
4,2011-08-19,2232892.1,No,82.77,3.55,129.2405806,5.644,2011,August,8,Q3,33,19
4,2011-08-26,1988490.21,No,81.47,3.523,129.2832581,5.644,2011,August,8,Q3,34,26
4,2011-02-09,2078420.31,No,77.99,3.533,129.3259355,5.644,2011,February,2,Q1,6,9
4,2011-09-09,2093139.01,Yes,73.34,3.554,129.3686129,5.644,2011,September,9,Q3,36,9
4,2011-09-16,2075577.33,No,72.76,3.532,129.4306,5.644,2011,September,9,Q3,37,16
4,2011-09-23,2031406.41,No,69.23,3.473,129.5183333,5.644,2011,September,9,Q3,38,23
4,2011-09-30,1929486.63,No,72.15,3.371,129.6060667,5.644,2011,September,9,Q3,39,30
4,2011-07-10,2166737.65,No,65.79,3.299,129.6938,5.143,2011,July,7,Q3,27,10
4,2011-10-14,2074548.85,No,63.75,3.283,129.7706452,5.143,2011,October,10,Q4,41,14
4,2011-10-21,2207742.13,No,64.79,3.361,129.7821613,5.143,2011,October,10,Q4,42,21
4,2011-10-28,2151659.59,No,55.31,3.362,129.7936774,5.143,2011,October,10,Q4,43,28
4,2011-04-11,2281217.31,No,49.86,3.322,129.8051935,5.143,2011,April,4,Q2,15,11
4,2011-11-11,2203028.96,No,47.12,3.286,129.8167097,5.143,2011,November,11,Q4,45,11
4,2011-11-18,2243946.59,No,50.44,3.294,129.8268333,5.143,2011,November,11,Q4,46,18
4,2011-11-25,3004702.33,Yes,47.96,3.225,129.8364,5.143,2011,November,11,Q4,47,25
4,2011-02-12,2180999.26,No,38.71,3.176,129.8459667,5.143,2011,February,2,Q1,6,12
4,2011-09-12,2508955.24,No,31.64,3.153,129.8555333,5.143,2011,September,9,Q3,37,12
4,2011-12-16,2771397.17,No,36.44,3.149,129.8980645,5.143,2011,December,12,Q4,50,16
4,2011-12-23,3676388.98,No,35.92,3.103,129.9845484,5.143,2011,December,12,Q4,51,23
4,2011-12-30,2007105.86,Yes,36.89,3.119,130.0710323,5.143,2011,December,12,Q4,52,30
4,2012-06-01,2047766.07,No,38.64,3.158,130.1575161,4.607,2012,June,6,Q2,22,1
4,2012-01-13,1941676.61,No,34.41,3.263,130.244,4.607,2012,January,1,Q1,2,13
4,2012-01-20,2005097.76,No,42.09,3.273,130.2792258,4.607,2012,January,1,Q1,3,20
4,2012-01-27,1928720.51,No,40.31,3.29,130.3144516,4.607,2012,January,1,Q1,4,27
4,2012-03-02,2173373.91,No,41.81,3.354,130.3496774,4.607,2012,March,3,Q1,9,2
4,2012-10-02,2374660.64,Yes,33.0,3.411,130.3849032,4.607,2012,October,10,Q4,40,2
4,2012-02-17,2427640.17,No,34.19,3.493,130.4546207,4.607,2012,February,2,Q1,7,17
4,2012-02-24,2226662.17,No,41.31,3.541,130.5502069,4.607,2012,February,2,Q1,8,24
4,2012-02-03,2206319.9,No,50.38,3.619,130.6457931,4.607,2012,February,2,Q1,5,3
4,2012-09-03,2202450.81,No,53.63,3.667,130.7413793,4.607,2012,September,9,Q3,36,3
4,2012-03-16,2214967.44,No,59.81,3.707,130.8261935,4.607,2012,March,3,Q1,11,16
4,2012-03-23,2091592.54,No,59.07,3.759,130.8966452,4.607,2012,March,3,Q1,12,23
4,2012-03-30,2089381.77,No,72.63,3.82,130.9670968,4.607,2012,March,3,Q1,13,30
4,2012-06-04,2470206.13,No,67.69,3.864,131.0375484,4.308,2012,June,6,Q2,23,4
4,2012-04-13,2105301.39,No,68.69,3.881,131.108,4.308,2012,April,4,Q2,15,13
4,2012-04-20,2144336.89,No,68.6,3.864,131.1173333,4.308,2012,April,4,Q2,16,20
4,2012-04-27,2064065.66,No,76.47,3.81,131.1266667,4.308,2012,April,4,Q2,17,27
4,2012-04-05,2196968.33,No,80.14,3.747,131.136,4.308,2012,April,4,Q2,14,5
4,2012-11-05,2127661.17,No,67.64,3.685,131.1453333,4.308,2012,November,11,Q4,45,5
4,2012-05-18,2207214.81,No,68.43,3.62,131.0983226,4.308,2012,May,5,Q2,20,18
4,2012-05-25,2154137.67,No,77.47,3.551,131.0287742,4.308,2012,May,5,Q2,21,25
4,2012-01-06,2179360.94,No,77.41,3.483,130.9592258,4.308,2012,January,1,Q1,1,6
4,2012-08-06,2245257.18,No,78.11,3.433,130.8896774,4.308,2012,August,8,Q3,32,6
4,2012-06-15,2234190.93,No,80.94,3.372,130.8295333,4.308,2012,June,6,Q2,24,15
4,2012-06-22,2197299.65,No,81.63,3.329,130.7929,4.308,2012,June,6,Q2,25,22
4,2012-06-29,2128362.92,No,84.23,3.257,130.7562667,4.308,2012,June,6,Q2,26,29
4,2012-06-07,2224499.28,No,80.37,3.187,130.7196333,4.077,2012,June,6,Q2,23,7
4,2012-07-13,2100252.61,No,76.86,3.224,130.683,4.077,2012,July,7,Q3,28,13
4,2012-07-20,2175563.69,No,79.14,3.263,130.7012903,4.077,2012,July,7,Q3,29,20
4,2012-07-27,2048613.65,No,81.06,3.356,130.7195806,4.077,2012,July,7,Q3,30,27
4,2012-03-08,2174514.13,No,83.86,3.374,130.737871,4.077,2012,March,3,Q1,10,8
4,2012-10-08,2193367.69,No,83.21,3.476,130.7561613,4.077,2012,October,10,Q4,41,8
4,2012-08-17,2283540.3,No,81.41,3.552,130.7909677,4.077,2012,August,8,Q3,33,17
4,2012-08-24,2125241.68,No,75.76,3.61,130.8381613,4.077,2012,August,8,Q3,34,24
4,2012-08-31,2081181.35,No,76.47,3.646,130.8853548,4.077,2012,August,8,Q3,35,31
4,2012-07-09,2125104.72,Yes,82.09,3.709,130.9325484,4.077,2012,July,7,Q3,28,9
4,2012-09-14,2117854.6,No,68.2,3.706,130.9776667,4.077,2012,September,9,Q3,37,14
4,2012-09-21,2119438.53,No,68.97,3.721,131.0103333,4.077,2012,September,9,Q3,38,21
4,2012-09-28,2027620.23,No,71.74,3.666,131.043,4.077,2012,September,9,Q3,39,28
4,2012-05-10,2209835.43,No,63.07,3.62,131.0756667,3.879,2012,May,5,Q2,19,10
4,2012-12-10,2133026.07,No,57.11,3.603,131.1083333,3.879,2012,December,12,Q4,50,10
4,2012-10-19,2097266.85,No,64.46,3.61,131.1499677,3.879,2012,October,10,Q4,42,19
4,2012-10-26,2149594.46,No,63.64,3.514,131.1930968,3.879,2012,October,10,Q4,43,26
5,2010-05-02,317173.1,No,39.7,2.572,211.6539716,6.566,2010,May,5,Q2,17,2
5,2010-12-02,311825.7,Yes,39.81,2.548,211.8004698,6.566,2010,December,12,Q4,48,2
5,2010-02-19,303447.57,No,41.14,2.514,211.8471283,6.566,2010,February,2,Q1,7,19
5,2010-02-26,270281.63,No,46.7,2.561,211.8771468,6.566,2010,February,2,Q1,8,26
5,2010-05-03,288855.71,No,48.89,2.625,211.9071653,6.566,2010,May,5,Q2,18,3
5,2010-12-03,297293.59,No,58.5,2.667,211.9371839,6.566,2010,December,12,Q4,48,3
5,2010-03-19,281706.41,No,55.46,2.72,211.770897,6.566,2010,March,3,Q1,11,19
5,2010-03-26,273282.97,No,52.47,2.732,211.5718925,6.566,2010,March,3,Q1,12,26
5,2010-02-04,331406.0,No,63.18,2.719,211.372888,6.465,2010,February,2,Q1,5,4
5,2010-09-04,328020.49,No,65.19,2.77,211.1738835,6.465,2010,September,9,Q3,35,4
5,2010-04-16,306858.69,No,65.3,2.808,211.0388528,6.465,2010,April,4,Q2,15,16
5,2010-04-23,288839.73,No,65.13,2.795,210.9891204,6.465,2010,April,4,Q2,16,23
5,2010-04-30,298697.84,No,67.53,2.78,210.939388,6.465,2010,April,4,Q2,17,30
5,2010-07-05,333522.6,No,71.53,2.835,210.8896556,6.465,2010,July,7,Q3,27,5
5,2010-05-14,296673.77,No,74.79,2.854,210.8872772,6.465,2010,May,5,Q2,19,14
5,2010-05-21,301615.49,No,75.2,2.826,211.169023,6.465,2010,May,5,Q2,20,21
5,2010-05-28,310013.11,No,79.81,2.759,211.4507688,6.465,2010,May,5,Q2,21,28
5,2010-04-06,337825.89,No,79.54,2.705,211.7325146,6.465,2010,April,4,Q2,14,6
5,2010-11-06,296641.91,No,80.7,2.668,212.0142605,6.465,2010,November,11,Q4,44,6
5,2010-06-18,313795.6,No,83.91,2.637,212.0119769,6.465,2010,June,6,Q2,24,18
5,2010-06-25,295257.3,No,83.72,2.653,211.8960815,6.465,2010,June,6,Q2,25,25
5,2010-02-07,305993.27,No,81.25,2.669,211.7801861,6.496,2010,February,2,Q1,5,7
5,2010-09-07,291808.87,No,81.14,2.642,211.6642907,6.496,2010,September,9,Q3,36,7
5,2010-07-16,280701.7,No,83.98,2.623,211.6561123,6.496,2010,July,7,Q3,28,16
5,2010-07-23,274742.63,No,83.66,2.608,211.7915565,6.496,2010,July,7,Q3,29,23
5,2010-07-30,268929.03,No,82.46,2.64,211.9270006,6.496,2010,July,7,Q3,30,30
5,2010-06-08,303043.02,No,86.1,2.627,212.0624447,6.496,2010,June,6,Q2,23,8
5,2010-08-13,286477.35,No,87.41,2.692,212.1978889,6.496,2010,August,8,Q3,32,13
5,2010-08-20,287205.38,No,87.71,2.664,212.1608984,6.496,2010,August,8,Q3,33,20
5,2010-08-27,288519.75,No,87.05,2.619,212.123908,6.496,2010,August,8,Q3,34,27
5,2010-03-09,323798.0,No,84.06,2.577,212.0869176,6.496,2010,March,3,Q1,10,9
5,2010-10-09,306533.08,Yes,79.86,2.565,212.0499271,6.496,2010,October,10,Q4,40,9
5,2010-09-17,282558.65,No,82.28,2.582,212.0769346,6.496,2010,September,9,Q3,37,17
5,2010-09-24,293131.58,No,78.53,2.624,212.1519404,6.496,2010,September,9,Q3,38,24
5,2010-01-10,283178.12,No,71.1,2.603,212.2269463,6.768,2010,January,1,Q1,1,10
5,2010-08-10,290494.85,No,64.99,2.633,212.3019522,6.768,2010,August,8,Q3,32,10
5,2010-10-15,280681.2,No,68.11,2.72,212.3691867,6.768,2010,October,10,Q4,41,15
5,2010-10-22,284988.27,No,70.96,2.725,212.4169928,6.768,2010,October,10,Q4,42,22
5,2010-10-29,278031.81,No,70.58,2.716,212.464799,6.768,2010,October,10,Q4,43,29
5,2010-05-11,325310.3,No,58.88,2.689,212.5126051,6.768,2010,May,5,Q2,19,11
5,2010-12-11,301827.36,No,62.37,2.728,212.5604113,6.768,2010,December,12,Q4,49,11
5,2010-11-19,297384.81,No,52.52,2.771,212.445487,6.768,2010,November,11,Q4,46,19
5,2010-11-26,488362.61,Yes,66.15,2.735,212.303441,6.768,2010,November,11,Q4,47,26
5,2010-03-12,344490.88,No,51.31,2.708,212.1613951,6.768,2010,March,3,Q1,10,12
5,2010-10-12,352811.53,No,48.27,2.843,212.0193491,6.768,2010,October,10,Q4,41,12
5,2010-12-17,367801.19,No,51.61,2.869,211.9580815,6.768,2010,December,12,Q4,50,17
5,2010-12-24,466010.25,No,55.01,2.886,211.9573978,6.768,2010,December,12,Q4,51,24
5,2010-12-31,298180.18,Yes,49.79,2.943,211.9567142,6.768,2010,December,12,Q4,52,31
5,2011-07-01,286347.26,No,48.3,2.976,211.9560305,6.634,2011,July,7,Q3,26,1
5,2011-01-14,260636.71,No,37.74,2.983,212.008514,6.634,2011,January,1,Q1,2,14
5,2011-01-21,275313.34,No,45.41,3.016,212.3800012,6.634,2011,January,1,Q1,3,21
5,2011-01-28,279088.39,No,44.5,3.01,212.7514884,6.634,2011,January,1,Q1,4,28
5,2011-04-02,329613.2,No,41.67,2.989,213.1229755,6.634,2011,April,4,Q2,13,2
5,2011-11-02,311590.54,Yes,38.25,3.022,213.4944627,6.634,2011,November,11,Q4,44,2
5,2011-02-18,356622.61,No,58.83,3.045,213.8068304,6.634,2011,February,2,Q1,7,18
5,2011-02-25,294659.5,No,63.35,3.065,214.0955503,6.634,2011,February,2,Q1,8,25
5,2011-04-03,329033.66,No,60.35,3.288,214.3842702,6.634,2011,April,4,Q2,13,3
5,2011-11-03,293098.1,No,55.74,3.459,214.6729901,6.634,2011,November,11,Q4,44,3
5,2011-03-18,312177.67,No,64.31,3.488,214.9257339,6.634,2011,March,3,Q1,11,18
5,2011-03-25,294732.5,No,70.71,3.473,215.1640872,6.634,2011,March,3,Q1,12,25
5,2011-01-04,314316.55,No,61.5,3.524,215.4024406,6.489,2011,January,1,Q1,1,4
5,2011-08-04,307333.62,No,69.64,3.622,215.6407939,6.489,2011,August,8,Q3,31,4
5,2011-04-15,307913.58,No,72.02,3.743,215.8592673,6.489,2011,April,4,Q2,15,15
5,2011-04-22,328415.44,No,74.34,3.807,216.0280407,6.489,2011,April,4,Q2,16,22
5,2011-04-29,307291.56,No,74.75,3.81,216.1968142,6.489,2011,April,4,Q2,17,29
5,2011-06-05,322904.68,No,66.27,3.906,216.3655877,6.489,2011,June,6,Q2,22,5
5,2011-05-13,290930.01,No,77.38,3.899,216.5343611,6.489,2011,May,5,Q2,19,13
5,2011-05-20,299614.33,No,71.37,3.907,216.3023847,6.489,2011,May,5,Q2,20,20
5,2011-05-27,297149.69,No,80.14,3.786,216.0704083,6.489,2011,May,5,Q2,21,27
5,2011-03-06,329183.92,No,83.81,3.699,215.8384319,6.489,2011,March,3,Q1,9,6
5,2011-10-06,304984.14,No,83.61,3.648,215.6064555,6.489,2011,October,10,Q4,40,6
5,2011-06-17,304811.82,No,86.84,3.637,215.560463,6.489,2011,June,6,Q2,24,17
5,2011-06-24,302881.64,No,84.76,3.594,215.6539583,6.489,2011,June,6,Q2,25,24
5,2011-01-07,327093.89,No,85.81,3.524,215.7474537,6.529,2011,January,1,Q1,1,7
5,2011-08-07,310804.93,No,86.64,3.48,215.8409491,6.529,2011,August,8,Q3,31,7
5,2011-07-15,283248.62,No,88.64,3.575,215.9250696,6.529,2011,July,7,Q3,28,15
5,2011-07-22,292539.73,No,86.97,3.651,215.985753,6.529,2011,July,7,Q3,29,22
5,2011-07-29,275142.17,No,89.42,3.682,216.0464364,6.529,2011,July,7,Q3,30,29
5,2011-05-08,317738.56,No,91.07,3.684,216.1071198,6.529,2011,May,5,Q2,18,8
5,2011-12-08,289886.16,No,90.16,3.638,216.1678032,6.529,2011,December,12,Q4,49,8
5,2011-08-19,303643.84,No,89.35,3.554,216.2311855,6.529,2011,August,8,Q3,33,19
5,2011-08-26,310338.17,No,89.18,3.523,216.2950176,6.529,2011,August,8,Q3,34,26
5,2011-02-09,315645.53,No,90.38,3.533,216.3588498,6.529,2011,February,2,Q1,6,9
5,2011-09-09,321110.22,Yes,79.04,3.546,216.4226819,6.529,2011,September,9,Q3,36,9
5,2011-09-16,278529.71,No,83.55,3.526,216.6033083,6.529,2011,September,9,Q3,37,16
5,2011-09-23,291024.98,No,78.01,3.467,216.9396605,6.529,2011,September,9,Q3,38,23
5,2011-09-30,292315.38,No,81.16,3.355,217.2760127,6.529,2011,September,9,Q3,39,30
5,2011-07-10,309111.47,No,71.64,3.285,217.6123648,6.3,2011,July,7,Q3,27,10
5,2011-10-14,286117.72,No,72.36,3.274,217.9237458,6.3,2011,October,10,Q4,41,14
5,2011-10-21,306069.18,No,66.9,3.353,218.0852999,6.3,2011,October,10,Q4,42,21
5,2011-10-28,307035.11,No,69.27,3.372,218.2468539,6.3,2011,October,10,Q4,43,28
5,2011-04-11,353652.23,No,56.71,3.332,218.408408,6.3,2011,April,4,Q2,15,11
5,2011-11-11,311906.7,No,60.71,3.297,218.5699621,6.3,2011,November,11,Q4,45,11
5,2011-11-18,307944.37,No,64.33,3.308,218.793912,6.3,2011,November,11,Q4,46,18
5,2011-11-25,507900.07,Yes,61.93,3.236,219.0428204,6.3,2011,November,11,Q4,47,25
5,2011-02-12,376225.61,No,51.14,3.172,219.2917287,6.3,2011,February,2,Q1,6,12
5,2011-09-12,367433.77,No,44.12,3.158,219.540637,6.3,2011,September,9,Q3,37,12
5,2011-12-16,379530.3,No,54.42,3.159,219.7596266,6.3,2011,December,12,Q4,50,16
5,2011-12-23,458562.24,No,50.33,3.112,219.9387246,6.3,2011,December,12,Q4,51,23
5,2011-12-30,349624.88,Yes,45.62,3.129,220.1178226,6.3,2011,December,12,Q4,52,30
5,2012-06-01,312078.71,No,50.21,3.157,220.2969205,5.943,2012,June,6,Q2,22,1
5,2012-01-13,291454.52,No,48.86,3.261,220.4760185,5.943,2012,January,1,Q1,2,13
5,2012-01-20,287523.98,No,54.65,3.268,220.5694104,5.943,2012,January,1,Q1,3,20
5,2012-01-27,295974.22,No,54.63,3.29,220.6628023,5.943,2012,January,1,Q1,4,27
5,2012-03-02,333948.0,No,57.35,3.36,220.7561941,5.943,2012,March,3,Q1,9,2
5,2012-10-02,349239.88,Yes,48.57,3.409,220.849586,5.943,2012,October,10,Q4,40,2
5,2012-02-17,356427.98,No,48.25,3.51,221.0106341,5.943,2012,February,2,Q1,7,17
5,2012-02-24,312220.47,No,57.75,3.555,221.2224243,5.943,2012,February,2,Q1,8,24
5,2012-02-03,359206.21,No,60.66,3.63,221.4342146,5.943,2012,February,2,Q1,5,3
5,2012-09-03,347295.6,No,57.69,3.669,221.6460048,5.943,2012,September,9,Q3,36,3
5,2012-03-16,339392.54,No,63.55,3.734,221.7989713,5.943,2012,March,3,Q1,11,16
5,2012-03-23,321299.99,No,64.44,3.787,221.8735063,5.943,2012,March,3,Q1,12,23
5,2012-03-30,331318.73,No,67.76,3.845,221.9480412,5.943,2012,March,3,Q1,13,30
5,2012-06-04,402985.7,No,70.4,3.891,222.0225762,5.801,2012,June,6,Q2,23,4
5,2012-04-13,351832.03,No,70.56,3.891,222.0971111,5.801,2012,April,4,Q2,15,13
5,2012-04-20,330063.06,No,67.33,3.877,222.1512315,5.801,2012,April,4,Q2,16,20
5,2012-04-27,324839.74,No,68.96,3.814,222.2053519,5.801,2012,April,4,Q2,17,27
5,2012-04-05,360932.69,No,77.1,3.749,222.2594722,5.801,2012,April,4,Q2,14,5
5,2012-11-05,333870.52,No,73.45,3.688,222.3135926,5.801,2012,November,11,Q4,45,5
5,2012-05-18,336189.66,No,70.45,3.63,222.330443,5.801,2012,May,5,Q2,20,18
5,2012-05-25,341994.48,No,78.23,3.561,222.3323853,5.801,2012,May,5,Q2,21,25
5,2012-01-06,359867.8,No,79.72,3.501,222.3343277,5.801,2012,January,1,Q1,1,6
5,2012-08-06,341704.59,No,81.02,3.452,222.33627,5.801,2012,August,8,Q3,32,6
5,2012-06-15,327383.64,No,81.64,3.393,222.3492901,5.801,2012,June,6,Q2,24,15
5,2012-06-22,325041.68,No,80.57,3.346,222.3900046,5.801,2012,June,6,Q2,25,22
5,2012-06-29,329658.1,No,87.08,3.286,222.4307191,5.801,2012,June,6,Q2,26,29
5,2012-06-07,341214.43,No,82.35,3.227,222.4714336,5.603,2012,June,6,Q2,23,7
5,2012-07-13,316203.64,No,80.78,3.256,222.5121481,5.603,2012,July,7,Q3,28,13
5,2012-07-20,321205.12,No,81.05,3.311,222.5209358,5.603,2012,July,7,Q3,29,20
5,2012-07-27,306827.36,No,85.06,3.407,222.5297234,5.603,2012,July,7,Q3,30,27
5,2012-03-08,324195.17,No,86.91,3.417,222.5385111,5.603,2012,March,3,Q1,10,8
5,2012-10-08,306759.7,No,86.96,3.494,222.5472987,5.603,2012,October,10,Q4,41,8
5,2012-08-17,314014.18,No,87.52,3.571,222.6276753,5.603,2012,August,8,Q3,33,17
5,2012-08-24,320831.36,No,79.45,3.62,222.7617437,5.603,2012,August,8,Q3,34,24
5,2012-08-31,344642.01,No,84.25,3.638,222.8958121,5.603,2012,August,8,Q3,35,31
5,2012-07-09,350648.91,Yes,86.3,3.73,223.0298805,5.603,2012,July,7,Q3,28,9
5,2012-09-14,299800.67,No,76.65,3.717,223.1734167,5.603,2012,September,9,Q3,37,14
5,2012-09-21,307306.76,No,71.09,3.721,223.3737593,5.603,2012,September,9,Q3,38,21
5,2012-09-28,310141.68,No,78.33,3.666,223.5741019,5.603,2012,September,9,Q3,39,28
5,2012-05-10,343048.29,No,71.17,3.617,223.7744444,5.422,2012,May,5,Q2,19,10
5,2012-12-10,325345.41,No,66.24,3.601,223.974787,5.422,2012,December,12,Q4,50,10
5,2012-10-19,313358.15,No,69.17,3.594,224.0192873,5.422,2012,October,10,Q4,42,19
5,2012-10-26,319550.77,No,71.7,3.506,224.0378139,5.422,2012,October,10,Q4,43,26
6,2010-05-02,1652635.1,No,40.43,2.572,212.6223518,7.259,2010,May,5,Q2,17,2
6,2010-12-02,1606283.86,Yes,40.57,2.548,212.7700425,7.259,2010,December,12,Q4,48,2
6,2010-02-19,1567138.07,No,43.58,2.514,212.8161546,7.259,2010,February,2,Q1,7,19
6,2010-02-26,1432953.21,No,47.1,2.561,212.845337,7.259,2010,February,2,Q1,8,26
6,2010-05-03,1601348.82,No,49.63,2.625,212.8745193,7.259,2010,May,5,Q2,18,3
6,2010-12-03,1558621.36,No,58.82,2.667,212.9037017,7.259,2010,December,12,Q4,48,3
6,2010-03-19,1693058.91,No,56.55,2.72,212.7351935,7.259,2010,March,3,Q1,11,19
6,2010-03-26,1472033.38,No,53.74,2.732,212.533737,7.259,2010,March,3,Q1,12,26
6,2010-02-04,1770333.9,No,64.94,2.719,212.3322805,7.092,2010,February,2,Q1,5,4
6,2010-09-04,1667181.82,No,66.15,2.77,212.1308239,7.092,2010,September,9,Q3,35,4
6,2010-04-16,1519846.36,No,65.68,2.808,211.9942765,7.092,2010,April,4,Q2,15,16
6,2010-04-23,1540435.99,No,64.11,2.795,211.9442745,7.092,2010,April,4,Q2,16,23
6,2010-04-30,1498080.16,No,68.91,2.78,211.8942725,7.092,2010,April,4,Q2,17,30
6,2010-07-05,1619920.04,No,73.68,2.835,211.8442706,7.092,2010,July,7,Q3,27,5
6,2010-05-14,1524059.4,No,74.95,2.854,211.8421769,7.092,2010,May,5,Q2,19,14
6,2010-05-21,1531938.44,No,74.8,2.826,212.1275324,7.092,2010,May,5,Q2,20,21
6,2010-05-28,1644470.66,No,78.89,2.759,212.412888,7.092,2010,May,5,Q2,21,28
6,2010-04-06,1857380.09,No,79.44,2.705,212.6982436,7.092,2010,April,4,Q2,14,6
6,2010-11-06,1685652.35,No,81.81,2.668,212.9835992,7.092,2010,November,11,Q4,44,6
6,2010-06-18,1677248.24,No,83.89,2.637,212.9813843,7.092,2010,June,6,Q2,24,18
6,2010-06-25,1640681.88,No,84.2,2.653,212.8641412,7.092,2010,June,6,Q2,25,25
6,2010-02-07,1759777.25,No,80.34,2.669,212.746898,6.973,2010,February,2,Q1,5,7
6,2010-09-07,1690317.99,No,80.93,2.642,212.6296549,6.973,2010,September,9,Q3,36,7
6,2010-07-16,1560120.8,No,83.75,2.623,212.6212163,6.973,2010,July,7,Q3,28,16
6,2010-07-23,1585240.92,No,83.9,2.608,212.7578505,6.973,2010,July,7,Q3,29,23
6,2010-07-30,1532308.78,No,81.37,2.64,212.8944846,6.973,2010,July,7,Q3,30,30
6,2010-06-08,1633241.59,No,86.61,2.627,213.0311188,6.973,2010,June,6,Q2,23,8
6,2010-08-13,1547654.98,No,86.83,2.692,213.1677529,6.973,2010,August,8,Q3,32,13
6,2010-08-20,1539930.5,No,87.36,2.664,213.1291427,6.973,2010,August,8,Q3,33,20
6,2010-08-27,1450766.12,No,85.71,2.619,213.0905324,6.973,2010,August,8,Q3,34,27
6,2010-03-09,1510925.32,No,82.15,2.577,213.0519222,6.973,2010,March,3,Q1,10,9
6,2010-10-09,1424225.44,Yes,78.78,2.565,213.013312,6.973,2010,October,10,Q4,40,9
6,2010-09-17,1308537.75,No,81.78,2.582,213.0398643,6.973,2010,September,9,Q3,37,17
6,2010-09-24,1275591.84,No,76.49,2.624,213.1152886,6.973,2010,September,9,Q3,38,24
6,2010-01-10,1328468.89,No,70.69,2.603,213.1907129,7.007,2010,January,1,Q1,1,10
6,2010-08-10,1360317.9,No,65.21,2.633,213.2661373,7.007,2010,August,8,Q3,32,10
6,2010-10-15,1344580.92,No,68.93,2.72,213.3337977,7.007,2010,October,10,Q4,41,15
6,2010-10-22,1332716.53,No,70.97,2.725,213.3820486,7.007,2010,October,10,Q4,42,22
6,2010-10-29,1385323.7,No,70.39,2.716,213.4302994,7.007,2010,October,10,Q4,43,29
6,2010-05-11,1505442.15,No,59.9,2.689,213.4785503,7.007,2010,May,5,Q2,19,11
6,2010-12-11,1495536.46,No,62.11,2.728,213.5268011,7.007,2010,December,12,Q4,49,11
6,2010-11-19,1518841.45,No,52.99,2.771,213.4107412,7.007,2010,November,11,Q4,46,19
6,2010-11-26,2267452.4,Yes,65.79,2.735,213.2672961,7.007,2010,November,11,Q4,47,26
6,2010-03-12,1677067.24,No,52.3,2.708,213.123851,7.007,2010,March,3,Q1,10,12
6,2010-10-12,1834737.58,No,48.46,2.843,212.9804059,7.007,2010,October,10,Q4,41,12
6,2010-12-17,2090268.95,No,52.24,2.869,212.918049,7.007,2010,December,12,Q4,50,17
6,2010-12-24,2727575.18,No,55.07,2.886,212.9165082,7.007,2010,December,12,Q4,51,24
6,2010-12-31,1464050.02,Yes,49.14,2.943,212.9149674,7.007,2010,December,12,Q4,52,31
6,2011-07-01,1350441.68,No,47.78,2.976,212.9134266,6.858,2011,July,7,Q3,26,1
6,2011-01-14,1306194.55,No,38.37,2.983,212.9655882,6.858,2011,January,1,Q1,2,14
6,2011-01-21,1261253.18,No,46.2,3.016,213.3399647,6.858,2011,January,1,Q1,3,21
6,2011-01-28,1287034.7,No,44.98,3.01,213.7143412,6.858,2011,January,1,Q1,4,28
6,2011-04-02,1514999.17,No,40.59,2.989,214.0887176,6.858,2011,April,4,Q2,13,2
6,2011-11-02,1486920.17,Yes,39.38,3.022,214.4630941,6.858,2011,November,11,Q4,44,2
6,2011-02-18,1572117.54,No,59.61,3.045,214.7775231,6.858,2011,February,2,Q1,7,18
6,2011-02-25,1422600.43,No,62.86,3.065,215.0679731,6.858,2011,February,2,Q1,8,25
6,2011-04-03,1502617.99,No,60.45,3.288,215.3584231,6.858,2011,April,4,Q2,13,3
6,2011-11-03,1494497.39,No,57.71,3.459,215.6488731,6.858,2011,November,11,Q4,44,3
6,2011-03-18,1685375.47,No,65.07,3.488,215.9035078,6.858,2011,March,3,Q1,11,18
6,2011-03-25,1438465.81,No,70.83,3.473,216.1438163,6.858,2011,March,3,Q1,12,25
6,2011-01-04,1459276.77,No,62.25,3.524,216.3841249,6.855,2011,January,1,Q1,1,4
6,2011-08-04,1534594.0,No,70.35,3.622,216.6244334,6.855,2011,August,8,Q3,31,4
6,2011-04-15,1448797.02,No,73.17,3.743,216.8446627,6.855,2011,April,4,Q2,15,15
6,2011-04-22,1639358.93,No,74.24,3.807,217.0146941,6.855,2011,April,4,Q2,16,22
6,2011-04-29,1479249.9,No,75.27,3.81,217.1847255,6.855,2011,April,4,Q2,17,29
6,2011-06-05,1504651.57,No,65.42,3.906,217.3547569,6.855,2011,June,6,Q2,22,5
6,2011-05-13,1453185.65,No,76.95,3.899,217.5247882,6.855,2011,May,5,Q2,19,13
6,2011-05-20,1382783.83,No,72.01,3.907,217.2896095,6.855,2011,May,5,Q2,20,20
6,2011-05-27,1523979.11,No,80.83,3.786,217.0544307,6.855,2011,May,5,Q2,21,27
6,2011-03-06,1705506.29,No,84.01,3.699,216.819252,6.855,2011,March,3,Q1,9,6
6,2011-10-06,1598643.65,No,84.49,3.648,216.5840732,6.855,2011,October,10,Q4,40,6
6,2011-06-17,1622150.33,No,87.08,3.637,216.5371616,6.855,2011,June,6,Q2,24,17
6,2011-06-24,1543365.9,No,85.51,3.594,216.6314502,6.855,2011,June,6,Q2,25,24
6,2011-01-07,1694551.15,No,87.0,3.524,216.7257388,6.925,2011,January,1,Q1,1,7
6,2011-08-07,1709373.62,No,88.36,3.48,216.8200275,6.925,2011,August,8,Q3,31,7
6,2011-07-15,1526801.24,No,88.93,3.575,216.9044732,6.925,2011,July,7,Q3,28,15
6,2011-07-22,1526506.08,No,88.06,3.651,216.964312,6.925,2011,July,7,Q3,29,22
6,2011-07-29,1483991.05,No,90.22,3.682,217.0241507,6.925,2011,July,7,Q3,30,29
6,2011-05-08,1601584.57,No,91.46,3.684,217.0839894,6.925,2011,May,5,Q2,18,8
6,2011-12-08,1484995.38,No,90.49,3.638,217.1438281,6.925,2011,December,12,Q4,49,8
6,2011-08-19,1493544.04,No,89.26,3.554,217.2069662,6.925,2011,August,8,Q3,33,19
6,2011-08-26,1420405.41,No,90.07,3.523,217.2706543,6.925,2011,August,8,Q3,34,26
6,2011-02-09,1481618.74,No,91.22,3.533,217.3343423,6.925,2011,February,2,Q1,6,9
6,2011-09-09,1483574.38,Yes,80.21,3.546,217.3980304,6.925,2011,September,9,Q3,36,9
6,2011-09-16,1351407.79,No,84.94,3.526,217.5797506,6.925,2011,September,9,Q3,37,16
6,2011-09-23,1336044.75,No,78.49,3.467,217.9188471,6.925,2011,September,9,Q3,38,23
6,2011-09-30,1307551.92,No,82.51,3.355,218.2579435,6.925,2011,September,9,Q3,39,30
6,2011-07-10,1481739.2,No,74.1,3.285,218.59704,6.551,2011,July,7,Q3,27,10
6,2011-10-14,1386520.99,No,71.24,3.274,218.9109844,6.551,2011,October,10,Q4,41,14
6,2011-10-21,1417922.37,No,68.53,3.353,219.0740167,6.551,2011,October,10,Q4,42,21
6,2011-10-28,1419445.12,No,69.51,3.372,219.237049,6.551,2011,October,10,Q4,43,28
6,2011-04-11,1523420.38,No,58.54,3.332,219.4000812,6.551,2011,April,4,Q2,15,11
6,2011-11-11,1536176.54,No,61.33,3.297,219.5631135,6.551,2011,November,11,Q4,45,11
6,2011-11-18,1524390.07,No,63.89,3.308,219.7897137,6.551,2011,November,11,Q4,46,18
6,2011-11-25,2249811.55,Yes,62.78,3.236,220.0417412,6.551,2011,November,11,Q4,47,25
6,2011-02-12,1688531.34,No,51.18,3.172,220.2937686,6.551,2011,February,2,Q1,6,12
6,2011-09-12,1903385.14,No,43.64,3.158,220.5457961,6.551,2011,September,9,Q3,37,12
6,2011-12-16,2034695.56,No,53.27,3.159,220.7671856,6.551,2011,December,12,Q4,50,16
6,2011-12-23,2644633.02,No,49.45,3.112,220.9477245,6.551,2011,December,12,Q4,51,23
6,2011-12-30,1598080.52,Yes,46.8,3.129,221.1282634,6.551,2011,December,12,Q4,52,30
6,2012-06-01,1395339.71,No,50.82,3.157,221.3088023,6.132,2012,June,6,Q2,22,1
6,2012-01-13,1344243.17,No,48.33,3.261,221.4893412,6.132,2012,January,1,Q1,2,13
6,2012-01-20,1326255.7,No,55.37,3.268,221.5831306,6.132,2012,January,1,Q1,3,20
6,2012-01-27,1315610.66,No,53.95,3.29,221.6769199,6.132,2012,January,1,Q1,4,27
6,2012-03-02,1496305.78,No,57.45,3.36,221.7707093,6.132,2012,March,3,Q1,9,2
6,2012-10-02,1620603.92,Yes,48.58,3.409,221.8644987,6.132,2012,October,10,Q4,40,2
6,2012-02-17,1632616.09,No,49.03,3.51,222.026359,6.132,2012,February,2,Q1,7,17
6,2012-02-24,1465187.71,No,59.17,3.555,222.2392726,6.132,2012,February,2,Q1,8,24
6,2012-02-03,1550385.65,No,60.32,3.63,222.4521862,6.132,2012,February,2,Q1,5,3
6,2012-09-03,1569304.4,No,57.89,3.669,222.6650998,6.132,2012,September,9,Q3,36,3
6,2012-03-16,1748010.29,No,62.8,3.734,222.8186603,6.132,2012,March,3,Q1,11,16
6,2012-03-23,1495143.62,No,63.71,3.787,222.8930835,6.132,2012,March,3,Q1,12,23
6,2012-03-30,1508933.26,No,67.91,3.845,222.9675066,6.132,2012,March,3,Q1,13,30
6,2012-06-04,1840131.19,No,71.6,3.891,223.0419298,5.964,2012,June,6,Q2,23,4
6,2012-04-13,1616394.45,No,71.29,3.891,223.1163529,5.964,2012,April,4,Q2,15,13
6,2012-04-20,1456073.24,No,68.64,3.877,223.17092,5.964,2012,April,4,Q2,16,20
6,2012-04-27,1456221.1,No,71.5,3.814,223.2254871,5.964,2012,April,4,Q2,17,27
6,2012-04-05,1543461.12,No,77.66,3.749,223.2800541,5.964,2012,April,4,Q2,14,5
6,2012-11-05,1517075.67,No,72.66,3.688,223.3346212,5.964,2012,November,11,Q4,45,5
6,2012-05-18,1513635.64,No,70.5,3.63,223.3511928,5.964,2012,May,5,Q2,20,18
6,2012-05-25,1603793.42,No,78.47,3.561,223.3525662,5.964,2012,May,5,Q2,21,25
6,2012-01-06,1681121.38,No,80.39,3.501,223.3539397,5.964,2012,January,1,Q1,1,6
6,2012-08-06,1696619.52,No,80.5,3.452,223.3553131,5.964,2012,August,8,Q3,32,6
6,2012-06-15,1642247.48,No,82.1,3.393,223.3680933,5.964,2012,June,6,Q2,24,15
6,2012-06-22,1618272.25,No,81.2,3.346,223.4093906,5.964,2012,June,6,Q2,25,22
6,2012-06-29,1648863.46,No,87.35,3.286,223.4506878,5.964,2012,June,6,Q2,26,29
6,2012-06-07,1876359.39,No,82.95,3.227,223.4919851,5.668,2012,June,6,Q2,23,7
6,2012-07-13,1588142.26,No,80.27,3.256,223.5332824,5.668,2012,July,7,Q3,28,13
6,2012-07-20,1574361.97,No,81.57,3.311,223.5424501,5.668,2012,July,7,Q3,29,20
6,2012-07-27,1513229.16,No,85.78,3.407,223.5516178,5.668,2012,July,7,Q3,30,27
6,2012-03-08,1627274.93,No,87.55,3.417,223.5607856,5.668,2012,March,3,Q1,10,8
6,2012-10-08,1588380.73,No,87.04,3.494,223.5699533,5.668,2012,October,10,Q4,41,8
6,2012-08-17,1543049.52,No,87.53,3.571,223.6510224,5.668,2012,August,8,Q3,33,17
6,2012-08-24,1501095.49,No,79.03,3.62,223.7860175,5.668,2012,August,8,Q3,34,24
6,2012-08-31,1577439.81,No,83.58,3.638,223.9210125,5.668,2012,August,8,Q3,35,31
6,2012-07-09,1608077.01,Yes,86.33,3.73,224.0560076,5.668,2012,July,7,Q3,28,9
6,2012-09-14,1375166.86,No,76.41,3.717,224.2004678,5.668,2012,September,9,Q3,37,14
6,2012-09-21,1425603.65,No,70.81,3.721,224.4017192,5.668,2012,September,9,Q3,38,21
6,2012-09-28,1369131.46,No,77.82,3.666,224.6029706,5.668,2012,September,9,Q3,39,28
6,2012-05-10,1518177.71,No,70.84,3.617,224.804222,5.329,2012,May,5,Q2,19,10
6,2012-12-10,1459396.84,No,65.43,3.601,225.0054733,5.329,2012,December,12,Q4,50,10
6,2012-10-19,1436883.99,No,69.68,3.594,225.0501013,5.329,2012,October,10,Q4,42,19
6,2012-10-26,1431426.34,No,72.34,3.506,225.0686254,5.329,2012,October,10,Q4,43,26
7,2010-05-02,496725.44,No,10.53,2.58,189.3816974,9.014,2010,May,5,Q2,17,2
7,2010-12-02,524104.92,Yes,25.9,2.572,189.4642725,9.014,2010,December,12,Q4,48,2
7,2010-02-19,506760.54,No,27.28,2.55,189.5340998,9.014,2010,February,2,Q1,7,19
7,2010-02-26,496083.24,No,24.91,2.586,189.6018023,9.014,2010,February,2,Q1,8,26
7,2010-05-03,491419.55,No,35.86,2.62,189.6695049,9.014,2010,May,5,Q2,18,3
7,2010-12-03,480452.1,No,27.25,2.684,189.7372075,9.014,2010,December,12,Q4,48,3
7,2010-03-19,574450.23,No,29.04,2.692,189.734262,9.014,2010,March,3,Q1,11,19
7,2010-03-26,514731.6,No,23.33,2.717,189.7195417,9.014,2010,March,3,Q1,12,26
7,2010-02-04,561145.14,No,38.26,2.725,189.7048215,8.963,2010,February,2,Q1,5,4
7,2010-09-04,484263.25,No,33.79,2.75,189.6901012,8.963,2010,September,9,Q3,35,4
7,2010-04-16,406228.19,No,41.89,2.765,189.6628845,8.963,2010,April,4,Q2,15,16
7,2010-04-23,404751.25,No,43.07,2.776,189.6190057,8.963,2010,April,4,Q2,16,23
7,2010-04-30,373655.61,No,38.99,2.766,189.575127,8.963,2010,April,4,Q2,17,30
7,2010-07-05,395453.83,No,40.07,2.771,189.5312483,8.963,2010,July,7,Q3,27,5
7,2010-05-14,372673.61,No,41.41,2.788,189.4904116,8.963,2010,May,5,Q2,19,14
7,2010-05-21,395195.65,No,46.6,2.776,189.467827,8.963,2010,May,5,Q2,20,21
7,2010-05-28,442734.55,No,54.24,2.737,189.4452425,8.963,2010,May,5,Q2,21,28
7,2010-04-06,509183.22,No,53.63,2.7,189.422658,8.963,2010,April,4,Q2,14,6
7,2010-11-06,498580.87,No,63.59,2.684,189.4000734,8.963,2010,November,11,Q4,44,6
7,2010-06-18,481144.09,No,52.7,2.674,189.4185259,8.963,2010,June,6,Q2,24,18
7,2010-06-25,553714.87,No,59.94,2.715,189.4533931,8.963,2010,June,6,Q2,25,25
7,2010-02-07,575570.77,No,61.31,2.728,189.4882603,9.017,2010,February,2,Q1,5,7
7,2010-09-07,593462.34,No,58.0,2.711,189.5231276,9.017,2010,September,9,Q3,36,7
7,2010-07-16,557166.35,No,62.19,2.699,189.6125456,9.017,2010,July,7,Q3,28,16
7,2010-07-23,570231.21,No,64.64,2.691,189.774698,9.017,2010,July,7,Q3,29,23
7,2010-07-30,603547.16,No,66.07,2.69,189.9368504,9.017,2010,July,7,Q3,30,30
7,2010-06-08,643854.17,No,61.7,2.69,190.0990028,9.017,2010,June,6,Q2,23,8
7,2010-08-13,598185.4,No,60.13,2.723,190.2611552,9.017,2010,August,8,Q3,32,13
7,2010-08-20,582353.17,No,59.59,2.732,190.2948237,9.017,2010,August,8,Q3,33,20
7,2010-08-27,554309.24,No,57.57,2.731,190.3284922,9.017,2010,August,8,Q3,34,27
7,2010-03-09,532765.05,No,49.84,2.773,190.3621607,9.017,2010,March,3,Q1,10,9
7,2010-10-09,535769.32,Yes,48.5,2.78,190.3958293,9.017,2010,October,10,Q4,40,9
7,2010-09-17,489408.53,No,48.56,2.8,190.4688287,9.017,2010,September,9,Q3,37,17
7,2010-09-24,488008.83,No,47.55,2.793,190.5713264,9.017,2010,September,9,Q3,38,24
7,2010-01-10,448998.73,No,49.99,2.759,190.6738241,9.137,2010,January,1,Q1,1,10
7,2010-08-10,480239.88,No,44.13,2.745,190.7763218,9.137,2010,August,8,Q3,32,10
7,2010-10-15,463370.48,No,35.86,2.762,190.8623087,9.137,2010,October,10,Q4,41,15
7,2010-10-22,472450.81,No,36.84,2.762,190.9070184,9.137,2010,October,10,Q4,42,22
7,2010-10-29,465493.15,No,34.78,2.748,190.951728,9.137,2010,October,10,Q4,43,29
7,2010-05-11,480512.44,No,49.44,2.729,190.9964377,9.137,2010,May,5,Q2,19,11
7,2010-12-11,507584.29,No,22.12,2.737,191.0411474,9.137,2010,December,12,Q4,49,11
7,2010-11-19,482528.36,No,25.56,2.758,191.0312172,9.137,2010,November,11,Q4,46,19
7,2010-11-26,835189.26,Yes,17.95,2.742,191.0121805,9.137,2010,November,11,Q4,47,26
7,2010-03-12,552811.62,No,21.88,2.712,190.9931437,9.137,2010,March,3,Q1,10,12
7,2010-10-12,599730.07,No,24.24,2.728,190.9741069,9.137,2010,October,10,Q4,41,12
7,2010-12-17,716388.81,No,20.74,2.778,191.0303376,9.137,2010,December,12,Q4,50,17
7,2010-12-24,1045124.88,No,26.04,2.781,191.1430189,9.137,2010,December,12,Q4,51,24
7,2010-12-31,729572.08,Yes,13.76,2.829,191.2557002,9.137,2010,December,12,Q4,52,31
7,2011-07-01,661163.94,No,10.09,2.882,191.3683815,8.818,2011,July,7,Q3,26,1
7,2011-01-14,547384.9,No,11.32,2.911,191.4784939,8.818,2011,January,1,Q1,2,14
7,2011-01-21,521539.46,No,25.4,2.973,191.5731924,8.818,2011,January,1,Q1,3,21
7,2011-01-28,513372.17,No,10.11,3.008,191.667891,8.818,2011,January,1,Q1,4,28
7,2011-04-02,558027.77,No,-2.06,3.011,191.7625895,8.818,2011,April,4,Q2,13,2
7,2011-11-02,559903.13,Yes,10.24,3.037,191.8572881,8.818,2011,November,11,Q4,44,2
7,2011-02-18,572387.47,No,17.3,3.051,191.9178331,8.818,2011,February,2,Q1,7,18
7,2011-02-25,546690.84,No,17.46,3.101,191.9647167,8.818,2011,February,2,Q1,8,25
7,2011-04-03,551378.39,No,21.84,3.232,192.0116004,8.818,2011,April,4,Q2,13,3
7,2011-11-03,558963.83,No,20.7,3.372,192.058484,8.818,2011,November,11,Q4,44,3
7,2011-03-18,635014.69,No,27.69,3.406,192.1237981,8.818,2011,March,3,Q1,11,18
7,2011-03-25,559061.58,No,25.69,3.414,192.1964844,8.818,2011,March,3,Q1,12,25
7,2011-01-04,513409.67,No,24.83,3.461,192.2691707,8.595,2011,January,1,Q1,1,4
7,2011-08-04,500552.16,No,30.64,3.532,192.3418571,8.595,2011,August,8,Q3,31,4
7,2011-04-15,423380.14,No,27.79,3.611,192.4225954,8.595,2011,April,4,Q2,15,15
7,2011-04-22,466594.89,No,31.84,3.636,192.5234638,8.595,2011,April,4,Q2,16,22
7,2011-04-29,410429.73,No,26.79,3.663,192.6243322,8.595,2011,April,4,Q2,17,29
7,2011-06-05,407012.47,No,26.54,3.735,192.7252006,8.595,2011,June,6,Q2,22,5
7,2011-05-13,414094.05,No,36.61,3.767,192.826069,8.595,2011,May,5,Q2,19,13
7,2011-05-20,424670.98,No,36.16,3.828,192.831317,8.595,2011,May,5,Q2,20,20
7,2011-05-27,457216.87,No,37.51,3.795,192.8365651,8.595,2011,May,5,Q2,21,27
7,2011-03-06,542295.37,No,45.77,3.763,192.8418131,8.595,2011,March,3,Q1,9,6
7,2011-10-06,621099.95,No,53.3,3.735,192.8470612,8.595,2011,October,10,Q4,40,6
7,2011-06-17,610991.35,No,48.79,3.697,192.9034759,8.595,2011,June,6,Q2,24,17
7,2011-06-24,640043.97,No,46.85,3.661,192.9982655,8.595,2011,June,6,Q2,25,24
7,2011-01-07,704344.21,No,58.54,3.597,193.0930552,8.622,2011,January,1,Q1,1,7
7,2011-08-07,761793.94,No,59.08,3.54,193.1878448,8.622,2011,August,8,Q3,31,7
7,2011-07-15,642748.21,No,54.37,3.532,193.3125484,8.622,2011,July,7,Q3,28,15
7,2011-07-22,688043.96,No,56.22,3.545,193.5120367,8.622,2011,July,7,Q3,29,22
7,2011-07-29,653382.62,No,56.66,3.547,193.711525,8.622,2011,July,7,Q3,30,29
7,2011-05-08,695392.84,No,55.91,3.554,193.9110133,8.622,2011,May,5,Q2,18,8
7,2011-12-08,670670.46,No,54.56,3.542,194.1105017,8.622,2011,December,12,Q4,49,8
7,2011-08-19,645156.21,No,56.06,3.499,194.2500634,8.622,2011,August,8,Q3,33,19
7,2011-08-26,629994.47,No,57.6,3.485,194.3796374,8.622,2011,August,8,Q3,34,26
7,2011-02-09,592355.24,No,53.4,3.511,194.5092113,8.622,2011,February,2,Q1,6,9
7,2011-09-09,613135.23,Yes,45.61,3.566,194.6387853,8.622,2011,September,9,Q3,36,9
7,2011-09-16,558981.45,No,43.67,3.596,194.7419707,8.622,2011,September,9,Q3,37,16
7,2011-09-23,536144.81,No,43.67,3.581,194.8099713,8.622,2011,September,9,Q3,38,23
7,2011-09-30,488880.26,No,47.34,3.538,194.8779718,8.622,2011,September,9,Q3,39,30
7,2011-07-10,525866.36,No,40.65,3.498,194.9459724,8.513,2011,July,7,Q3,27,10
7,2011-10-14,501959.19,No,32.65,3.491,195.0261012,8.513,2011,October,10,Q4,41,14
7,2011-10-21,558691.43,No,37.49,3.548,195.1789994,8.513,2011,October,10,Q4,42,21
7,2011-10-28,527339.52,No,28.82,3.55,195.3318977,8.513,2011,October,10,Q4,43,28
7,2011-04-11,564536.01,No,23.41,3.527,195.4847959,8.513,2011,April,4,Q2,15,11
7,2011-11-11,556015.59,No,19.53,3.505,195.6376941,8.513,2011,November,11,Q4,45,11
7,2011-11-18,539826.56,No,29.53,3.479,195.7184713,8.513,2011,November,11,Q4,46,18
7,2011-11-25,949075.87,Yes,27.6,3.424,195.7704,8.513,2011,November,11,Q4,47,25
7,2011-02-12,591907.88,No,20.38,3.378,195.8223287,8.513,2011,February,2,Q1,6,12
7,2011-09-12,653845.45,No,11.17,3.331,195.8742575,8.513,2011,September,9,Q3,37,12
7,2011-12-16,720242.19,No,15.2,3.266,195.9841685,8.513,2011,December,12,Q4,50,16
7,2011-12-23,1059715.27,No,12.19,3.173,196.1713893,8.513,2011,December,12,Q4,51,23
7,2011-12-30,815915.52,Yes,15.56,3.119,196.3586101,8.513,2011,December,12,Q4,52,30
7,2012-06-01,713117.66,No,18.67,3.095,196.5458309,8.256,2012,June,6,Q2,22,1
7,2012-01-13,593875.46,No,7.46,3.077,196.7330517,8.256,2012,January,1,Q1,2,13
7,2012-01-20,578002.85,No,27.41,3.055,196.7796652,8.256,2012,January,1,Q1,3,20
7,2012-01-27,541037.98,No,26.9,3.038,196.8262786,8.256,2012,January,1,Q1,4,27
7,2012-03-02,580453.32,No,22.2,3.031,196.8728921,8.256,2012,March,3,Q1,9,2
7,2012-10-02,563460.77,Yes,18.79,3.103,196.9195056,8.256,2012,October,10,Q4,40,2
7,2012-02-17,620908.18,No,27.03,3.113,196.9432711,8.256,2012,February,2,Q1,7,17
7,2012-02-24,603041.14,No,24.41,3.129,196.9499007,8.256,2012,February,2,Q1,8,24
7,2012-02-03,551058.13,No,21.64,3.191,196.9565303,8.256,2012,February,2,Q1,5,3
7,2012-09-03,579166.5,No,30.1,3.286,196.9631599,8.256,2012,September,9,Q3,36,3
7,2012-03-16,669205.73,No,37.29,3.486,197.0457208,8.256,2012,March,3,Q1,11,16
7,2012-03-23,615997.29,No,35.06,3.664,197.2295234,8.256,2012,March,3,Q1,12,23
7,2012-03-30,583322.2,No,44.99,3.75,197.4133259,8.256,2012,March,3,Q1,13,30
7,2012-06-04,621425.98,No,44.29,3.854,197.5971285,8.09,2012,June,6,Q2,23,4
7,2012-04-13,517420.23,No,41.43,3.901,197.780931,8.09,2012,April,4,Q2,15,13
7,2012-04-20,457340.06,No,39.3,3.936,197.7227385,8.09,2012,April,4,Q2,16,20
7,2012-04-27,467827.75,No,51.49,3.927,197.664546,8.09,2012,April,4,Q2,17,27
7,2012-04-05,465198.89,No,45.38,3.903,197.6063534,8.09,2012,April,4,Q2,14,5
7,2012-11-05,460397.41,No,48.54,3.87,197.5481609,8.09,2012,November,11,Q4,45,5
7,2012-05-18,468428.3,No,49.41,3.837,197.5553137,8.09,2012,May,5,Q2,20,18
7,2012-05-25,532739.77,No,50.6,3.804,197.5886046,8.09,2012,May,5,Q2,21,25
7,2012-01-06,598495.02,No,55.06,3.764,197.6218954,8.09,2012,January,1,Q1,1,6
7,2012-08-06,642963.75,No,63.07,3.741,197.6551863,8.09,2012,August,8,Q3,32,6
7,2012-06-15,666942.02,No,59.33,3.723,197.692292,8.09,2012,June,6,Q2,24,15
7,2012-06-22,687344.68,No,63.69,3.735,197.7389345,8.09,2012,June,6,Q2,25,22
7,2012-06-29,704335.41,No,68.84,3.693,197.785577,8.09,2012,June,6,Q2,26,29
7,2012-06-07,805642.61,No,64.67,3.646,197.8322195,7.872,2012,June,6,Q2,23,7
7,2012-07-13,694150.89,No,64.21,3.613,197.8788621,7.872,2012,July,7,Q3,28,13
7,2012-07-20,686345.69,No,62.87,3.585,197.9290378,7.872,2012,July,7,Q3,29,20
7,2012-07-27,686365.4,No,64.6,3.57,197.9792136,7.872,2012,July,7,Q3,30,27
7,2012-03-08,680954.81,No,61.83,3.528,198.0293893,7.872,2012,March,3,Q1,10,8
7,2012-10-08,675926.3,No,63.41,3.509,198.0795651,7.872,2012,October,10,Q4,41,8
7,2012-08-17,642450.4,No,59.66,3.545,198.1001057,7.872,2012,August,8,Q3,33,17
7,2012-08-24,609099.37,No,59.27,3.558,198.0984199,7.872,2012,August,8,Q3,34,24
7,2012-08-31,586467.16,No,60.46,3.556,198.0967341,7.872,2012,August,8,Q3,35,31
7,2012-07-09,597876.55,Yes,57.84,3.596,198.0950484,7.872,2012,July,7,Q3,28,9
7,2012-09-14,541120.2,No,53.66,3.659,198.1267184,7.872,2012,September,9,Q3,37,14
7,2012-09-21,530842.25,No,51.77,3.765,198.358523,7.872,2012,September,9,Q3,38,21
7,2012-09-28,525545.76,No,50.64,3.789,198.5903276,7.872,2012,September,9,Q3,39,28
7,2012-05-10,505830.56,No,48.43,3.779,198.8221322,7.557,2012,May,5,Q2,19,10
7,2012-12-10,503463.93,No,41.43,3.76,199.0539368,7.557,2012,December,12,Q4,50,10
7,2012-10-19,516424.83,No,43.01,3.75,199.1481963,7.557,2012,October,10,Q4,42,19
7,2012-10-26,495543.28,No,42.53,3.686,199.2195317,7.557,2012,October,10,Q4,43,26
8,2010-05-02,1004137.09,No,34.14,2.572,214.4714512,6.299,2010,May,5,Q2,17,2
8,2010-12-02,994801.4,Yes,33.34,2.548,214.6214189,6.299,2010,December,12,Q4,48,2
8,2010-02-19,963960.37,No,39.1,2.514,214.6664878,6.299,2010,February,2,Q1,7,19
8,2010-02-26,847592.11,No,37.91,2.561,214.6940735,6.299,2010,February,2,Q1,8,26
8,2010-05-03,881503.95,No,45.64,2.625,214.7216592,6.299,2010,May,5,Q2,18,3
8,2010-12-03,860336.16,No,49.76,2.667,214.7492449,6.299,2010,December,12,Q4,48,3
8,2010-03-19,839911.0,No,47.26,2.72,214.5764954,6.299,2010,March,3,Q1,11,19
8,2010-03-26,772539.12,No,46.51,2.732,214.3703567,6.299,2010,March,3,Q1,12,26
8,2010-02-04,914500.91,No,60.18,2.719,214.164218,6.29,2010,February,2,Q1,5,4
8,2010-09-04,916033.92,No,59.25,2.77,213.9580793,6.29,2010,September,9,Q3,35,4
8,2010-04-16,882917.12,No,62.66,2.808,213.8186357,6.29,2010,April,4,Q2,15,16
8,2010-04-23,850440.26,No,56.1,2.795,213.768119,6.29,2010,April,4,Q2,16,23
8,2010-04-30,778672.64,No,61.01,2.78,213.7176024,6.29,2010,April,4,Q2,17,30
8,2010-07-05,916820.96,No,62.68,2.835,213.6670857,6.29,2010,July,7,Q3,27,5
8,2010-05-14,873337.84,No,61.35,2.854,213.6655355,6.29,2010,May,5,Q2,19,14
8,2010-05-21,818333.21,No,66.03,2.826,213.9577839,6.29,2010,May,5,Q2,20,21
8,2010-05-28,868041.56,No,74.71,2.759,214.2500323,6.29,2010,May,5,Q2,21,28
8,2010-04-06,958225.41,No,75.71,2.705,214.5422806,6.29,2010,April,4,Q2,14,6
8,2010-11-06,914835.86,No,82.21,2.668,214.834529,6.29,2010,November,11,Q4,44,6
8,2010-06-18,869922.56,No,78.79,2.637,214.8324452,6.29,2010,June,6,Q2,24,18
8,2010-06-25,814919.11,No,81.78,2.653,214.7126286,6.29,2010,June,6,Q2,25,25
8,2010-02-07,852333.75,No,74.78,2.669,214.5928119,6.315,2010,February,2,Q1,5,7
8,2010-09-07,845289.77,No,72.49,2.642,214.4729952,6.315,2010,September,9,Q3,36,7
8,2010-07-16,848630.57,No,77.49,2.623,214.4640599,6.315,2010,July,7,Q3,28,16
8,2010-07-23,785515.88,No,78.29,2.608,214.6029664,6.315,2010,July,7,Q3,29,23
8,2010-07-30,787295.09,No,76.02,2.64,214.7418728,6.315,2010,July,7,Q3,30,30
8,2010-06-08,893399.77,No,80.37,2.627,214.8807793,6.315,2010,June,6,Q2,23,8
8,2010-08-13,867919.21,No,80.11,2.692,215.0196857,6.315,2010,August,8,Q3,32,13
8,2010-08-20,870676.44,No,79.36,2.664,214.9779825,6.315,2010,August,8,Q3,33,20
8,2010-08-27,888816.78,No,74.92,2.619,214.9362793,6.315,2010,August,8,Q3,34,27
8,2010-03-09,899036.47,No,76.14,2.577,214.894576,6.315,2010,March,3,Q1,10,9
8,2010-10-09,831425.2,Yes,74.34,2.565,214.8528728,6.315,2010,October,10,Q4,40,9
8,2010-09-17,836707.85,No,75.32,2.582,214.8785562,6.315,2010,September,9,Q3,37,17
8,2010-09-24,773725.08,No,72.21,2.624,214.9547795,6.315,2010,September,9,Q3,38,24
8,2010-01-10,804105.49,No,68.7,2.603,215.0310029,6.433,2010,January,1,Q1,1,10
8,2010-08-10,870349.86,No,62.94,2.633,215.1072262,6.433,2010,August,8,Q3,32,10
8,2010-10-15,826546.96,No,62.59,2.72,215.1757,6.433,2010,October,10,Q4,41,15
8,2010-10-22,836419.14,No,62.86,2.725,215.2248,6.433,2010,October,10,Q4,42,22
8,2010-10-29,830756.76,No,57.93,2.716,215.2739,6.433,2010,October,10,Q4,43,29
8,2010-05-11,927266.34,No,55.76,2.689,215.323,6.433,2010,May,5,Q2,19,11
8,2010-12-11,911538.98,No,54.89,2.728,215.3721,6.433,2010,December,12,Q4,49,11
8,2010-11-19,885608.04,No,43.86,2.771,215.2538714,6.433,2010,November,11,Q4,46,19
8,2010-11-26,1261693.16,Yes,51.07,2.735,215.1077548,6.433,2010,November,11,Q4,47,26
8,2010-03-12,952766.93,No,42.85,2.708,214.9616381,6.433,2010,March,3,Q1,10,12
8,2010-10-12,1069061.63,No,42.47,2.843,214.8155214,6.433,2010,October,10,Q4,41,12
8,2010-12-17,1220579.55,No,45.03,2.869,214.7510843,6.433,2010,December,12,Q4,50,17
8,2010-12-24,1511641.09,No,45.67,2.886,214.7479069,6.433,2010,December,12,Q4,51,24
8,2010-12-31,773586.49,Yes,41.47,2.943,214.7447295,6.433,2010,December,12,Q4,52,31
8,2011-07-01,873065.23,No,35.77,2.976,214.7415521,6.262,2011,July,7,Q3,26,1
8,2011-01-14,809646.66,No,31.62,2.983,214.7930991,6.262,2011,January,1,Q1,2,14
8,2011-01-21,822668.23,No,42.06,3.016,215.1729926,6.262,2011,January,1,Q1,3,21
8,2011-01-28,782256.66,No,39.26,3.01,215.5528862,6.262,2011,January,1,Q1,4,28
8,2011-04-02,944594.78,No,24.48,2.989,215.9327797,6.262,2011,April,4,Q2,13,2
8,2011-11-02,996147.39,Yes,28.26,3.022,216.3126733,6.262,2011,November,11,Q4,44,2
8,2011-02-18,1065108.64,No,50.64,3.045,216.6310383,6.262,2011,February,2,Q1,7,18
8,2011-02-25,917317.15,No,51.29,3.065,216.9247918,6.262,2011,February,2,Q1,8,25
8,2011-04-03,935266.43,No,53.18,3.288,217.2185454,6.262,2011,April,4,Q2,13,3
8,2011-11-03,900387.29,No,49.14,3.459,217.512299,6.262,2011,November,11,Q4,44,3
8,2011-03-18,898289.14,No,56.68,3.488,217.7705442,6.262,2011,March,3,Q1,11,18
8,2011-03-25,827968.36,No,59.74,3.473,218.0145862,6.262,2011,March,3,Q1,12,25
8,2011-01-04,878762.3,No,49.86,3.524,218.2586281,6.297,2011,January,1,Q1,1,4
8,2011-08-04,949825.83,No,65.62,3.622,218.50267,6.297,2011,August,8,Q3,31,4
8,2011-04-15,908278.74,No,63.55,3.743,218.7262524,6.297,2011,April,4,Q2,15,15
8,2011-04-22,937473.13,No,65.11,3.807,218.8986857,6.297,2011,April,4,Q2,16,22
8,2011-04-29,855014.77,No,62.29,3.81,219.071119,6.297,2011,April,4,Q2,17,29
8,2011-06-05,941457.34,No,58.92,3.906,219.2435524,6.297,2011,June,6,Q2,22,5
8,2011-05-13,895763.41,No,72.96,3.899,219.4159857,6.297,2011,May,5,Q2,19,13
8,2011-05-20,836049.89,No,65.54,3.907,219.1746922,6.297,2011,May,5,Q2,20,20
8,2011-05-27,857939.41,No,73.14,3.786,218.9333986,6.297,2011,May,5,Q2,21,27
8,2011-03-06,929222.16,No,82.05,3.699,218.6921051,6.297,2011,March,3,Q1,9,6
8,2011-10-06,897309.41,No,82.21,3.648,218.4508115,6.297,2011,October,10,Q4,40,6
8,2011-06-17,922048.41,No,84.73,3.637,218.4021448,6.297,2011,June,6,Q2,24,17
8,2011-06-24,864881.24,No,83.94,3.594,218.4979481,6.297,2011,June,6,Q2,25,24
8,2011-01-07,883683.35,No,87.26,3.524,218.5937514,6.425,2011,January,1,Q1,1,7
8,2011-08-07,861965.12,No,83.57,3.48,218.6895548,6.425,2011,August,8,Q3,31,7
8,2011-07-15,849925.37,No,84.26,3.575,218.7746217,6.425,2011,July,7,Q3,28,15
8,2011-07-22,829902.42,No,85.46,3.651,218.8328475,6.425,2011,July,7,Q3,29,22
8,2011-07-29,807082.19,No,86.46,3.682,218.8910733,6.425,2011,July,7,Q3,30,29
8,2011-05-08,892393.77,No,85.15,3.684,218.9492991,6.425,2011,May,5,Q2,18,8
8,2011-12-08,856796.1,No,86.05,3.638,219.0075249,6.425,2011,December,12,Q4,49,8
8,2011-08-19,895066.5,No,82.92,3.554,219.0701968,6.425,2011,August,8,Q3,33,19
8,2011-08-26,912542.82,No,84.69,3.523,219.1336097,6.425,2011,August,8,Q3,34,26
8,2011-02-09,891387.14,No,84.77,3.533,219.1970226,6.425,2011,February,2,Q1,6,9
8,2011-09-09,848358.09,Yes,69.01,3.546,219.2604355,6.425,2011,September,9,Q3,36,9
8,2011-09-16,870971.82,No,69.09,3.526,219.4442443,6.425,2011,September,9,Q3,37,16
8,2011-09-23,806444.29,No,68.72,3.467,219.788581,6.425,2011,September,9,Q3,38,23
8,2011-09-30,809049.37,No,72.2,3.355,220.1329176,6.425,2011,September,9,Q3,39,30
8,2011-07-10,929976.55,No,67.61,3.285,220.4772543,6.123,2011,July,7,Q3,27,10
8,2011-10-14,863188.26,No,61.74,3.274,220.7960935,6.123,2011,October,10,Q4,41,14
8,2011-10-21,905984.49,No,59.97,3.353,220.9619484,6.123,2011,October,10,Q4,42,21
8,2011-10-28,876712.31,No,56.86,3.372,221.1278032,6.123,2011,October,10,Q4,43,28
8,2011-04-11,947815.05,No,49.68,3.332,221.2936581,6.123,2011,April,4,Q2,15,11
8,2011-11-11,917088.48,No,50.56,3.297,221.4595129,6.123,2011,November,11,Q4,45,11
8,2011-11-18,897032.19,No,51.72,3.308,221.6911738,6.123,2011,November,11,Q4,46,18
8,2011-11-25,1235163.86,Yes,49.61,3.236,221.9491571,6.123,2011,November,11,Q4,47,25
8,2011-02-12,986601.46,No,40.82,3.172,222.2071405,6.123,2011,February,2,Q1,6,12
8,2011-09-12,1051922.95,No,30.51,3.158,222.4651238,6.123,2011,September,9,Q3,37,12
8,2011-12-16,1118163.94,No,39.79,3.159,222.6910959,6.123,2011,December,12,Q4,50,16
8,2011-12-23,1462254.05,No,38.16,3.112,222.8743862,6.123,2011,December,12,Q4,51,23
8,2011-12-30,858572.22,Yes,36.33,3.129,223.0576765,6.123,2011,December,12,Q4,52,30
8,2012-06-01,872113.23,No,43.47,3.157,223.2409668,5.825,2012,June,6,Q2,22,1
8,2012-01-13,817661.76,No,36.46,3.261,223.4242571,5.825,2012,January,1,Q1,2,13
8,2012-01-20,813954.82,No,46.81,3.268,223.5188055,5.825,2012,January,1,Q1,3,20
8,2012-01-27,778178.53,No,45.52,3.29,223.6133539,5.825,2012,January,1,Q1,4,27
8,2012-03-02,927610.69,No,45.56,3.36,223.7079023,5.825,2012,March,3,Q1,9,2
8,2012-10-02,1021400.42,Yes,35.71,3.409,223.8024507,5.825,2012,October,10,Q4,40,2
8,2012-02-17,1096232.89,No,37.51,3.51,223.9658621,5.825,2012,February,2,Q1,7,17
8,2012-02-24,928537.54,No,46.33,3.555,224.1809207,5.825,2012,February,2,Q1,8,24
8,2012-02-03,952264.91,No,50.95,3.63,224.3959793,5.825,2012,February,2,Q1,5,3
8,2012-09-03,960115.56,No,49.59,3.669,224.6110379,5.825,2012,September,9,Q3,36,3
8,2012-03-16,921178.39,No,56.63,3.734,224.7657327,5.825,2012,March,3,Q1,11,16
8,2012-03-23,874223.25,No,52.9,3.787,224.8399424,5.825,2012,March,3,Q1,12,23
8,2012-03-30,905935.29,No,66.69,3.845,224.9141521,5.825,2012,March,3,Q1,13,30
8,2012-06-04,1046816.59,No,62.18,3.891,224.9883618,5.679,2012,June,6,Q2,23,4
8,2012-04-13,909989.45,No,65.19,3.891,225.0625714,5.679,2012,April,4,Q2,15,13
8,2012-04-20,872288.46,No,63.59,3.877,225.1179914,5.679,2012,April,4,Q2,16,20
8,2012-04-27,879448.25,No,70.34,3.814,225.1734114,5.679,2012,April,4,Q2,17,27
8,2012-04-05,937232.09,No,73.96,3.749,225.2288314,5.679,2012,April,4,Q2,14,5
8,2012-11-05,920128.89,No,64.96,3.688,225.2842514,5.679,2012,November,11,Q4,45,5
8,2012-05-18,913922.01,No,64.16,3.63,225.3002908,5.679,2012,May,5,Q2,20,18
8,2012-05-25,895157.44,No,76.11,3.561,225.3005779,5.679,2012,May,5,Q2,21,25
8,2012-01-06,921161.2,No,78.31,3.501,225.300865,5.679,2012,January,1,Q1,1,6
8,2012-08-06,928820.0,No,74.28,3.452,225.3011521,5.679,2012,August,8,Q3,32,6
8,2012-06-15,916918.7,No,77.14,3.393,225.3134743,5.679,2012,June,6,Q2,24,15
8,2012-06-22,899449.65,No,78.85,3.346,225.3558843,5.679,2012,June,6,Q2,25,22
8,2012-06-29,878298.22,No,84.47,3.286,225.3982943,5.679,2012,June,6,Q2,26,29
8,2012-06-07,936205.5,No,81.24,3.227,225.4407043,5.401,2012,June,6,Q2,23,7
8,2012-07-13,890488.01,No,78.46,3.256,225.4831143,5.401,2012,July,7,Q3,28,13
8,2012-07-20,888834.07,No,79.94,3.311,225.4930078,5.401,2012,July,7,Q3,29,20
8,2012-07-27,838227.52,No,81.71,3.407,225.5029014,5.401,2012,July,7,Q3,30,27
8,2012-03-08,897076.73,No,85.06,3.417,225.5127949,5.401,2012,March,3,Q1,10,8
8,2012-10-08,930745.69,No,83.74,3.494,225.5226885,5.401,2012,October,10,Q4,41,8
8,2012-08-17,896613.19,No,81.21,3.571,225.6050797,5.401,2012,August,8,Q3,33,17
8,2012-08-24,936373.65,No,73.77,3.62,225.7418442,5.401,2012,August,8,Q3,34,24
8,2012-08-31,976137.73,No,75.33,3.638,225.8786088,5.401,2012,August,8,Q3,35,31
8,2012-07-09,932160.37,Yes,80.87,3.73,226.0153733,5.401,2012,July,7,Q3,28,9
8,2012-09-14,883569.38,No,67.21,3.717,226.1615981,5.401,2012,September,9,Q3,37,14
8,2012-09-21,857796.45,No,66.96,3.721,226.3645848,5.401,2012,September,9,Q3,38,21
8,2012-09-28,884724.41,No,71.1,3.666,226.5675714,5.401,2012,September,9,Q3,39,28
8,2012-05-10,976436.02,No,61.41,3.617,226.7705581,5.124,2012,May,5,Q2,19,10
8,2012-12-10,927511.99,No,55.03,3.601,226.9735448,5.124,2012,December,12,Q4,50,10
8,2012-10-19,900309.75,No,62.99,3.594,227.0184166,5.124,2012,October,10,Q4,42,19
8,2012-10-26,891671.44,No,64.74,3.506,227.0369359,5.124,2012,October,10,Q4,43,26
9,2010-05-02,549505.55,No,38.01,2.572,214.6554591,6.415,2010,May,5,Q2,17,2
9,2010-12-02,552677.48,Yes,37.08,2.548,214.8056534,6.415,2010,December,12,Q4,48,2
9,2010-02-19,511327.9,No,43.06,2.514,214.8506185,6.415,2010,February,2,Q1,7,19
9,2010-02-26,473773.27,No,43.83,2.561,214.8780453,6.415,2010,February,2,Q1,8,26
9,2010-05-03,507297.88,No,48.43,2.625,214.9054721,6.415,2010,May,5,Q2,18,3
9,2010-12-03,494145.8,No,55.76,2.667,214.932899,6.415,2010,December,12,Q4,48,3
9,2010-03-19,485744.61,No,53.15,2.72,214.7597274,6.415,2010,March,3,Q1,11,19
9,2010-03-26,484946.56,No,51.8,2.732,214.5531227,6.415,2010,March,3,Q1,12,26
9,2010-02-04,545206.32,No,65.21,2.719,214.3465181,6.384,2010,February,2,Q1,5,4
9,2010-09-04,529384.31,No,64.95,2.77,214.1399135,6.384,2010,September,9,Q3,35,4
9,2010-04-16,485764.32,No,66.09,2.808,214.0001817,6.384,2010,April,4,Q2,15,16
9,2010-04-23,488683.57,No,61.26,2.795,213.9496138,6.384,2010,April,4,Q2,16,23
9,2010-04-30,491723.42,No,66.07,2.78,213.8990459,6.384,2010,April,4,Q2,17,30
9,2010-07-05,526128.61,No,68.58,2.835,213.848478,6.384,2010,July,7,Q3,27,5
9,2010-05-14,492792.8,No,70.53,2.854,213.8469819,6.384,2010,May,5,Q2,19,14
9,2010-05-21,506274.94,No,71.5,2.826,214.1399162,6.384,2010,May,5,Q2,20,21
9,2010-05-28,558143.53,No,77.12,2.759,214.4328505,6.384,2010,May,5,Q2,21,28
9,2010-04-06,586061.46,No,79.65,2.705,214.7257848,6.384,2010,April,4,Q2,14,6
9,2010-11-06,522715.68,No,83.75,2.668,215.0187191,6.384,2010,November,11,Q4,44,6
9,2010-06-18,513073.87,No,82.99,2.637,215.0166484,6.384,2010,June,6,Q2,24,18
9,2010-06-25,509263.28,No,85.02,2.653,214.8965756,6.384,2010,June,6,Q2,25,25
9,2010-02-07,528832.54,No,78.55,2.669,214.7765028,6.442,2010,February,2,Q1,5,7
9,2010-09-07,485389.15,No,78.51,2.642,214.6564301,6.442,2010,September,9,Q3,36,7
9,2010-07-16,474030.51,No,82.93,2.623,214.6474453,6.442,2010,July,7,Q3,28,16
9,2010-07-23,462676.5,No,84.49,2.608,214.7865779,6.442,2010,July,7,Q3,29,23
9,2010-07-30,468675.19,No,79.83,2.64,214.9257105,6.442,2010,July,7,Q3,30,30
9,2010-06-08,522815.45,No,87.09,2.627,215.064843,6.442,2010,June,6,Q2,23,8
9,2010-08-13,481897.98,No,86.85,2.692,215.2039756,6.442,2010,August,8,Q3,32,13
9,2010-08-20,499325.38,No,86.3,2.664,215.1619646,6.442,2010,August,8,Q3,33,20
9,2010-08-27,506789.66,No,84.01,2.619,215.1199536,6.442,2010,August,8,Q3,34,27
9,2010-03-09,511049.06,No,82.47,2.577,215.0779426,6.442,2010,March,3,Q1,10,9
9,2010-10-09,484835.2,Yes,77.7,2.565,215.0359315,6.442,2010,October,10,Q4,40,9
9,2010-09-17,463448.59,No,81.19,2.582,215.0615285,6.442,2010,September,9,Q3,37,17
9,2010-09-24,452905.22,No,77.15,2.624,215.1378313,6.442,2010,September,9,Q3,38,24
9,2010-01-10,495692.19,No,69.08,2.603,215.2141341,6.56,2010,January,1,Q1,1,10
9,2010-08-10,505069.21,No,65.35,2.633,215.290437,6.56,2010,August,8,Q3,32,10
9,2010-10-15,454769.68,No,67.36,2.72,215.3589917,6.56,2010,October,10,Q4,41,15
9,2010-10-22,466322.76,No,69.99,2.725,215.4081762,6.56,2010,October,10,Q4,42,22
9,2010-10-29,508801.61,No,64.43,2.716,215.4573607,6.56,2010,October,10,Q4,43,29
9,2010-05-11,517869.97,No,58.69,2.689,215.5065452,6.56,2010,May,5,Q2,19,11
9,2010-12-11,520846.68,No,61.59,2.728,215.5557297,6.56,2010,December,12,Q4,49,11
9,2010-11-19,519823.3,No,49.96,2.771,215.4372854,6.56,2010,November,11,Q4,46,19
9,2010-11-26,768070.53,Yes,60.18,2.735,215.2909028,6.56,2010,November,11,Q4,47,26
9,2010-03-12,578164.82,No,49.89,2.708,215.1445203,6.56,2010,March,3,Q1,10,12
9,2010-10-12,618121.82,No,46.1,2.843,214.9981378,6.56,2010,October,10,Q4,41,12
9,2010-12-17,685243.2,No,49.7,2.869,214.9334937,6.56,2010,December,12,Q4,50,17
9,2010-12-24,873347.55,No,50.93,2.886,214.9301534,6.56,2010,December,12,Q4,51,24
9,2010-12-31,459770.85,Yes,45.92,2.943,214.9268131,6.56,2010,December,12,Q4,52,31
9,2011-07-01,490981.78,No,41.82,2.976,214.9234729,6.416,2011,July,7,Q3,26,1
9,2011-01-14,458086.69,No,36.43,2.983,214.9749587,6.416,2011,January,1,Q1,2,14
9,2011-01-21,454021.69,No,44.72,3.016,215.3554013,6.416,2011,January,1,Q1,3,21
9,2011-01-28,463561.48,No,43.9,3.01,215.7358438,6.416,2011,January,1,Q1,4,28
9,2011-04-02,544612.28,No,31.82,2.989,216.1162864,6.416,2011,April,4,Q2,13,2
9,2011-11-02,555279.02,Yes,34.13,3.022,216.496729,6.416,2011,November,11,Q4,44,2
9,2011-02-18,610985.56,No,58.5,3.045,216.8154856,6.416,2011,February,2,Q1,7,18
9,2011-02-25,513107.2,No,59.01,3.065,217.1095679,6.416,2011,February,2,Q1,8,25
9,2011-04-03,542016.18,No,60.67,3.288,217.4036503,6.416,2011,April,4,Q2,13,3
9,2011-11-03,517783.5,No,54.75,3.459,217.6977326,6.416,2011,November,11,Q4,44,3
9,2011-03-18,515226.11,No,63.82,3.488,217.9563371,6.416,2011,March,3,Q1,11,18
9,2011-03-25,497488.4,No,68.79,3.473,218.2007506,6.416,2011,March,3,Q1,12,25
9,2011-01-04,520962.14,No,56.12,3.524,218.445164,6.38,2011,January,1,Q1,1,4
9,2011-08-04,561625.92,No,71.4,3.622,218.6895775,6.38,2011,August,8,Q3,31,4
9,2011-04-15,528420.28,No,71.9,3.743,218.9134935,6.38,2011,April,4,Q2,15,15
9,2011-04-22,549502.11,No,72.35,3.807,219.0861659,6.38,2011,April,4,Q2,16,22
9,2011-04-29,532226.2,No,70.85,3.81,219.2588382,6.38,2011,April,4,Q2,17,29
9,2011-06-05,545251.1,No,62.2,3.906,219.4315106,6.38,2011,June,6,Q2,22,5
9,2011-05-13,539126.0,No,77.66,3.899,219.6041829,6.38,2011,May,5,Q2,19,13
9,2011-05-20,518266.9,No,70.49,3.907,219.3622809,6.38,2011,May,5,Q2,20,20
9,2011-05-27,553834.04,No,80.42,3.786,219.1203788,6.38,2011,May,5,Q2,21,27
9,2011-03-06,587004.29,No,85.8,3.699,218.8784768,6.38,2011,March,3,Q1,9,6
9,2011-10-06,550076.32,No,85.81,3.648,218.6365747,6.38,2011,October,10,Q4,40,6
9,2011-06-17,558671.14,No,89.15,3.637,218.5877333,6.38,2011,June,6,Q2,24,17
9,2011-06-24,538745.93,No,86.74,3.594,218.6836874,6.38,2011,June,6,Q2,25,24
9,2011-01-07,537064.03,No,89.14,3.524,218.7796415,6.404,2011,January,1,Q1,1,7
9,2011-08-07,535983.13,No,89.04,3.48,218.8755955,6.404,2011,August,8,Q3,31,7
9,2011-07-15,512834.04,No,90.45,3.575,218.9607242,6.404,2011,July,7,Q3,28,15
9,2011-07-22,491449.94,No,89.08,3.651,219.0187895,6.404,2011,July,7,Q3,29,22
9,2011-07-29,471449.98,No,91.1,3.682,219.0768548,6.404,2011,July,7,Q3,30,29
9,2011-05-08,554879.67,No,91.52,3.684,219.1349201,6.404,2011,May,5,Q2,18,8
9,2011-12-08,520284.79,No,91.63,3.638,219.1929854,6.404,2011,December,12,Q4,49,8
9,2011-08-19,540819.44,No,85.8,3.554,219.2556109,6.404,2011,August,8,Q3,33,19
9,2011-08-26,542663.53,No,88.95,3.523,219.3189965,6.404,2011,August,8,Q3,34,26
9,2011-02-09,544643.33,No,89.33,3.533,219.382382,6.404,2011,February,2,Q1,6,9
9,2011-09-09,528784.86,Yes,75.65,3.546,219.4457675,6.404,2011,September,9,Q3,36,9
9,2011-09-16,500274.03,No,77.95,3.526,219.6297841,6.404,2011,September,9,Q3,37,16
9,2011-09-23,506743.78,No,74.42,3.467,219.9746423,6.404,2011,September,9,Q3,38,23
9,2011-09-30,508567.04,No,78.45,3.355,220.3195004,6.404,2011,September,9,Q3,39,30
9,2011-07-10,553836.98,No,72.62,3.285,220.6643585,6.054,2011,July,7,Q3,27,10
9,2011-10-14,529515.66,No,67.27,3.274,220.9836849,6.054,2011,October,10,Q4,41,14
9,2011-10-21,557075.21,No,65.46,3.353,221.1498206,6.054,2011,October,10,Q4,42,21
9,2011-10-28,548527.49,No,63.96,3.372,221.3159563,6.054,2011,October,10,Q4,43,28
9,2011-04-11,597855.07,No,54.46,3.332,221.4820921,6.054,2011,April,4,Q2,15,11
9,2011-11-11,594574.12,No,58.28,3.297,221.6482278,6.054,2011,November,11,Q4,45,11
9,2011-11-18,542414.27,No,58.8,3.308,221.8803923,6.054,2011,November,11,Q4,46,18
9,2011-11-25,814753.5,Yes,54.32,3.236,222.1389683,6.054,2011,November,11,Q4,47,25
9,2011-02-12,613115.21,No,46.84,3.172,222.3975443,6.054,2011,February,2,Q1,6,12
9,2011-09-12,630327.28,No,37.65,3.158,222.6561203,6.054,2011,September,9,Q3,37,12
9,2011-12-16,705557.97,No,47.31,3.159,222.8825484,6.054,2011,December,12,Q4,50,16
9,2011-12-23,905324.68,No,44.43,3.112,223.0661125,6.054,2011,December,12,Q4,51,23
9,2011-12-30,549788.36,Yes,43.41,3.129,223.2496766,6.054,2011,December,12,Q4,52,30
9,2012-06-01,519585.67,No,47.54,3.157,223.4332408,5.667,2012,June,6,Q2,22,1
9,2012-01-13,474964.6,No,42.44,3.261,223.6168049,5.667,2012,January,1,Q1,2,13
9,2012-01-20,480130.04,No,51.56,3.268,223.7114288,5.667,2012,January,1,Q1,3,20
9,2012-01-27,482451.21,No,49.38,3.29,223.8060527,5.667,2012,January,1,Q1,4,27
9,2012-03-02,549967.89,No,54.43,3.36,223.9006766,5.667,2012,March,3,Q1,9,2
9,2012-10-02,609736.12,Yes,44.03,3.409,223.9953006,5.667,2012,October,10,Q4,40,2
9,2012-02-17,658965.05,No,43.81,3.51,224.1588663,5.667,2012,February,2,Q1,7,17
9,2012-02-24,563578.79,No,53.67,3.555,224.3741384,5.667,2012,February,2,Q1,8,24
9,2012-02-03,619498.28,No,57.2,3.63,224.5894104,5.667,2012,February,2,Q1,5,3
9,2012-09-03,574955.95,No,54.03,3.669,224.8046825,5.667,2012,September,9,Q3,36,3
9,2012-03-16,550373.57,No,59.94,3.734,224.9594902,5.667,2012,March,3,Q1,11,16
9,2012-03-23,550791.32,No,58.79,3.787,225.0336786,5.667,2012,March,3,Q1,12,23
9,2012-03-30,574985.37,No,67.87,3.845,225.107867,5.667,2012,March,3,Q1,13,30
9,2012-06-04,677885.99,No,68.83,3.891,225.1820555,5.539,2012,June,6,Q2,23,4
9,2012-04-13,578539.86,No,69.19,3.891,225.2562439,5.539,2012,April,4,Q2,15,13
9,2012-04-20,542819.03,No,68.04,3.877,225.3117488,5.539,2012,April,4,Q2,16,20
9,2012-04-27,550414.99,No,73.07,3.814,225.3672537,5.539,2012,April,4,Q2,17,27
9,2012-04-05,586289.08,No,78.98,3.749,225.4227585,5.539,2012,April,4,Q2,14,5
9,2012-11-05,592572.3,No,70.94,3.688,225.4782634,5.539,2012,November,11,Q4,45,5
9,2012-05-18,571463.93,No,69.52,3.63,225.4942498,5.539,2012,May,5,Q2,20,18
9,2012-05-25,547226.0,No,79.69,3.561,225.4944288,5.539,2012,May,5,Q2,21,25
9,2012-01-06,583648.59,No,80.26,3.501,225.4946078,5.539,2012,January,1,Q1,1,6
9,2012-08-06,582525.42,No,78.91,3.452,225.4947868,5.539,2012,August,8,Q3,32,6
9,2012-06-15,564606.1,No,82.21,3.393,225.5070634,5.539,2012,June,6,Q2,24,15
9,2012-06-22,562173.12,No,81.05,3.346,225.5495841,5.539,2012,June,6,Q2,25,22
9,2012-06-29,544770.7,No,87.18,3.286,225.5921049,5.539,2012,June,6,Q2,26,29
9,2012-06-07,578790.36,No,84.15,3.227,225.6346256,5.277,2012,June,6,Q2,23,7
9,2012-07-13,536537.64,No,82.39,3.256,225.6771463,5.277,2012,July,7,Q3,28,13
9,2012-07-20,513991.57,No,83.39,3.311,225.6871121,5.277,2012,July,7,Q3,29,20
9,2012-07-27,495951.0,No,86.41,3.407,225.6970779,5.277,2012,July,7,Q3,30,27
9,2012-03-08,533887.54,No,90.23,3.417,225.7070437,5.277,2012,March,3,Q1,10,8
9,2012-10-08,538713.47,No,88.66,3.494,225.7170094,5.277,2012,October,10,Q4,41,8
9,2012-08-17,535153.47,No,86.37,3.571,225.7995323,5.277,2012,August,8,Q3,33,17
9,2012-08-24,572887.78,No,77.9,3.62,225.9364729,5.277,2012,August,8,Q3,34,24
9,2012-08-31,576879.15,No,80.71,3.638,226.0734135,5.277,2012,August,8,Q3,35,31
9,2012-07-09,565812.29,Yes,87.93,3.73,226.2103541,5.277,2012,July,7,Q3,28,9
9,2012-09-14,523427.35,No,73.55,3.717,226.3567545,5.277,2012,September,9,Q3,37,14
9,2012-09-21,533756.88,No,69.92,3.721,226.5599138,5.277,2012,September,9,Q3,38,21
9,2012-09-28,516361.06,No,76.8,3.666,226.7630732,5.277,2012,September,9,Q3,39,28
9,2012-05-10,606755.3,No,66.61,3.617,226.9662325,4.954,2012,May,5,Q2,19,10
9,2012-12-10,558464.8,No,60.09,3.601,227.1693919,4.954,2012,December,12,Q4,50,10
9,2012-10-19,542009.46,No,68.01,3.594,227.214288,4.954,2012,October,10,Q4,42,19
9,2012-10-26,549731.49,No,69.52,3.506,227.2328068,4.954,2012,October,10,Q4,43,26
10,2010-05-02,2193048.75,No,54.34,2.962,126.4420645,9.765,2010,May,5,Q2,17,2
10,2010-12-02,2176028.52,Yes,49.96,2.828,126.4962581,9.765,2010,December,12,Q4,48,2
10,2010-02-19,2113432.58,No,58.22,2.915,126.5262857,9.765,2010,February,2,Q1,7,19
10,2010-02-26,2006774.96,No,52.77,2.825,126.5522857,9.765,2010,February,2,Q1,8,26
10,2010-05-03,1987090.09,No,55.92,2.877,126.5782857,9.765,2010,May,5,Q2,18,3
10,2010-12-03,1941346.13,No,52.33,3.034,126.6042857,9.765,2010,December,12,Q4,48,3
10,2010-03-19,1946875.06,No,61.46,3.054,126.6066452,9.765,2010,March,3,Q1,11,19
10,2010-03-26,1893532.46,No,60.05,2.98,126.6050645,9.765,2010,March,3,Q1,12,26
10,2010-02-04,2138651.97,No,63.66,3.086,126.6034839,9.524,2010,February,2,Q1,5,4
10,2010-09-04,2041069.37,No,65.29,3.004,126.6019032,9.524,2010,September,9,Q3,35,4
10,2010-04-16,1826241.44,No,69.74,3.109,126.5621,9.524,2010,April,4,Q2,15,16
10,2010-04-23,1829521.83,No,66.42,3.05,126.4713333,9.524,2010,April,4,Q2,16,23
10,2010-04-30,1790694.59,No,69.76,3.105,126.3805667,9.524,2010,April,4,Q2,17,30
10,2010-07-05,1921432.16,No,71.06,3.127,126.2898,9.524,2010,July,7,Q3,27,5
10,2010-05-14,1808056.41,No,73.88,3.145,126.2085484,9.524,2010,May,5,Q2,19,14
10,2010-05-21,1847613.58,No,78.32,3.12,126.1843871,9.524,2010,May,5,Q2,20,21
10,2010-05-28,1904618.17,No,76.67,3.058,126.1602258,9.524,2010,May,5,Q2,21,28
10,2010-04-06,1931406.28,No,82.82,2.941,126.1360645,9.524,2010,April,4,Q2,14,6
10,2010-11-06,1827521.71,No,89.67,3.057,126.1119032,9.524,2010,November,11,Q4,44,6
10,2010-06-18,1837636.24,No,83.49,2.935,126.114,9.524,2010,June,6,Q2,24,18
10,2010-06-25,1768172.31,No,90.32,3.084,126.1266,9.524,2010,June,6,Q2,25,25
10,2010-02-07,1845893.87,No,92.89,2.978,126.1392,9.199,2010,February,2,Q1,5,7
10,2010-09-07,1769793.37,No,91.03,3.1,126.1518,9.199,2010,September,9,Q3,36,7
10,2010-07-16,1828052.47,No,91.8,2.971,126.1498065,9.199,2010,July,7,Q3,28,16
10,2010-07-23,1831676.03,No,88.44,3.112,126.1283548,9.199,2010,July,7,Q3,29,23
10,2010-07-30,1832664.03,No,85.03,3.017,126.1069032,9.199,2010,July,7,Q3,30,30
10,2010-06-08,1949236.09,No,86.13,3.123,126.0854516,9.199,2010,June,6,Q2,23,8
10,2010-08-13,1962996.7,No,88.37,3.049,126.064,9.199,2010,August,8,Q3,32,13
10,2010-08-20,1983190.56,No,89.88,3.041,126.0766452,9.199,2010,August,8,Q3,33,20
10,2010-08-27,1727565.42,No,84.99,3.022,126.0892903,9.199,2010,August,8,Q3,34,27
10,2010-03-09,1766331.45,No,83.8,3.087,126.1019355,9.199,2010,March,3,Q1,10,9
10,2010-10-09,1720530.23,Yes,84.04,2.961,126.1145806,9.199,2010,October,10,Q4,40,9
10,2010-09-17,1716755.78,No,85.52,3.028,126.1454667,9.199,2010,September,9,Q3,37,17
10,2010-09-24,1655036.75,No,85.75,2.939,126.1900333,9.199,2010,September,9,Q3,38,24
10,2010-01-10,1645892.97,No,86.01,3.001,126.2346,9.003,2010,January,1,Q1,1,10
10,2010-08-10,1772192.42,No,77.04,2.924,126.2791667,9.003,2010,August,8,Q3,32,10
10,2010-10-15,1703850.25,No,75.48,3.08,126.3266774,9.003,2010,October,10,Q4,41,15
10,2010-10-22,1740234.06,No,68.12,3.014,126.3815484,9.003,2010,October,10,Q4,42,22
10,2010-10-29,1741308.56,No,68.76,3.13,126.4364194,9.003,2010,October,10,Q4,43,29
10,2010-05-11,1832211.96,No,71.04,3.009,126.4912903,9.003,2010,May,5,Q2,19,11
10,2010-12-11,1895901.59,No,61.24,3.13,126.5461613,9.003,2010,December,12,Q4,49,11
10,2010-11-19,1949177.13,No,58.83,3.047,126.6072,9.003,2010,November,11,Q4,46,19
10,2010-11-26,2939946.38,Yes,55.33,3.162,126.6692667,9.003,2010,November,11,Q4,47,26
10,2010-03-12,2251206.64,No,51.17,3.041,126.7313333,9.003,2010,March,3,Q1,10,12
10,2010-10-12,2411790.21,No,60.51,3.091,126.7934,9.003,2010,October,10,Q4,41,12
10,2010-12-17,2811646.85,No,59.15,3.125,126.8794839,9.003,2010,December,12,Q4,50,17
10,2010-12-24,3749057.69,No,57.06,3.236,126.9835806,9.003,2010,December,12,Q4,51,24
10,2010-12-31,1707298.14,Yes,49.67,3.148,127.0876774,9.003,2010,December,12,Q4,52,31
10,2011-07-01,1714309.9,No,43.43,3.287,127.1917742,8.744,2011,July,7,Q3,26,1
10,2011-01-14,1710803.59,No,49.98,3.312,127.3009355,8.744,2011,January,1,Q1,2,14
10,2011-01-21,1677556.18,No,56.75,3.336,127.4404839,8.744,2011,January,1,Q1,3,21
10,2011-01-28,1715769.05,No,53.03,3.231,127.5800323,8.744,2011,January,1,Q1,4,28
10,2011-04-02,1968045.91,No,44.88,3.348,127.7195806,8.744,2011,April,4,Q2,13,2
10,2011-11-02,2115408.31,Yes,51.51,3.381,127.859129,8.744,2011,November,11,Q4,44,2
10,2011-02-18,2106934.55,No,61.77,3.43,127.99525,8.744,2011,February,2,Q1,7,18
10,2011-02-25,1967996.71,No,53.59,3.398,128.13,8.744,2011,February,2,Q1,8,25
10,2011-04-03,1958003.19,No,56.96,3.674,128.26475,8.744,2011,April,4,Q2,13,3
10,2011-11-03,1933469.15,No,64.22,3.63,128.3995,8.744,2011,November,11,Q4,44,3
10,2011-03-18,1884734.31,No,70.12,3.892,128.5121935,8.744,2011,March,3,Q1,11,18
10,2011-03-25,1815798.85,No,62.53,3.716,128.6160645,8.744,2011,March,3,Q1,12,25
10,2011-01-04,1827733.18,No,67.64,3.772,128.7199355,8.494,2011,January,1,Q1,1,4
10,2011-08-04,1870720.73,No,73.03,3.818,128.8238065,8.494,2011,August,8,Q3,31,4
10,2011-04-15,1781767.22,No,61.05,4.089,128.9107333,8.494,2011,April,4,Q2,15,15
10,2011-04-22,2004831.14,No,75.93,3.917,128.9553,8.494,2011,April,4,Q2,16,22
10,2011-04-29,1873646.34,No,73.38,4.151,128.9998667,8.494,2011,April,4,Q2,17,29
10,2011-06-05,1841369.99,No,73.56,4.193,129.0444333,8.494,2011,June,6,Q2,22,5
10,2011-05-13,1712995.44,No,74.04,4.202,129.089,8.494,2011,May,5,Q2,19,13
10,2011-05-20,1720908.01,No,72.62,3.99,129.0756774,8.494,2011,May,5,Q2,20,20
10,2011-05-27,1743000.38,No,78.62,3.933,129.0623548,8.494,2011,May,5,Q2,21,27
10,2011-03-06,1792210.89,No,81.87,3.893,129.0490323,8.494,2011,March,3,Q1,9,6
10,2011-10-06,1740063.1,No,84.57,3.981,129.0357097,8.494,2011,October,10,Q4,40,6
10,2011-06-17,1817934.76,No,87.96,3.935,129.0432,8.494,2011,June,6,Q2,24,17
10,2011-06-24,1711813.13,No,90.69,3.807,129.0663,8.494,2011,June,6,Q2,25,24
10,2011-01-07,1751369.75,No,95.36,3.842,129.0894,8.257,2011,January,1,Q1,1,7
10,2011-08-07,1699708.38,No,88.57,3.793,129.1125,8.257,2011,August,8,Q3,31,7
10,2011-07-15,1775068.4,No,86.01,3.779,129.1338387,8.257,2011,July,7,Q3,28,15
10,2011-07-22,1774342.61,No,88.59,3.697,129.1507742,8.257,2011,July,7,Q3,29,22
10,2011-07-29,1745841.33,No,86.75,3.694,129.1677097,8.257,2011,July,7,Q3,30,29
10,2011-05-08,1886299.98,No,89.8,3.803,129.1846452,8.257,2011,May,5,Q2,18,8
10,2011-12-08,1917397.63,No,85.61,3.794,129.2015806,8.257,2011,December,12,Q4,49,8
10,2011-08-19,1954849.68,No,87.4,3.743,129.2405806,8.257,2011,August,8,Q3,33,19
10,2011-08-26,1728399.07,No,91.59,3.663,129.2832581,8.257,2011,August,8,Q3,34,26
10,2011-02-09,1758587.35,No,91.61,3.798,129.3259355,8.257,2011,February,2,Q1,6,9
10,2011-09-09,1670579.82,Yes,89.06,3.771,129.3686129,8.257,2011,September,9,Q3,36,9
10,2011-09-16,1650894.3,No,77.49,3.784,129.4306,8.257,2011,September,9,Q3,37,16
10,2011-09-23,1685910.53,No,82.51,3.789,129.5183333,8.257,2011,September,9,Q3,38,23
10,2011-09-30,1627707.31,No,82.27,3.877,129.6060667,8.257,2011,September,9,Q3,39,30
10,2011-07-10,1788227.6,No,75.01,3.827,129.6938,7.874,2011,July,7,Q3,27,10
10,2011-10-14,1704753.02,No,70.27,3.698,129.7706452,7.874,2011,October,10,Q4,41,14
10,2011-10-21,1745928.56,No,77.91,3.842,129.7821613,7.874,2011,October,10,Q4,42,21
10,2011-10-28,1771792.97,No,72.79,3.843,129.7936774,7.874,2011,October,10,Q4,43,28
10,2011-04-11,1904438.59,No,68.57,3.828,129.8051935,7.874,2011,April,4,Q2,15,11
10,2011-11-11,2076570.84,No,55.28,3.677,129.8167097,7.874,2011,November,11,Q4,45,11
10,2011-11-18,1869087.85,No,58.97,3.669,129.8268333,7.874,2011,November,11,Q4,46,18
10,2011-11-25,2950198.64,Yes,60.68,3.76,129.8364,7.874,2011,November,11,Q4,47,25
10,2011-02-12,2068097.18,No,57.29,3.701,129.8459667,7.874,2011,February,2,Q1,6,12
10,2011-09-12,2429310.9,No,42.58,3.644,129.8555333,7.874,2011,September,9,Q3,37,12
10,2011-12-16,2555031.18,No,50.53,3.489,129.8980645,7.874,2011,December,12,Q4,50,16
10,2011-12-23,3487986.89,No,48.36,3.541,129.9845484,7.874,2011,December,12,Q4,51,23
10,2011-12-30,1930690.37,Yes,48.92,3.428,130.0710323,7.874,2011,December,12,Q4,52,30
10,2012-06-01,1683401.78,No,59.85,3.443,130.1575161,7.545,2012,June,6,Q2,22,1
10,2012-01-13,1711562.73,No,51.0,3.477,130.244,7.545,2012,January,1,Q1,2,13
10,2012-01-20,1675562.94,No,54.51,3.66,130.2792258,7.545,2012,January,1,Q1,3,20
10,2012-01-27,1632406.0,No,53.59,3.675,130.3144516,7.545,2012,January,1,Q1,4,27
10,2012-03-02,1867403.01,No,56.85,3.543,130.3496774,7.545,2012,March,3,Q1,9,2
10,2012-10-02,2218595.8,Yes,55.73,3.722,130.3849032,7.545,2012,October,10,Q4,40,2
10,2012-02-17,2168709.76,No,54.12,3.781,130.4546207,7.545,2012,February,2,Q1,7,17
10,2012-02-24,2039415.74,No,56.02,3.95,130.5502069,7.545,2012,February,2,Q1,8,24
10,2012-02-03,1990371.02,No,57.62,3.882,130.6457931,7.545,2012,February,2,Q1,5,3
10,2012-09-03,1917483.1,No,57.65,3.963,130.7413793,7.545,2012,September,9,Q3,36,3
10,2012-03-16,1930814.66,No,62.11,4.273,130.8261935,7.545,2012,March,3,Q1,11,16
10,2012-03-23,1837457.69,No,56.54,4.288,130.8966452,7.545,2012,March,3,Q1,12,23
10,2012-03-30,1815760.42,No,67.92,4.294,130.9670968,7.545,2012,March,3,Q1,13,30
10,2012-06-04,2163384.17,No,65.99,4.282,131.0375484,7.382,2012,June,6,Q2,23,4
10,2012-04-13,1974687.51,No,70.28,4.254,131.108,7.382,2012,April,4,Q2,15,13
10,2012-04-20,1777166.53,No,67.75,4.111,131.1173333,7.382,2012,April,4,Q2,16,20
10,2012-04-27,1712987.56,No,80.11,4.088,131.1266667,7.382,2012,April,4,Q2,17,27
10,2012-04-05,1821364.42,No,77.02,4.058,131.136,7.382,2012,April,4,Q2,14,5
10,2012-11-05,1792345.3,No,76.03,4.186,131.1453333,7.382,2012,November,11,Q4,45,5
10,2012-05-18,1795152.73,No,85.19,4.308,131.0983226,7.382,2012,May,5,Q2,20,18
10,2012-05-25,1830939.1,No,86.03,4.127,131.0287742,7.382,2012,May,5,Q2,21,25
10,2012-01-06,1767471.48,No,80.06,4.277,130.9592258,7.382,2012,January,1,Q1,1,6
10,2012-08-06,1840491.41,No,86.87,4.103,130.8896774,7.382,2012,August,8,Q3,32,6
10,2012-06-15,1811562.88,No,88.58,4.144,130.8295333,7.382,2012,June,6,Q2,24,15
10,2012-06-22,1755334.18,No,89.92,4.014,130.7929,7.382,2012,June,6,Q2,25,22
10,2012-06-29,1707481.9,No,91.36,3.875,130.7562667,7.382,2012,June,6,Q2,26,29
10,2012-06-07,1805999.79,No,86.87,3.666,130.7196333,7.17,2012,June,6,Q2,23,7
10,2012-07-13,1765571.91,No,89.8,3.723,130.683,7.17,2012,July,7,Q3,28,13
10,2012-07-20,1869967.03,No,84.45,3.589,130.7012903,7.17,2012,July,7,Q3,29,20
10,2012-07-27,1817603.66,No,83.98,3.769,130.7195806,7.17,2012,July,7,Q3,30,27
10,2012-03-08,1939440.09,No,84.76,3.595,130.737871,7.17,2012,March,3,Q1,10,8
10,2012-10-08,1880436.94,No,90.78,3.811,130.7561613,7.17,2012,October,10,Q4,41,8
10,2012-08-17,1827797.4,No,88.83,4.002,130.7909677,7.17,2012,August,8,Q3,33,17
10,2012-08-24,1764984.15,No,82.5,4.055,130.8381613,7.17,2012,August,8,Q3,34,24
10,2012-08-31,1650285.54,No,86.97,3.886,130.8853548,7.17,2012,August,8,Q3,35,31
10,2012-07-09,1708283.28,Yes,83.07,4.124,130.9325484,7.17,2012,July,7,Q3,28,9
10,2012-09-14,1640168.99,No,78.47,3.966,130.9776667,7.17,2012,September,9,Q3,37,14
10,2012-09-21,1671857.57,No,81.93,4.125,131.0103333,7.17,2012,September,9,Q3,38,21
10,2012-09-28,1694862.41,No,82.52,3.966,131.043,7.17,2012,September,9,Q3,39,28
10,2012-05-10,1758971.38,No,80.88,4.132,131.0756667,6.943,2012,May,5,Q2,19,10
10,2012-12-10,1713889.11,No,76.03,4.468,131.1083333,6.943,2012,December,12,Q4,50,10
10,2012-10-19,1734834.82,No,72.71,4.449,131.1499677,6.943,2012,October,10,Q4,42,19
10,2012-10-26,1744349.05,No,70.5,4.301,131.1930968,6.943,2012,October,10,Q4,43,26
11,2010-05-02,1528008.64,No,46.04,2.572,214.4248812,7.368,2010,May,5,Q2,17,2
11,2010-12-02,1574684.08,Yes,48.01,2.548,214.5747916,7.368,2010,December,12,Q4,48,2
11,2010-02-19,1503298.7,No,48.3,2.514,214.6198868,7.368,2010,February,2,Q1,7,19
11,2010-02-26,1336404.65,No,52.79,2.561,214.6475127,7.368,2010,February,2,Q1,8,26
11,2010-05-03,1426622.65,No,53.96,2.625,214.6751386,7.368,2010,May,5,Q2,18,3
11,2010-12-03,1331883.16,No,64.1,2.667,214.7027646,7.368,2010,December,12,Q4,48,3
11,2010-03-19,1364207.0,No,61.51,2.72,214.5301219,7.368,2010,March,3,Q1,11,19
11,2010-03-26,1245624.27,No,58.09,2.732,214.3241011,7.368,2010,March,3,Q1,12,26
11,2010-02-04,1446210.26,No,66.16,2.719,214.1180803,7.343,2010,February,2,Q1,5,4
11,2010-09-04,1470308.32,No,69.57,2.77,213.9120595,7.343,2010,September,9,Q3,35,4
11,2010-04-16,1323243.35,No,67.81,2.808,213.7726889,7.343,2010,April,4,Q2,15,16
11,2010-04-23,1283766.55,No,68.37,2.795,213.7221852,7.343,2010,April,4,Q2,16,23
11,2010-04-30,1239766.89,No,71.13,2.78,213.6716815,7.343,2010,April,4,Q2,17,30
11,2010-07-05,1312329.78,No,75.57,2.835,213.6211778,7.343,2010,July,7,Q3,27,5
11,2010-05-14,1266796.13,No,77.64,2.854,213.6196139,7.343,2010,May,5,Q2,19,14
11,2010-05-21,1271646.62,No,76.97,2.826,213.9116886,7.343,2010,May,5,Q2,20,21
11,2010-05-28,1264272.52,No,79.69,2.759,214.2037634,7.343,2010,May,5,Q2,21,28
11,2010-04-06,1396322.19,No,79.66,2.705,214.4958382,7.343,2010,April,4,Q2,14,6
11,2010-11-06,1339570.85,No,82.81,2.668,214.787913,7.343,2010,November,11,Q4,44,6
11,2010-06-18,1336522.92,No,84.13,2.637,214.7858259,7.343,2010,June,6,Q2,24,18
11,2010-06-25,1262025.08,No,84.5,2.653,214.6660741,7.343,2010,June,6,Q2,25,25
11,2010-02-07,1302600.14,No,83.09,2.669,214.5463222,7.346,2010,February,2,Q1,5,7
11,2010-09-07,1280156.47,No,83.01,2.642,214.4265704,7.346,2010,September,9,Q3,36,7
11,2010-07-16,1290609.54,No,84.9,2.623,214.4176476,7.346,2010,July,7,Q3,28,16
11,2010-07-23,1244390.03,No,84.57,2.608,214.5564968,7.346,2010,July,7,Q3,29,23
11,2010-07-30,1250178.89,No,83.26,2.64,214.695346,7.346,2010,July,7,Q3,30,30
11,2010-06-08,1369634.92,No,86.54,2.627,214.8341952,7.346,2010,June,6,Q2,23,8
11,2010-08-13,1384339.1,No,87.73,2.692,214.9730444,7.346,2010,August,8,Q3,32,13
11,2010-08-20,1430192.37,No,88.93,2.664,214.9314191,7.346,2010,August,8,Q3,33,20
11,2010-08-27,1311263.07,No,87.7,2.619,214.8897938,7.346,2010,August,8,Q3,34,27
11,2010-03-09,1303914.27,No,84.94,2.577,214.8481685,7.346,2010,March,3,Q1,10,9
11,2010-10-09,1231428.46,Yes,81.93,2.565,214.8065431,7.346,2010,October,10,Q4,40,9
11,2010-09-17,1215676.31,No,83.04,2.582,214.8322484,7.346,2010,September,9,Q3,37,17
11,2010-09-24,1170103.25,No,77.36,2.624,214.9084516,7.346,2010,September,9,Q3,38,24
11,2010-01-10,1182490.46,No,75.11,2.603,214.9846548,7.564,2010,January,1,Q1,1,10
11,2010-08-10,1293472.8,No,68.71,2.633,215.060858,7.564,2010,August,8,Q3,32,10
11,2010-10-15,1175003.67,No,71.46,2.72,215.1293114,7.564,2010,October,10,Q4,41,15
11,2010-10-22,1169831.38,No,72.6,2.725,215.17839,7.564,2010,October,10,Q4,42,22
11,2010-10-29,1195036.0,No,74.21,2.716,215.2274686,7.564,2010,October,10,Q4,43,29
11,2010-05-11,1332759.13,No,64.41,2.689,215.2765472,7.564,2010,May,5,Q2,19,11
11,2010-12-11,1281675.6,No,63.74,2.728,215.3256258,7.564,2010,December,12,Q4,49,11
11,2010-11-19,1292346.57,No,58.63,2.771,215.2074519,7.564,2010,November,11,Q4,46,19
11,2010-11-26,1757242.51,Yes,69.9,2.735,215.0614025,7.564,2010,November,11,Q4,47,26
11,2010-03-12,1380522.64,No,55.9,2.708,214.9153531,7.564,2010,March,3,Q1,10,12
11,2010-10-12,1564516.43,No,53.33,2.843,214.7693037,7.564,2010,October,10,Q4,41,12
11,2010-12-17,1843971.15,No,54.63,2.869,214.704919,7.564,2010,December,12,Q4,50,17
11,2010-12-24,2306265.36,No,59.33,2.886,214.7017828,7.564,2010,December,12,Q4,51,24
11,2010-12-31,1172003.1,Yes,55.03,2.943,214.6986466,7.564,2010,December,12,Q4,52,31
11,2011-07-01,1178905.44,No,54.43,2.976,214.6955104,7.551,2011,July,7,Q3,26,1
11,2011-01-14,1194449.78,No,45.34,2.983,214.7470729,7.551,2011,January,1,Q1,2,14
11,2011-01-21,1187776.19,No,51.51,3.016,215.1268275,7.551,2011,January,1,Q1,3,21
11,2011-01-28,1100418.69,No,51.04,3.01,215.5065821,7.551,2011,January,1,Q1,4,28
11,2011-04-02,1422546.05,No,47.17,2.989,215.8863367,7.551,2011,April,4,Q2,13,2
11,2011-11-02,1419236.9,Yes,44.61,3.022,216.2660913,7.551,2011,November,11,Q4,44,2
11,2011-02-18,1554747.15,No,61.5,3.045,216.5843571,7.551,2011,February,2,Q1,7,18
11,2011-02-25,1323999.36,No,68.74,3.065,216.8780275,7.551,2011,February,2,Q1,8,25
11,2011-04-03,1399456.99,No,66.5,3.288,217.1716979,7.551,2011,April,4,Q2,13,3
11,2011-11-03,1314557.31,No,63.29,3.459,217.4653683,7.551,2011,November,11,Q4,44,3
11,2011-03-18,1391813.69,No,70.17,3.488,217.7235226,7.551,2011,March,3,Q1,11,18
11,2011-03-25,1229777.24,No,73.74,3.473,217.9674705,7.551,2011,March,3,Q1,12,25
11,2011-01-04,1258674.12,No,69.1,3.524,218.2114184,7.574,2011,January,1,Q1,1,4
11,2011-08-04,1327401.06,No,73.57,3.622,218.4553663,7.574,2011,August,8,Q3,31,4
11,2011-04-15,1312905.8,No,76.64,3.743,218.6788642,7.574,2011,April,4,Q2,15,15
11,2011-04-22,1388118.53,No,78.31,3.807,218.851237,7.574,2011,April,4,Q2,16,22
11,2011-04-29,1357589.89,No,79.97,3.81,219.0236099,7.574,2011,April,4,Q2,17,29
11,2011-06-05,1331453.41,No,71.39,3.906,219.1959827,7.574,2011,June,6,Q2,22,5
11,2011-05-13,1277959.42,No,80.93,3.899,219.3683556,7.574,2011,May,5,Q2,19,13
11,2011-05-20,1239466.97,No,76.97,3.907,219.127216,7.574,2011,May,5,Q2,20,20
11,2011-05-27,1216876.52,No,85.61,3.786,218.8860765,7.574,2011,May,5,Q2,21,27
11,2011-03-06,1343637.0,No,86.14,3.699,218.6449369,7.574,2011,March,3,Q1,9,6
11,2011-10-06,1314626.75,No,85.79,3.648,218.4037974,7.574,2011,October,10,Q4,40,6
11,2011-06-17,1337506.74,No,87.9,3.637,218.3551748,7.574,2011,June,6,Q2,24,17
11,2011-06-24,1254587.84,No,86.13,3.594,218.45094,7.574,2011,June,6,Q2,25,24
11,2011-01-07,1297472.06,No,86.43,3.524,218.5467052,7.567,2011,January,1,Q1,1,7
11,2011-08-07,1334627.96,No,87.17,3.48,218.6424704,7.567,2011,August,8,Q3,31,7
11,2011-07-15,1266546.73,No,88.3,3.575,218.7275216,7.567,2011,July,7,Q3,28,15
11,2011-07-22,1290576.44,No,87.8,3.651,218.7857881,7.567,2011,July,7,Q3,29,22
11,2011-07-29,1212938.67,No,89.46,3.682,218.8440545,7.567,2011,July,7,Q3,30,29
11,2011-05-08,1403198.94,No,90.04,3.684,218.9023209,7.567,2011,May,5,Q2,18,8
11,2011-12-08,1354188.43,No,90.3,3.638,218.9605873,7.567,2011,December,12,Q4,49,8
11,2011-08-19,1484169.74,No,89.51,3.554,219.023271,7.567,2011,August,8,Q3,33,19
11,2011-08-26,1304706.75,No,89.09,3.523,219.0866908,7.567,2011,August,8,Q3,34,26
11,2011-02-09,1297792.41,No,91.44,3.533,219.1501106,7.567,2011,February,2,Q1,6,9
11,2011-09-09,1249439.95,Yes,84.91,3.546,219.2135305,7.567,2011,September,9,Q3,36,9
11,2011-09-16,1270816.01,No,85.11,3.526,219.3972867,7.567,2011,September,9,Q3,37,16
11,2011-09-23,1235775.15,No,82.14,3.467,219.7414914,7.567,2011,September,9,Q3,38,23
11,2011-09-30,1190515.83,No,84.4,3.355,220.085696,7.567,2011,September,9,Q3,39,30
11,2011-07-10,1346271.06,No,76.97,3.285,220.4299007,7.197,2011,July,7,Q3,27,10
11,2011-10-14,1286388.96,No,75.56,3.274,220.7486167,7.197,2011,October,10,Q4,41,14
11,2011-10-21,1325107.53,No,70.91,3.353,220.9144005,7.197,2011,October,10,Q4,42,21
11,2011-10-28,1310684.1,No,72.66,3.372,221.0801842,7.197,2011,October,10,Q4,43,28
11,2011-04-11,1458287.38,No,61.13,3.332,221.245968,7.197,2011,April,4,Q2,15,11
11,2011-11-11,1366053.69,No,64.2,3.297,221.4117517,7.197,2011,November,11,Q4,45,11
11,2011-11-18,1315091.63,No,66.17,3.308,221.6432852,7.197,2011,November,11,Q4,46,18
11,2011-11-25,1848953.48,Yes,70.03,3.236,221.9011185,7.197,2011,November,11,Q4,47,25
11,2011-02-12,1399322.44,No,56.89,3.172,222.1589519,7.197,2011,February,2,Q1,6,12
11,2011-09-12,1646655.94,No,50.63,3.158,222.4167852,7.197,2011,September,9,Q3,37,12
11,2011-12-16,1783910.06,No,59.69,3.159,222.6426418,7.197,2011,December,12,Q4,50,16
11,2011-12-23,2213518.5,No,54.29,3.112,222.8258628,7.197,2011,December,12,Q4,51,23
11,2011-12-30,1352084.21,Yes,48.86,3.129,223.0090839,7.197,2011,December,12,Q4,52,30
11,2012-06-01,1283885.55,No,54.44,3.157,223.1923049,6.833,2012,June,6,Q2,22,1
11,2012-01-13,1264736.59,No,53.1,3.261,223.3755259,6.833,2012,January,1,Q1,2,13
11,2012-01-20,1207303.29,No,56.43,3.268,223.4700552,6.833,2012,January,1,Q1,3,20
11,2012-01-27,1162675.85,No,58.36,3.29,223.5645845,6.833,2012,January,1,Q1,4,27
11,2012-03-02,1376732.18,No,60.24,3.36,223.6591137,6.833,2012,March,3,Q1,9,2
11,2012-10-02,1574287.76,Yes,52.23,3.409,223.753643,6.833,2012,October,10,Q4,40,2
11,2012-02-17,1569607.94,No,52.77,3.51,223.9170153,6.833,2012,February,2,Q1,7,17
11,2012-02-24,1379473.03,No,61.11,3.555,224.1320199,6.833,2012,February,2,Q1,8,24
11,2012-02-03,1438383.44,No,62.61,3.63,224.3470245,6.833,2012,February,2,Q1,5,3
11,2012-09-03,1413382.76,No,61.44,3.669,224.5620291,6.833,2012,September,9,Q3,36,3
11,2012-03-16,1441884.28,No,64.21,3.734,224.7166953,6.833,2012,March,3,Q1,11,16
11,2012-03-23,1300593.61,No,67.16,3.787,224.7909104,6.833,2012,March,3,Q1,12,23
11,2012-03-30,1300104.03,No,70.23,3.845,224.8651254,6.833,2012,March,3,Q1,13,30
11,2012-06-04,1596325.01,No,74.19,3.891,224.9393405,6.664,2012,June,6,Q2,23,4
11,2012-04-13,1472752.01,No,72.74,3.891,225.0135556,6.664,2012,April,4,Q2,15,13
11,2012-04-20,1315356.99,No,71.97,3.877,225.0689541,6.664,2012,April,4,Q2,16,20
11,2012-04-27,1236238.29,No,73.4,3.814,225.1243526,6.664,2012,April,4,Q2,17,27
11,2012-04-05,1370251.22,No,79.07,3.749,225.1797511,6.664,2012,April,4,Q2,14,5
11,2012-11-05,1300147.07,No,75.13,3.688,225.2351496,6.664,2012,November,11,Q4,45,5
11,2012-05-18,1352442.31,No,72.53,3.63,225.2512024,6.664,2012,May,5,Q2,20,18
11,2012-05-25,1297335.87,No,78.44,3.561,225.2515168,6.664,2012,May,5,Q2,21,25
11,2012-01-06,1361595.33,No,81.67,3.501,225.2518313,6.664,2012,January,1,Q1,1,6
11,2012-08-06,1414343.53,No,82.1,3.452,225.2521458,6.664,2012,August,8,Q3,32,6
11,2012-06-15,1417875.42,No,84.97,3.393,225.2644795,6.664,2012,June,6,Q2,24,15
11,2012-06-22,1355680.3,No,83.26,3.346,225.3068615,6.664,2012,June,6,Q2,25,22
11,2012-06-29,1297028.6,No,87.86,3.286,225.3492435,6.664,2012,June,6,Q2,26,29
11,2012-06-07,1461129.94,No,83.44,3.227,225.3916254,6.334,2012,June,6,Q2,23,7
11,2012-07-13,1320239.51,No,82.46,3.256,225.4340074,6.334,2012,July,7,Q3,28,13
11,2012-07-20,1344483.81,No,82.41,3.311,225.4438827,6.334,2012,July,7,Q3,29,20
11,2012-07-27,1272395.02,No,85.43,3.407,225.4537579,6.334,2012,July,7,Q3,30,27
11,2012-03-08,1399341.07,No,86.94,3.417,225.4636332,6.334,2012,March,3,Q1,10,8
11,2012-10-08,1388973.65,No,86.21,3.494,225.4735085,6.334,2012,October,10,Q4,41,8
11,2012-08-17,1421307.2,No,87.73,3.571,225.5558664,6.334,2012,August,8,Q3,33,17
11,2012-08-24,1409515.73,No,83.17,3.62,225.6925864,6.334,2012,August,8,Q3,34,24
11,2012-08-31,1372872.35,No,86.49,3.638,225.8293063,6.334,2012,August,8,Q3,35,31
11,2012-07-09,1304584.4,Yes,85.17,3.73,225.9660263,6.334,2012,July,7,Q3,28,9
11,2012-09-14,1267675.05,No,79.61,3.717,226.1122067,6.334,2012,September,9,Q3,37,14
11,2012-09-21,1326132.98,No,73.64,3.721,226.3151496,6.334,2012,September,9,Q3,38,21
11,2012-09-28,1227430.73,No,77.67,3.666,226.5180926,6.334,2012,September,9,Q3,39,28
11,2012-05-10,1422794.26,No,73.37,3.617,226.7210356,6.034,2012,May,5,Q2,19,10
11,2012-12-10,1311965.09,No,69.94,3.601,226.9239785,6.034,2012,December,12,Q4,50,10
11,2012-10-19,1232073.18,No,73.77,3.594,226.9688442,6.034,2012,October,10,Q4,42,19
11,2012-10-26,1200729.45,No,74.26,3.506,226.9873637,6.034,2012,October,10,Q4,43,26
12,2010-05-02,1100046.37,No,49.47,2.962,126.4420645,13.975,2010,May,5,Q2,17,2
12,2010-12-02,1117863.33,Yes,47.87,2.946,126.4962581,13.975,2010,December,12,Q4,48,2
12,2010-02-19,1095421.65,No,54.83,2.915,126.5262857,13.975,2010,February,2,Q1,7,19
12,2010-02-26,1048617.17,No,50.23,2.825,126.5522857,13.975,2010,February,2,Q1,8,26
12,2010-05-03,1077018.27,No,53.77,2.987,126.5782857,13.975,2010,May,5,Q2,18,3
12,2010-12-03,985594.23,No,50.11,2.925,126.6042857,13.975,2010,December,12,Q4,48,3
12,2010-03-19,972088.34,No,59.57,3.054,126.6066452,13.975,2010,March,3,Q1,11,19
12,2010-03-26,981615.81,No,60.06,3.083,126.6050645,13.975,2010,March,3,Q1,12,26
12,2010-02-04,1011822.3,No,59.84,3.086,126.6034839,14.099,2010,February,2,Q1,5,4
12,2010-09-04,1041238.87,No,59.25,3.09,126.6019032,14.099,2010,September,9,Q3,35,4
12,2010-04-16,957997.52,No,64.95,3.109,126.5621,14.099,2010,April,4,Q2,15,16
12,2010-04-23,993833.44,No,64.55,3.05,126.4713333,14.099,2010,April,4,Q2,16,23
12,2010-04-30,954220.22,No,67.38,3.105,126.3805667,14.099,2010,April,4,Q2,17,30
12,2010-07-05,1043240.27,No,70.15,3.127,126.2898,14.099,2010,July,7,Q3,27,5
12,2010-05-14,966054.97,No,68.44,3.145,126.2085484,14.099,2010,May,5,Q2,19,14
12,2010-05-21,958374.56,No,76.2,3.12,126.1843871,14.099,2010,May,5,Q2,20,21
12,2010-05-28,955451.16,No,67.84,3.058,126.1602258,14.099,2010,May,5,Q2,21,28
12,2010-04-06,1049357.36,No,81.39,2.941,126.1360645,14.099,2010,April,4,Q2,14,6
12,2010-11-06,1016039.71,No,90.84,2.949,126.1119032,14.099,2010,November,11,Q4,44,6
12,2010-06-18,956211.2,No,81.06,3.043,126.114,14.099,2010,June,6,Q2,24,18
12,2010-06-25,958007.69,No,87.27,3.084,126.1266,14.099,2010,June,6,Q2,25,25
12,2010-02-07,951957.31,No,91.98,3.105,126.1392,14.18,2010,February,2,Q1,5,7
12,2010-09-07,943506.28,No,90.37,3.1,126.1518,14.18,2010,September,9,Q3,36,7
12,2010-07-16,916402.76,No,97.18,3.094,126.1498065,14.18,2010,July,7,Q3,28,16
12,2010-07-23,912403.67,No,99.22,3.112,126.1283548,14.18,2010,July,7,Q3,29,23
12,2010-07-30,913548.25,No,96.31,3.017,126.1069032,14.18,2010,July,7,Q3,30,30
12,2010-06-08,967576.95,No,92.95,3.123,126.0854516,14.18,2010,June,6,Q2,23,8
12,2010-08-13,928264.4,No,87.01,3.159,126.064,14.18,2010,August,8,Q3,32,13
12,2010-08-20,948447.34,No,92.81,3.041,126.0766452,14.18,2010,August,8,Q3,33,20
12,2010-08-27,1004516.46,No,93.19,3.129,126.0892903,14.18,2010,August,8,Q3,34,27
12,2010-03-09,1075758.55,No,83.12,3.087,126.1019355,14.18,2010,March,3,Q1,10,9
12,2010-10-09,903119.03,Yes,83.63,3.044,126.1145806,14.18,2010,October,10,Q4,40,9
12,2010-09-17,852882.61,No,82.45,3.028,126.1454667,14.18,2010,September,9,Q3,37,17
12,2010-09-24,851919.34,No,81.77,2.939,126.1900333,14.18,2010,September,9,Q3,38,24
12,2010-01-10,850936.26,No,85.2,3.001,126.2346,14.313,2010,January,1,Q1,1,10
12,2010-08-10,918335.68,No,71.82,3.013,126.2791667,14.313,2010,August,8,Q3,32,10
12,2010-10-15,862419.84,No,75.0,2.976,126.3266774,14.313,2010,October,10,Q4,41,15
12,2010-10-22,857883.46,No,68.85,3.014,126.3815484,14.313,2010,October,10,Q4,42,22
12,2010-10-29,955294.7,No,61.09,3.016,126.4364194,14.313,2010,October,10,Q4,43,29
12,2010-05-11,929690.71,No,65.49,3.129,126.4912903,14.313,2010,May,5,Q2,19,11
12,2010-12-11,942475.24,No,57.79,3.13,126.5461613,14.313,2010,December,12,Q4,49,11
12,2010-11-19,894493.7,No,58.18,3.161,126.6072,14.313,2010,November,11,Q4,46,19
12,2010-11-26,1601377.41,Yes,47.66,3.162,126.6692667,14.313,2010,November,11,Q4,47,26
12,2010-03-12,1069533.17,No,43.33,3.041,126.7313333,14.313,2010,March,3,Q1,10,12
12,2010-10-12,1121934.15,No,50.01,3.203,126.7934,14.313,2010,October,10,Q4,41,12
12,2010-12-17,1295605.35,No,52.77,3.236,126.8794839,14.313,2010,December,12,Q4,50,17
12,2010-12-24,1768249.89,No,52.02,3.236,126.9835806,14.313,2010,December,12,Q4,51,24
12,2010-12-31,891736.91,Yes,45.64,3.148,127.0876774,14.313,2010,December,12,Q4,52,31
12,2011-07-01,910110.24,No,37.64,3.287,127.1917742,14.021,2011,July,7,Q3,26,1
12,2011-01-14,812011.8,No,43.15,3.312,127.3009355,14.021,2011,January,1,Q1,2,14
12,2011-01-21,802105.5,No,53.53,3.223,127.4404839,14.021,2011,January,1,Q1,3,21
12,2011-01-28,873119.06,No,50.74,3.342,127.5800323,14.021,2011,January,1,Q1,4,28
12,2011-04-02,1046068.17,No,45.14,3.348,127.7195806,14.021,2011,April,4,Q2,13,2
12,2011-11-02,1086421.57,Yes,51.3,3.381,127.859129,14.021,2011,November,11,Q4,44,2
12,2011-02-18,1128485.1,No,53.35,3.43,127.99525,14.021,2011,February,2,Q1,7,18
12,2011-02-25,1046203.72,No,48.45,3.53,128.13,14.021,2011,February,2,Q1,8,25
12,2011-04-03,1085248.21,No,51.72,3.674,128.26475,14.021,2011,April,4,Q2,13,3
12,2011-11-03,997672.62,No,57.75,3.818,128.3995,14.021,2011,November,11,Q4,44,3
12,2011-03-18,1009502.01,No,64.21,3.692,128.5121935,14.021,2011,March,3,Q1,11,18
12,2011-03-25,954107.32,No,54.4,3.909,128.6160645,14.021,2011,March,3,Q1,12,25
12,2011-01-04,1005463.49,No,63.63,3.772,128.7199355,13.736,2011,January,1,Q1,1,4
12,2011-08-04,998362.05,No,64.47,4.003,128.8238065,13.736,2011,August,8,Q3,31,4
12,2011-04-15,990951.77,No,57.63,3.868,128.9107333,13.736,2011,April,4,Q2,15,15
12,2011-04-22,1016019.47,No,72.12,4.134,128.9553,13.736,2011,April,4,Q2,16,22
12,2011-04-29,994966.1,No,68.27,4.151,128.9998667,13.736,2011,April,4,Q2,17,29
12,2011-06-05,1021154.48,No,68.4,4.193,129.0444333,13.736,2011,June,6,Q2,22,5
12,2011-05-13,977033.5,No,70.93,4.202,129.089,13.736,2011,May,5,Q2,19,13
12,2011-05-20,924134.99,No,66.59,4.169,129.0756774,13.736,2011,May,5,Q2,20,20
12,2011-05-27,964332.51,No,76.67,4.087,129.0623548,13.736,2011,May,5,Q2,21,27
12,2011-03-06,970328.68,No,71.81,4.031,129.0490323,13.736,2011,March,3,Q1,9,6
12,2011-10-06,996937.95,No,78.72,3.981,129.0357097,13.736,2011,October,10,Q4,40,6
12,2011-06-17,986504.93,No,86.84,3.935,129.0432,13.736,2011,June,6,Q2,24,17
12,2011-06-24,997282.75,No,88.95,3.898,129.0663,13.736,2011,June,6,Q2,25,24
12,2011-01-07,961993.34,No,89.85,3.842,129.0894,13.503,2011,January,1,Q1,1,7
12,2011-08-07,943717.38,No,89.9,3.705,129.1125,13.503,2011,August,8,Q3,31,7
12,2011-07-15,936001.98,No,88.1,3.692,129.1338387,13.503,2011,July,7,Q3,28,15
12,2011-07-22,922231.92,No,91.17,3.794,129.1507742,13.503,2011,July,7,Q3,29,22
12,2011-07-29,890547.07,No,93.29,3.805,129.1677097,13.503,2011,July,7,Q3,30,29
12,2011-05-08,988712.52,No,90.61,3.803,129.1846452,13.503,2011,May,5,Q2,18,8
12,2011-12-08,955913.68,No,91.04,3.701,129.2015806,13.503,2011,December,12,Q4,49,8
12,2011-08-19,966817.24,No,91.74,3.743,129.2405806,13.503,2011,August,8,Q3,33,19
12,2011-08-26,1017593.47,No,94.61,3.74,129.2832581,13.503,2011,August,8,Q3,34,26
12,2011-02-09,1052051.45,No,93.66,3.798,129.3259355,13.503,2011,February,2,Q1,6,9
12,2011-09-09,922850.57,Yes,88.0,3.913,129.3686129,13.503,2011,September,9,Q3,36,9
12,2011-09-16,889290.23,No,76.36,3.918,129.4306,13.503,2011,September,9,Q3,37,16
12,2011-09-23,871692.74,No,82.95,3.789,129.5183333,13.503,2011,September,9,Q3,38,23
12,2011-09-30,866401.45,No,83.26,3.877,129.6060667,13.503,2011,September,9,Q3,39,30
12,2011-07-10,951244.66,No,70.44,3.827,129.6938,12.89,2011,July,7,Q3,27,10
12,2011-10-14,927600.01,No,67.31,3.805,129.7706452,12.89,2011,October,10,Q4,41,14
12,2011-10-21,938604.58,No,73.05,3.842,129.7821613,12.89,2011,October,10,Q4,42,21
12,2011-10-28,990926.38,No,67.41,3.727,129.7936774,12.89,2011,October,10,Q4,43,28
12,2011-04-11,1051944.79,No,59.77,3.828,129.8051935,12.89,2011,April,4,Q2,15,11
12,2011-11-11,1095091.53,No,48.76,3.824,129.8167097,12.89,2011,November,11,Q4,45,11
12,2011-11-18,970641.34,No,54.2,3.813,129.8268333,12.89,2011,November,11,Q4,46,18
12,2011-11-25,1591920.42,Yes,53.25,3.622,129.8364,12.89,2011,November,11,Q4,47,25
12,2011-02-12,1071383.1,No,52.5,3.701,129.8459667,12.89,2011,February,2,Q1,6,12
12,2011-09-12,1189646.45,No,42.17,3.644,129.8555333,12.89,2011,September,9,Q3,37,12
12,2011-12-16,1293404.18,No,43.29,3.6,129.8980645,12.89,2011,December,12,Q4,50,16
12,2011-12-23,1617612.03,No,45.4,3.541,129.9845484,12.89,2011,December,12,Q4,51,23
12,2011-12-30,1111638.07,Yes,44.64,3.428,130.0710323,12.89,2011,December,12,Q4,52,30
12,2012-06-01,945823.65,No,50.43,3.599,130.1575161,12.187,2012,June,6,Q2,22,1
12,2012-01-13,865467.86,No,48.07,3.657,130.244,12.187,2012,January,1,Q1,2,13
12,2012-01-20,855922.64,No,46.2,3.66,130.2792258,12.187,2012,January,1,Q1,3,20
12,2012-01-27,888203.69,No,50.43,3.675,130.3144516,12.187,2012,January,1,Q1,4,27
12,2012-03-02,1058767.95,No,50.58,3.702,130.3496774,12.187,2012,March,3,Q1,9,2
12,2012-10-02,1199330.85,Yes,52.27,3.722,130.3849032,12.187,2012,October,10,Q4,40,2
12,2012-02-17,1240048.85,No,51.8,3.781,130.4546207,12.187,2012,February,2,Q1,7,17
12,2012-02-24,1112034.72,No,53.13,3.95,130.5502069,12.187,2012,February,2,Q1,8,24
12,2012-02-03,1147636.96,No,52.27,4.178,130.6457931,12.187,2012,February,2,Q1,5,3
12,2012-09-03,1113208.57,No,54.54,4.25,130.7413793,12.187,2012,September,9,Q3,36,3
12,2012-03-16,1088498.52,No,64.44,4.273,130.8261935,12.187,2012,March,3,Q1,11,16
12,2012-03-23,1045419.87,No,56.26,4.038,130.8966452,12.187,2012,March,3,Q1,12,23
12,2012-03-30,1025382.22,No,64.36,4.294,130.9670968,12.187,2012,March,3,Q1,13,30
12,2012-06-04,1128765.71,No,64.05,4.121,131.0375484,11.627,2012,June,6,Q2,23,4
12,2012-04-13,1083811.19,No,64.28,4.254,131.108,11.627,2012,April,4,Q2,15,13
12,2012-04-20,1006486.96,No,66.73,4.222,131.1173333,11.627,2012,April,4,Q2,16,20
12,2012-04-27,1004252.38,No,77.99,4.193,131.1266667,11.627,2012,April,4,Q2,17,27
12,2012-04-05,1073433.69,No,76.03,4.171,131.136,11.627,2012,April,4,Q2,14,5
12,2012-11-05,1041995.22,No,77.27,4.186,131.1453333,11.627,2012,November,11,Q4,45,5
12,2012-05-18,1020486.05,No,84.51,4.11,131.0983226,11.627,2012,May,5,Q2,20,18
12,2012-05-25,991514.21,No,83.84,4.293,131.0287742,11.627,2012,May,5,Q2,21,25
12,2012-01-06,981345.2,No,78.11,4.277,130.9592258,11.627,2012,January,1,Q1,1,6
12,2012-08-06,1086231.47,No,84.83,4.103,130.8896774,11.627,2012,August,8,Q3,32,6
12,2012-06-15,1019555.51,No,85.94,4.144,130.8295333,11.627,2012,June,6,Q2,24,15
12,2012-06-22,981386.25,No,91.61,4.014,130.7929,11.627,2012,June,6,Q2,25,22
12,2012-06-29,943124.74,No,90.47,3.875,130.7562667,11.627,2012,June,6,Q2,26,29
12,2012-06-07,1014898.78,No,89.13,3.765,130.7196333,10.926,2012,June,6,Q2,23,7
12,2012-07-13,960312.75,No,95.61,3.723,130.683,10.926,2012,July,7,Q3,28,13
12,2012-07-20,941550.34,No,85.53,3.726,130.7012903,10.926,2012,July,7,Q3,29,20
12,2012-07-27,916967.92,No,93.47,3.769,130.7195806,10.926,2012,July,7,Q3,30,27
12,2012-03-08,958667.23,No,88.16,3.76,130.737871,10.926,2012,March,3,Q1,10,8
12,2012-10-08,984689.9,No,95.91,3.811,130.7561613,10.926,2012,October,10,Q4,41,8
12,2012-08-17,1005003.12,No,94.87,4.002,130.7909677,10.926,2012,August,8,Q3,33,17
12,2012-08-24,1048101.39,No,85.32,4.055,130.8381613,10.926,2012,August,8,Q3,34,24
12,2012-08-31,1061943.49,No,89.78,4.093,130.8853548,10.926,2012,August,8,Q3,35,31
12,2012-07-09,955146.04,Yes,88.52,4.124,130.9325484,10.926,2012,July,7,Q3,28,9
12,2012-09-14,885892.37,No,83.64,4.133,130.9776667,10.926,2012,September,9,Q3,37,14
12,2012-09-21,922735.37,No,82.97,4.125,131.0103333,10.926,2012,September,9,Q3,38,21
12,2012-09-28,880415.67,No,81.22,3.966,131.043,10.926,2012,September,9,Q3,39,28
12,2012-05-10,979825.92,No,81.61,3.966,131.0756667,10.199,2012,May,5,Q2,19,10
12,2012-12-10,934917.47,No,71.74,4.468,131.1083333,10.199,2012,December,12,Q4,50,10
12,2012-10-19,960945.43,No,68.66,4.449,131.1499677,10.199,2012,October,10,Q4,42,19
12,2012-10-26,974697.6,No,65.95,4.301,131.1930968,10.199,2012,October,10,Q4,43,26
13,2010-05-02,1967220.53,No,31.53,2.666,126.4420645,8.316,2010,May,5,Q2,17,2
13,2010-12-02,2030933.46,Yes,33.16,2.671,126.4962581,8.316,2010,December,12,Q4,48,2
13,2010-02-19,1970274.64,No,35.7,2.654,126.5262857,8.316,2010,February,2,Q1,7,19
13,2010-02-26,1817850.32,No,29.98,2.667,126.5522857,8.316,2010,February,2,Q1,8,26
13,2010-05-03,1939980.43,No,40.65,2.681,126.5782857,8.316,2010,May,5,Q2,18,3
13,2010-12-03,1840686.94,No,37.62,2.733,126.6042857,8.316,2010,December,12,Q4,48,3
13,2010-03-19,1879794.89,No,42.49,2.782,126.6066452,8.316,2010,March,3,Q1,11,19
13,2010-03-26,1882095.98,No,41.48,2.819,126.6050645,8.316,2010,March,3,Q1,12,26
13,2010-02-04,2142482.14,No,42.15,2.842,126.6034839,8.107,2010,February,2,Q1,5,4
13,2010-09-04,1898321.33,No,38.97,2.877,126.6019032,8.107,2010,September,9,Q3,35,4
13,2010-04-16,1819660.44,No,50.39,2.915,126.5621,8.107,2010,April,4,Q2,15,16
13,2010-04-23,1909330.77,No,55.66,2.936,126.4713333,8.107,2010,April,4,Q2,16,23
13,2010-04-30,1785823.37,No,48.33,2.941,126.3805667,8.107,2010,April,4,Q2,17,30
13,2010-07-05,2005478.46,No,44.42,2.948,126.2898,8.107,2010,July,7,Q3,27,5
13,2010-05-14,1890273.44,No,50.15,2.962,126.2085484,8.107,2010,May,5,Q2,19,14
13,2010-05-21,1853657.6,No,57.71,2.95,126.1843871,8.107,2010,May,5,Q2,20,21
13,2010-05-28,1877358.86,No,53.11,2.908,126.1602258,8.107,2010,May,5,Q2,21,28
13,2010-04-06,2022705.22,No,59.85,2.871,126.1360645,8.107,2010,April,4,Q2,14,6
13,2010-11-06,2037880.96,No,65.24,2.841,126.1119032,8.107,2010,November,11,Q4,44,6
13,2010-06-18,2003435.31,No,58.41,2.819,126.114,8.107,2010,June,6,Q2,24,18
13,2010-06-25,1970340.25,No,71.83,2.82,126.1266,8.107,2010,June,6,Q2,25,25
13,2010-02-07,2018314.71,No,78.82,2.814,126.1392,7.951,2010,February,2,Q1,5,7
13,2010-09-07,1870843.9,No,71.33,2.802,126.1518,7.951,2010,September,9,Q3,36,7
13,2010-07-16,1932231.05,No,77.79,2.791,126.1498065,7.951,2010,July,7,Q3,28,16
13,2010-07-23,1907351.2,No,82.27,2.797,126.1283548,7.951,2010,July,7,Q3,29,23
13,2010-07-30,1817887.23,No,78.94,2.797,126.1069032,7.951,2010,July,7,Q3,30,30
13,2010-06-08,1969121.45,No,81.24,2.802,126.0854516,7.951,2010,June,6,Q2,23,8
13,2010-08-13,1877592.55,No,74.93,2.837,126.064,7.951,2010,August,8,Q3,32,13
13,2010-08-20,1997397.63,No,76.34,2.85,126.0766452,7.951,2010,August,8,Q3,33,20
13,2010-08-27,1908278.27,No,75.31,2.854,126.0892903,7.951,2010,August,8,Q3,34,27
13,2010-03-09,1911852.58,No,65.71,2.868,126.1019355,7.951,2010,March,3,Q1,10,9
13,2010-10-09,1772143.94,Yes,65.74,2.87,126.1145806,7.951,2010,October,10,Q4,40,9
13,2010-09-17,1790279.74,No,66.84,2.875,126.1454667,7.951,2010,September,9,Q3,37,17
13,2010-09-24,1705655.09,No,68.22,2.872,126.1900333,7.951,2010,September,9,Q3,38,24
13,2010-01-10,1765584.48,No,68.74,2.853,126.2346,7.795,2010,January,1,Q1,1,10
13,2010-08-10,1871924.07,No,63.03,2.841,126.2791667,7.795,2010,August,8,Q3,32,10
13,2010-10-15,1851431.06,No,54.12,2.845,126.3266774,7.795,2010,October,10,Q4,41,15
13,2010-10-22,1796949.59,No,56.89,2.849,126.3815484,7.795,2010,October,10,Q4,42,22
13,2010-10-29,1887895.07,No,45.12,2.841,126.4364194,7.795,2010,October,10,Q4,43,29
13,2010-05-11,1854967.66,No,49.96,2.831,126.4912903,7.795,2010,May,5,Q2,19,11
13,2010-12-11,1939964.63,No,42.55,2.831,126.5461613,7.795,2010,December,12,Q4,49,11
13,2010-11-19,1925393.91,No,42.0,2.842,126.6072,7.795,2010,November,11,Q4,46,19
13,2010-11-26,2766400.05,Yes,28.22,2.83,126.6692667,7.795,2010,November,11,Q4,47,26
13,2010-03-12,2083379.89,No,25.8,2.812,126.7313333,7.795,2010,March,3,Q1,10,12
13,2010-10-12,2461468.35,No,36.78,2.817,126.7934,7.795,2010,October,10,Q4,41,12
13,2010-12-17,2771646.81,No,35.21,2.842,126.8794839,7.795,2010,December,12,Q4,50,17
13,2010-12-24,3595903.2,No,34.9,2.846,126.9835806,7.795,2010,December,12,Q4,51,24
13,2010-12-31,1675292.0,Yes,26.79,2.868,127.0876774,7.795,2010,December,12,Q4,52,31
13,2011-07-01,1744544.39,No,16.94,2.891,127.1917742,7.47,2011,July,7,Q3,26,1
13,2011-01-14,1682316.31,No,20.6,2.903,127.3009355,7.47,2011,January,1,Q1,2,14
13,2011-01-21,1770177.37,No,34.8,2.934,127.4404839,7.47,2011,January,1,Q1,3,21
13,2011-01-28,1633663.12,No,31.64,2.96,127.5800323,7.47,2011,January,1,Q1,4,28
13,2011-04-02,1848186.58,No,23.35,2.974,127.7195806,7.47,2011,April,4,Q2,13,2
13,2011-11-02,1944438.9,Yes,30.83,3.034,127.859129,7.47,2011,November,11,Q4,44,2
13,2011-02-18,2003480.59,No,40.85,3.062,127.99525,7.47,2011,February,2,Q1,7,18
13,2011-02-25,1831933.95,No,33.17,3.12,128.13,7.47,2011,February,2,Q1,8,25
13,2011-04-03,1894960.68,No,34.23,3.23,128.26475,7.47,2011,April,4,Q2,13,3
13,2011-11-03,1852432.58,No,41.28,3.346,128.3995,7.47,2011,November,11,Q4,44,3
13,2011-03-18,1852443.78,No,44.69,3.407,128.5121935,7.47,2011,March,3,Q1,11,18
13,2011-03-25,1807545.43,No,42.38,3.435,128.6160645,7.47,2011,March,3,Q1,12,25
13,2011-01-04,1864238.64,No,42.49,3.487,128.7199355,7.193,2011,January,1,Q1,1,4
13,2011-08-04,1887465.04,No,42.75,3.547,128.8238065,7.193,2011,August,8,Q3,31,4
13,2011-04-15,1950994.04,No,41.72,3.616,128.9107333,7.193,2011,April,4,Q2,15,15
13,2011-04-22,2124316.34,No,47.55,3.655,128.9553,7.193,2011,April,4,Q2,16,22
13,2011-04-29,1895583.12,No,43.85,3.683,128.9998667,7.193,2011,April,4,Q2,17,29
13,2011-06-05,1986380.4,No,47.75,3.744,129.0444333,7.193,2011,June,6,Q2,22,5
13,2011-05-13,1958823.56,No,52.4,3.77,129.089,7.193,2011,May,5,Q2,19,13
13,2011-05-20,1860923.55,No,52.12,3.802,129.0756774,7.193,2011,May,5,Q2,20,20
13,2011-05-27,1866369.93,No,54.62,3.778,129.0623548,7.193,2011,May,5,Q2,21,27
13,2011-03-06,1935593.87,No,52.76,3.752,129.0490323,7.193,2011,March,3,Q1,9,6
13,2011-10-06,1997816.98,No,61.39,3.732,129.0357097,7.193,2011,October,10,Q4,40,6
13,2011-06-17,2086433.49,No,63.35,3.704,129.0432,7.193,2011,June,6,Q2,24,17
13,2011-06-24,2009163.08,No,66.38,3.668,129.0663,7.193,2011,June,6,Q2,25,24
13,2011-01-07,2048035.74,No,74.29,3.613,129.0894,6.877,2011,January,1,Q1,1,7
13,2011-08-07,2021699.38,No,77.3,3.563,129.1125,6.877,2011,August,8,Q3,31,7
13,2011-07-15,1956813.31,No,75.59,3.553,129.1338387,6.877,2011,July,7,Q3,28,15
13,2011-07-22,1987089.36,No,78.5,3.563,129.1507742,6.877,2011,July,7,Q3,29,22
13,2011-07-29,1880785.69,No,77.62,3.574,129.1677097,6.877,2011,July,7,Q3,30,29
13,2011-05-08,2076231.8,No,75.56,3.595,129.1846452,6.877,2011,May,5,Q2,18,8
13,2011-12-08,1970341.38,No,75.95,3.606,129.2015806,6.877,2011,December,12,Q4,49,8
13,2011-08-19,2090340.98,No,76.68,3.578,129.2405806,6.877,2011,August,8,Q3,33,19
13,2011-08-26,2035244.54,No,81.53,3.57,129.2832581,6.877,2011,August,8,Q3,34,26
13,2011-02-09,1953628.82,No,77.0,3.58,129.3259355,6.877,2011,February,2,Q1,6,9
13,2011-09-09,1872921.31,Yes,70.19,3.619,129.3686129,6.877,2011,September,9,Q3,36,9
13,2011-09-16,1923223.82,No,67.54,3.641,129.4306,6.877,2011,September,9,Q3,37,16
13,2011-09-23,1847430.96,No,63.6,3.648,129.5183333,6.877,2011,September,9,Q3,38,23
13,2011-09-30,1835662.69,No,68.28,3.623,129.6060667,6.877,2011,September,9,Q3,39,30
13,2011-07-10,2067232.56,No,60.62,3.592,129.6938,6.392,2011,July,7,Q3,27,10
13,2011-10-14,1929659.07,No,51.74,3.567,129.7706452,6.392,2011,October,10,Q4,41,14
13,2011-10-21,1973544.27,No,54.66,3.579,129.7821613,6.392,2011,October,10,Q4,42,21
13,2011-10-28,1948733.81,No,47.41,3.567,129.7936774,6.392,2011,October,10,Q4,43,28
13,2011-04-11,2036317.54,No,43.51,3.538,129.8051935,6.392,2011,April,4,Q2,15,11
13,2011-11-11,2111592.09,No,33.8,3.513,129.8167097,6.392,2011,November,11,Q4,45,11
13,2011-11-18,2016323.51,No,40.65,3.489,129.8268333,6.392,2011,November,11,Q4,46,18
13,2011-11-25,2864170.61,Yes,38.89,3.445,129.8364,6.392,2011,November,11,Q4,47,25
13,2011-02-12,2051315.66,No,33.94,3.389,129.8459667,6.392,2011,February,2,Q1,6,12
13,2011-09-12,2462779.06,No,24.82,3.341,129.8555333,6.392,2011,September,9,Q3,37,12
13,2011-12-16,2760346.71,No,27.85,3.282,129.8980645,6.392,2011,December,12,Q4,50,16
13,2011-12-23,3556766.03,No,24.76,3.186,129.9845484,6.392,2011,December,12,Q4,51,23
13,2011-12-30,1969056.91,Yes,31.53,3.119,130.0710323,6.392,2011,December,12,Q4,52,30
13,2012-06-01,1865752.78,No,33.8,3.08,130.1575161,6.104,2012,June,6,Q2,22,1
13,2012-01-13,1794962.64,No,25.61,3.056,130.244,6.104,2012,January,1,Q1,2,13
13,2012-01-20,1811606.21,No,32.71,3.047,130.2792258,6.104,2012,January,1,Q1,3,20
13,2012-01-27,1733983.09,No,34.32,3.058,130.3144516,6.104,2012,January,1,Q1,4,27
13,2012-03-02,1927780.74,No,31.39,3.077,130.3496774,6.104,2012,March,3,Q1,9,2
13,2012-10-02,2069284.57,Yes,33.73,3.116,130.3849032,6.104,2012,October,10,Q4,40,2
13,2012-02-17,2214477.06,No,36.57,3.119,130.4546207,6.104,2012,February,2,Q1,7,17
13,2012-02-24,1929768.03,No,35.38,3.145,130.5502069,6.104,2012,February,2,Q1,8,24
13,2012-02-03,1969742.76,No,32.36,3.242,130.6457931,6.104,2012,February,2,Q1,5,3
13,2012-09-03,1986445.65,No,38.24,3.38,130.7413793,6.104,2012,September,9,Q3,36,3
13,2012-03-16,2025582.62,No,52.5,3.529,130.8261935,6.104,2012,March,3,Q1,11,16
13,2012-03-23,1904421.74,No,47.83,3.671,130.8966452,6.104,2012,March,3,Q1,12,23
13,2012-03-30,1948982.7,No,53.2,3.734,130.9670968,6.104,2012,March,3,Q1,13,30
13,2012-06-04,2271614.76,No,48.85,3.793,131.0375484,5.965,2012,June,6,Q2,23,4
13,2012-04-13,2057637.86,No,51.7,3.833,131.108,5.965,2012,April,4,Q2,15,13
13,2012-04-20,1955689.12,No,50.24,3.845,131.1173333,5.965,2012,April,4,Q2,16,20
13,2012-04-27,1970121.65,No,64.8,3.842,131.1266667,5.965,2012,April,4,Q2,17,27
13,2012-04-05,1995994.51,No,54.41,3.831,131.136,5.965,2012,April,4,Q2,14,5
13,2012-11-05,2080764.17,No,56.47,3.809,131.1453333,5.965,2012,November,11,Q4,45,5
13,2012-05-18,2131900.55,No,65.17,3.808,131.0983226,5.965,2012,May,5,Q2,20,18
13,2012-05-25,2043349.41,No,62.39,3.801,131.0287742,5.965,2012,May,5,Q2,21,25
13,2012-01-06,2035431.39,No,61.11,3.788,130.9592258,5.965,2012,January,1,Q1,1,6
13,2012-08-06,2182437.9,No,68.4,3.776,130.8896774,5.965,2012,August,8,Q3,32,6
13,2012-06-15,2152229.11,No,65.97,3.756,130.8295333,5.965,2012,June,6,Q2,24,15
13,2012-06-22,2094373.0,No,72.89,3.737,130.7929,5.965,2012,June,6,Q2,25,22
13,2012-06-29,2037663.71,No,82.0,3.681,130.7562667,5.965,2012,June,6,Q2,26,29
13,2012-06-07,2184980.35,No,79.23,3.63,130.7196333,5.765,2012,June,6,Q2,23,7
13,2012-07-13,2002750.99,No,83.68,3.595,130.683,5.765,2012,July,7,Q3,28,13
13,2012-07-20,2053089.32,No,75.69,3.556,130.7012903,5.765,2012,July,7,Q3,29,20
13,2012-07-27,1914430.53,No,80.42,3.537,130.7195806,5.765,2012,July,7,Q3,30,27
13,2012-03-08,2044148.23,No,81.99,3.512,130.737871,5.765,2012,March,3,Q1,10,8
13,2012-10-08,2041019.92,No,81.69,3.509,130.7561613,5.765,2012,October,10,Q4,41,8
13,2012-08-17,2095769.18,No,79.4,3.545,130.7909677,5.765,2012,August,8,Q3,33,17
13,2012-08-24,2059458.25,No,77.37,3.582,130.8381613,5.765,2012,August,8,Q3,34,24
13,2012-08-31,2073855.42,No,79.18,3.624,130.8853548,5.765,2012,August,8,Q3,35,31
13,2012-07-09,2165796.31,Yes,70.65,3.689,130.9325484,5.765,2012,July,7,Q3,28,9
13,2012-09-14,1919917.03,No,68.55,3.749,130.9776667,5.765,2012,September,9,Q3,37,14
13,2012-09-21,1938379.66,No,67.96,3.821,131.0103333,5.765,2012,September,9,Q3,38,21
13,2012-09-28,1927664.11,No,64.8,3.821,131.043,5.765,2012,September,9,Q3,39,28
13,2012-05-10,2041918.74,No,61.79,3.815,131.0756667,5.621,2012,May,5,Q2,19,10
13,2012-12-10,1999079.44,No,55.1,3.797,131.1083333,5.621,2012,December,12,Q4,50,10
13,2012-10-19,2018010.15,No,52.06,3.781,131.1499677,5.621,2012,October,10,Q4,42,19
13,2012-10-26,2035189.66,No,46.97,3.755,131.1930968,5.621,2012,October,10,Q4,43,26
14,2010-05-02,2623469.95,No,27.31,2.784,181.8711898,8.992,2010,May,5,Q2,17,2
14,2010-12-02,1704218.84,Yes,27.73,2.773,181.982317,8.992,2010,December,12,Q4,48,2
14,2010-02-19,2204556.7,No,31.27,2.745,182.0347816,8.992,2010,February,2,Q1,7,19
14,2010-02-26,2095591.63,No,34.89,2.754,182.0774691,8.992,2010,February,2,Q1,8,26
14,2010-05-03,2237544.75,No,37.13,2.777,182.1201566,8.992,2010,May,5,Q2,18,3
14,2010-12-03,2156035.06,No,45.8,2.818,182.1628441,8.992,2010,December,12,Q4,48,3
14,2010-03-19,2066219.3,No,48.79,2.844,182.0779857,8.992,2010,March,3,Q1,11,19
14,2010-03-26,2050396.27,No,54.36,2.854,181.9718697,8.992,2010,March,3,Q1,12,26
14,2010-02-04,2495630.51,No,47.74,2.85,181.8657537,8.899,2010,February,2,Q1,5,4
14,2010-09-04,2258781.28,No,65.45,2.869,181.7596377,8.899,2010,September,9,Q3,35,4
14,2010-04-16,2121788.61,No,54.28,2.899,181.6924769,8.899,2010,April,4,Q2,15,16
14,2010-04-23,2138144.91,No,53.47,2.902,181.6772564,8.899,2010,April,4,Q2,16,23
14,2010-04-30,2082355.12,No,53.15,2.921,181.6620359,8.899,2010,April,4,Q2,17,30
14,2010-07-05,2370116.52,No,70.75,2.966,181.6468154,8.899,2010,July,7,Q3,27,5
14,2010-05-14,2129771.13,No,54.26,2.982,181.6612792,8.899,2010,May,5,Q2,19,14
14,2010-05-21,2108187.1,No,62.62,2.958,181.8538486,8.899,2010,May,5,Q2,20,21
14,2010-05-28,2227152.16,No,69.27,2.899,182.0464181,8.899,2010,May,5,Q2,21,28
14,2010-04-06,2363601.47,No,75.93,2.847,182.2389876,8.899,2010,April,4,Q2,14,6
14,2010-11-06,2249570.04,No,69.71,2.809,182.4315571,8.899,2010,November,11,Q4,44,6
14,2010-06-18,2248645.59,No,72.62,2.78,182.4424199,8.899,2010,June,6,Q2,24,18
14,2010-06-25,2246179.91,No,79.32,2.808,182.3806,8.899,2010,June,6,Q2,25,25
14,2010-02-07,2334788.42,No,76.61,2.815,182.3187801,8.743,2010,February,2,Q1,5,7
14,2010-09-07,2236209.13,No,82.45,2.793,182.2569603,8.743,2010,September,9,Q3,36,7
14,2010-07-16,2130287.27,No,77.84,2.783,182.2604411,8.743,2010,July,7,Q3,28,16
14,2010-07-23,2044155.39,No,81.46,2.771,182.3509895,8.743,2010,July,7,Q3,29,23
14,2010-07-30,2054843.28,No,79.78,2.781,182.4415378,8.743,2010,July,7,Q3,30,30
14,2010-06-08,2219813.5,No,77.17,2.784,182.5320862,8.743,2010,June,6,Q2,23,8
14,2010-08-13,2052984.81,No,78.44,2.805,182.6226346,8.743,2010,August,8,Q3,32,13
14,2010-08-20,2057138.31,No,76.01,2.779,182.6165205,8.743,2010,August,8,Q3,33,20
14,2010-08-27,2020332.07,No,71.36,2.755,182.6104063,8.743,2010,August,8,Q3,34,27
14,2010-03-09,2182563.66,No,78.37,2.715,182.6042922,8.743,2010,March,3,Q1,10,9
14,2010-10-09,2191767.76,Yes,70.87,2.699,182.598178,8.743,2010,October,10,Q4,40,9
14,2010-09-17,1953539.85,No,66.55,2.706,182.622509,8.743,2010,September,9,Q3,37,17
14,2010-09-24,1879891.13,No,68.59,2.713,182.6696737,8.743,2010,September,9,Q3,38,24
14,2010-01-10,1855703.66,No,70.58,2.707,182.7168385,8.724,2010,January,1,Q1,1,10
14,2010-08-10,2091663.2,No,56.49,2.764,182.7640032,8.724,2010,August,8,Q3,32,10
14,2010-10-15,1932162.63,No,58.61,2.868,182.8106203,8.724,2010,October,10,Q4,41,15
14,2010-10-22,1936621.09,No,53.15,2.917,182.8558685,8.724,2010,October,10,Q4,42,22
14,2010-10-29,1984768.34,No,61.3,2.921,182.9011166,8.724,2010,October,10,Q4,43,29
14,2010-05-11,2078417.47,No,45.65,2.917,182.9463648,8.724,2010,May,5,Q2,19,11
14,2010-12-11,2092189.06,No,46.14,2.931,182.9916129,8.724,2010,December,12,Q4,49,11
14,2010-11-19,1968462.58,No,50.02,3.0,182.8989385,8.724,2010,November,11,Q4,46,19
14,2010-11-26,2921709.71,Yes,46.15,3.039,182.7832769,8.724,2010,November,11,Q4,47,26
14,2010-03-12,2258489.63,No,40.93,3.046,182.6676154,8.724,2010,March,3,Q1,10,12
14,2010-10-12,2600519.26,No,30.54,3.109,182.5519538,8.724,2010,October,10,Q4,41,12
14,2010-12-17,2762861.41,No,30.51,3.14,182.517732,8.724,2010,December,12,Q4,50,17
14,2010-12-24,3818686.45,No,30.59,3.141,182.54459,8.724,2010,December,12,Q4,51,24
14,2010-12-31,1623716.46,Yes,29.67,3.179,182.5714479,8.724,2010,December,12,Q4,52,31
14,2011-07-01,1864746.1,No,34.32,3.193,182.5983058,8.549,2011,July,7,Q3,26,1
14,2011-01-14,1699095.9,No,24.78,3.205,182.6585782,8.549,2011,January,1,Q1,2,14
14,2011-01-21,1743188.87,No,30.55,3.229,182.9193368,8.549,2011,January,1,Q1,3,21
14,2011-01-28,1613718.38,No,24.05,3.237,183.1800955,8.549,2011,January,1,Q1,4,28
14,2011-04-02,1995891.87,No,28.73,3.231,183.4408542,8.549,2011,April,4,Q2,13,2
14,2011-11-02,1980405.03,Yes,30.3,3.239,183.7016129,8.549,2011,November,11,Q4,44,2
14,2011-02-18,2019031.67,No,40.7,3.245,183.9371353,8.549,2011,February,2,Q1,7,18
14,2011-02-25,1875708.88,No,35.78,3.274,184.1625632,8.549,2011,February,2,Q1,8,25
14,2011-04-03,2041215.61,No,38.65,3.433,184.3879911,8.549,2011,April,4,Q2,13,3
14,2011-11-03,1931104.67,No,45.01,3.582,184.613419,8.549,2011,November,11,Q4,44,3
14,2011-03-18,1932491.42,No,46.66,3.631,184.809719,8.549,2011,March,3,Q1,11,18
14,2011-03-25,1879451.23,No,41.76,3.625,184.9943679,8.549,2011,March,3,Q1,12,25
14,2011-01-04,1869110.55,No,37.27,3.638,185.1790167,8.521,2011,January,1,Q1,1,4
14,2011-08-04,2037798.88,No,48.71,3.72,185.3636656,8.521,2011,August,8,Q3,31,4
14,2011-04-15,1974960.86,No,53.69,3.821,185.5339821,8.521,2011,April,4,Q2,15,15
14,2011-04-22,2256461.39,No,53.04,3.892,185.6684673,8.521,2011,April,4,Q2,16,22
14,2011-04-29,1930617.64,No,66.18,3.962,185.8029526,8.521,2011,April,4,Q2,17,29
14,2011-06-05,2095599.93,No,58.21,4.046,185.9374378,8.521,2011,June,6,Q2,22,5
14,2011-05-13,2004330.3,No,60.38,4.066,186.0719231,8.521,2011,May,5,Q2,19,13
14,2011-05-20,1959967.8,No,62.28,4.062,185.9661154,8.521,2011,May,5,Q2,20,20
14,2011-05-27,2080694.24,No,69.7,3.985,185.8603077,8.521,2011,May,5,Q2,21,27
14,2011-03-06,2079899.47,No,76.38,3.922,185.7545,8.521,2011,March,3,Q1,9,6
14,2011-10-06,2132446.0,No,73.88,3.881,185.6486923,8.521,2011,October,10,Q4,40,6
14,2011-06-17,2082083.34,No,69.32,3.842,185.6719333,8.521,2011,June,6,Q2,24,17
14,2011-06-24,2069523.52,No,74.85,3.804,185.7919609,8.521,2011,June,6,Q2,25,24
14,2011-01-07,2074668.19,No,74.04,3.748,185.9119885,8.625,2011,January,1,Q1,1,7
14,2011-08-07,2063401.06,No,77.49,3.711,186.032016,8.625,2011,August,8,Q3,31,7
14,2011-07-15,1953544.76,No,78.47,3.76,186.1399808,8.625,2011,July,7,Q3,28,15
14,2011-07-22,1882070.88,No,82.33,3.811,186.2177885,8.625,2011,July,7,Q3,29,22
14,2011-07-29,1871021.01,No,81.31,3.829,186.2955962,8.625,2011,July,7,Q3,30,29
14,2011-05-08,2066020.69,No,78.22,3.842,186.3734038,8.625,2011,May,5,Q2,18,8
14,2011-12-08,1928773.82,No,77.0,3.812,186.4512115,8.625,2011,December,12,Q4,49,8
14,2011-08-19,1896873.99,No,72.98,3.747,186.5093071,8.625,2011,August,8,Q3,33,19
14,2011-08-26,2273470.62,No,72.55,3.704,186.5641172,8.625,2011,August,8,Q3,34,26
14,2011-02-09,1750891.47,No,70.63,3.703,186.6189274,8.625,2011,February,2,Q1,6,9
14,2011-09-09,2202742.9,Yes,71.48,3.738,186.6737376,8.625,2011,September,9,Q3,36,9
14,2011-09-16,1864637.89,No,69.17,3.742,186.8024,8.625,2011,September,9,Q3,37,16
14,2011-09-23,1871555.64,No,63.75,3.711,187.0295321,8.625,2011,September,9,Q3,38,23
14,2011-09-30,1809989.29,No,70.66,3.645,187.2566641,8.625,2011,September,9,Q3,39,30
14,2011-07-10,2078796.76,No,55.82,3.583,187.4837962,8.523,2011,July,7,Q3,27,10
14,2011-10-14,1890870.75,No,63.82,3.541,187.6917481,8.523,2011,October,10,Q4,41,14
14,2011-10-21,2009004.59,No,59.6,3.57,187.7846197,8.523,2011,October,10,Q4,42,21
14,2011-10-28,2056846.12,No,51.78,3.569,187.8774913,8.523,2011,October,10,Q4,43,28
14,2011-04-11,2174056.71,No,43.92,3.551,187.9703629,8.523,2011,April,4,Q2,15,11
14,2011-11-11,2081534.65,No,47.65,3.53,188.0632345,8.523,2011,November,11,Q4,45,11
14,2011-11-18,1969360.72,No,51.34,3.53,188.1983654,8.523,2011,November,11,Q4,46,18
14,2011-11-25,2685351.81,Yes,48.71,3.492,188.3504,8.523,2011,November,11,Q4,47,25
14,2011-02-12,2143080.57,No,50.19,3.452,188.5024346,8.523,2011,February,2,Q1,6,12
14,2011-09-12,2470581.29,No,46.57,3.415,188.6544692,8.523,2011,September,9,Q3,37,12
14,2011-12-16,2594363.09,No,39.93,3.413,188.7979349,8.523,2011,December,12,Q4,50,16
14,2011-12-23,3369068.99,No,42.27,3.389,188.9299752,8.523,2011,December,12,Q4,51,23
14,2011-12-30,1914148.89,Yes,37.79,3.389,189.0620155,8.523,2011,December,12,Q4,52,30
14,2012-06-01,1859144.96,No,35.88,3.422,189.1940558,8.424,2012,June,6,Q2,22,1
14,2012-01-13,1696248.27,No,41.18,3.513,189.3260962,8.424,2012,January,1,Q1,2,13
14,2012-01-20,1789113.32,No,31.85,3.533,189.4214733,8.424,2012,January,1,Q1,3,20
14,2012-01-27,1595362.27,No,37.93,3.567,189.5168505,8.424,2012,January,1,Q1,4,27
14,2012-03-02,1877410.36,No,42.96,3.617,189.6122277,8.424,2012,March,3,Q1,9,2
14,2012-10-02,2077256.24,Yes,37.0,3.64,189.7076048,8.424,2012,October,10,Q4,40,2
14,2012-02-17,2020550.99,No,36.85,3.695,189.8424834,8.424,2012,February,2,Q1,7,17
14,2012-02-24,1875040.16,No,42.86,3.739,190.0069881,8.424,2012,February,2,Q1,8,24
14,2012-02-03,1926004.99,No,41.55,3.816,190.1714927,8.424,2012,February,2,Q1,5,3
14,2012-09-03,2020839.31,No,45.52,3.848,190.3359973,8.424,2012,September,9,Q3,36,3
14,2012-03-16,1941040.5,No,50.56,3.862,190.4618964,8.424,2012,March,3,Q1,11,16
14,2012-03-23,1893447.71,No,59.45,3.9,190.5363213,8.424,2012,March,3,Q1,12,23
14,2012-03-30,1905033.01,No,50.04,3.953,190.6107463,8.424,2012,March,3,Q1,13,30
14,2012-06-04,2376022.26,No,49.73,3.996,190.6851712,8.567,2012,June,6,Q2,23,4
14,2012-04-13,1912909.69,No,51.83,4.044,190.7595962,8.567,2012,April,4,Q2,15,13
14,2012-04-20,1875686.44,No,63.13,4.027,190.8138013,8.567,2012,April,4,Q2,16,20
14,2012-04-27,1784029.95,No,53.2,4.004,190.8680064,8.567,2012,April,4,Q2,17,27
14,2012-04-05,1949354.29,No,55.21,3.951,190.9222115,8.567,2012,April,4,Q2,14,5
14,2012-11-05,1987531.05,No,61.24,3.889,190.9764167,8.567,2012,November,11,Q4,45,5
14,2012-05-18,1932233.17,No,66.3,3.848,190.9964479,8.567,2012,May,5,Q2,20,18
14,2012-05-25,2030869.61,No,67.21,3.798,191.0028096,8.567,2012,May,5,Q2,21,25
14,2012-01-06,2049485.49,No,74.48,3.742,191.0091712,8.567,2012,January,1,Q1,1,6
14,2012-08-06,2099615.88,No,64.3,3.689,191.0155329,8.567,2012,August,8,Q3,32,6
14,2012-06-15,1905733.68,No,71.93,3.62,191.0299731,8.567,2012,June,6,Q2,24,15
14,2012-06-22,1660228.88,No,74.22,3.564,191.0646096,8.567,2012,June,6,Q2,25,22
14,2012-06-29,1591835.02,No,75.22,3.506,191.0992462,8.567,2012,June,6,Q2,26,29
14,2012-06-07,1862128.95,No,82.99,3.475,191.1338827,8.684,2012,June,6,Q2,23,7
14,2012-07-13,1544422.35,No,79.97,3.523,191.1685192,8.684,2012,July,7,Q3,28,13
14,2012-07-20,1553250.16,No,78.89,3.567,191.1670428,8.684,2012,July,7,Q3,29,20
14,2012-07-27,1479514.66,No,77.2,3.647,191.1655664,8.684,2012,July,7,Q3,30,27
14,2012-03-08,1656886.46,No,76.58,3.654,191.16409,8.684,2012,March,3,Q1,10,8
14,2012-10-08,1648570.03,No,78.65,3.722,191.1626135,8.684,2012,October,10,Q4,41,8
14,2012-08-17,1660433.3,No,75.71,3.807,191.2284919,8.684,2012,August,8,Q3,33,17
14,2012-08-24,1621841.33,No,72.62,3.834,191.3448865,8.684,2012,August,8,Q3,34,24
14,2012-08-31,1613342.19,No,75.09,3.867,191.461281,8.684,2012,August,8,Q3,35,31
14,2012-07-09,1904512.34,Yes,75.7,3.911,191.5776756,8.684,2012,July,7,Q3,28,9
14,2012-09-14,1554794.22,No,67.87,3.948,191.69985,8.684,2012,September,9,Q3,37,14
14,2012-09-21,1565352.46,No,65.32,4.038,191.8567038,8.684,2012,September,9,Q3,38,21
14,2012-09-28,1522512.2,No,64.88,3.997,192.0135577,8.684,2012,September,9,Q3,39,28
14,2012-05-10,1687592.16,No,64.89,3.985,192.1704115,8.667,2012,May,5,Q2,19,10
14,2012-12-10,1639585.61,No,54.47,4.0,192.3272654,8.667,2012,December,12,Q4,50,10
14,2012-10-19,1590274.72,No,56.47,3.969,192.3308542,8.667,2012,October,10,Q4,42,19
14,2012-10-26,1704357.62,No,58.85,3.882,192.3088989,8.667,2012,October,10,Q4,43,26
15,2010-05-02,652122.44,No,19.83,2.954,131.5279032,8.35,2010,May,5,Q2,17,2
15,2010-12-02,682447.1,Yes,22.0,2.94,131.5866129,8.35,2010,December,12,Q4,48,2
15,2010-02-19,660838.75,No,27.54,2.909,131.637,8.35,2010,February,2,Q1,7,19
15,2010-02-26,564883.2,No,29.87,2.91,131.686,8.35,2010,February,2,Q1,8,26
15,2010-05-03,605325.43,No,31.79,2.919,131.735,8.35,2010,May,5,Q2,18,3
15,2010-12-03,604173.59,No,41.39,2.938,131.784,8.35,2010,December,12,Q4,48,3
15,2010-03-19,593710.67,No,44.69,2.96,131.8242903,8.35,2010,March,3,Q1,11,19
15,2010-03-26,592111.49,No,39.53,2.963,131.863129,8.35,2010,March,3,Q1,12,26
15,2010-02-04,718470.71,No,45.27,2.957,131.9019677,8.185,2010,February,2,Q1,5,4
15,2010-09-04,634605.77,No,57.77,2.992,131.9408065,8.185,2010,September,9,Q3,35,4
15,2010-04-16,641208.65,No,49.63,3.01,131.9809,8.185,2010,April,4,Q2,15,16
15,2010-04-23,643097.6,No,46.54,3.021,132.0226667,8.185,2010,April,4,Q2,16,23
15,2010-04-30,570791.11,No,49.09,3.042,132.0644333,8.185,2010,April,4,Q2,17,30
15,2010-07-05,661348.88,No,63.16,3.095,132.1062,8.185,2010,July,7,Q3,27,5
15,2010-05-14,594385.2,No,47.13,3.112,132.152129,8.185,2010,May,5,Q2,19,14
15,2010-05-21,616598.1,No,59.09,3.096,132.2230323,8.185,2010,May,5,Q2,20,21
15,2010-05-28,744772.88,No,70.61,3.046,132.2939355,8.185,2010,May,5,Q2,21,28
15,2010-04-06,693192.5,No,69.99,3.006,132.3648387,8.185,2010,April,4,Q2,14,6
15,2010-11-06,619337.29,No,61.04,2.972,132.4357419,8.185,2010,November,11,Q4,44,6
15,2010-06-18,652329.53,No,65.83,2.942,132.4733333,8.185,2010,June,6,Q2,24,18
15,2010-06-25,672194.03,No,72.79,2.958,132.4976,8.185,2010,June,6,Q2,25,25
15,2010-02-07,709337.11,No,66.13,2.958,132.5218667,8.099,2010,February,2,Q1,5,7
15,2010-09-07,691497.62,No,77.33,2.94,132.5461333,8.099,2010,September,9,Q3,36,7
15,2010-07-16,633203.69,No,72.83,2.933,132.5667742,8.099,2010,July,7,Q3,28,16
15,2010-07-23,598553.43,No,73.2,2.924,132.5825806,8.099,2010,July,7,Q3,29,23
15,2010-07-30,619224.06,No,72.04,2.932,132.5983871,8.099,2010,July,7,Q3,30,30
15,2010-06-08,639651.24,No,72.7,2.942,132.6141935,8.099,2010,June,6,Q2,23,8
15,2010-08-13,622437.08,No,72.17,2.923,132.63,8.099,2010,August,8,Q3,32,13
15,2010-08-20,637090.44,No,71.1,2.913,132.6616129,8.099,2010,August,8,Q3,33,20
15,2010-08-27,649791.15,No,65.07,2.885,132.6932258,8.099,2010,August,8,Q3,34,27
15,2010-03-09,638647.21,No,73.17,2.86,132.7248387,8.099,2010,March,3,Q1,10,9
15,2010-10-09,641965.2,Yes,62.36,2.837,132.7564516,8.099,2010,October,10,Q4,40,9
15,2010-09-17,583210.87,No,57.94,2.846,132.7670667,8.099,2010,September,9,Q3,37,17
15,2010-09-24,548542.47,No,62.53,2.837,132.7619333,8.099,2010,September,9,Q3,38,24
15,2010-01-10,566945.95,No,59.69,2.84,132.7568,8.067,2010,January,1,Q1,1,10
15,2010-08-10,591603.79,No,52.19,2.903,132.7516667,8.067,2010,August,8,Q3,32,10
15,2010-10-15,577011.26,No,49.96,2.999,132.7633548,8.067,2010,October,10,Q4,41,15
15,2010-10-22,600395.73,No,47.1,3.049,132.8170968,8.067,2010,October,10,Q4,42,22
15,2010-10-29,598301.5,No,55.09,3.055,132.8708387,8.067,2010,October,10,Q4,43,29
15,2010-05-11,612987.64,No,40.29,3.049,132.9245806,8.067,2010,May,5,Q2,19,11
15,2010-12-11,619639.74,No,39.63,3.065,132.9783226,8.067,2010,December,12,Q4,49,11
15,2010-11-19,608200.81,No,44.1,3.138,132.9172,8.067,2010,November,11,Q4,46,19
15,2010-11-26,1120018.92,Yes,40.71,3.186,132.8369333,8.067,2010,November,11,Q4,47,26
15,2010-03-12,754134.95,No,36.0,3.2,132.7566667,8.067,2010,March,3,Q1,10,12
15,2010-10-12,847294.04,No,23.97,3.255,132.6764,8.067,2010,October,10,Q4,41,12
15,2010-12-17,983825.15,No,25.3,3.301,132.6804516,8.067,2010,December,12,Q4,50,17
15,2010-12-24,1368318.17,No,25.07,3.309,132.7477419,8.067,2010,December,12,Q4,51,24
15,2010-12-31,543754.17,Yes,26.54,3.336,132.8150323,8.067,2010,December,12,Q4,52,31
15,2011-07-01,509640.77,No,30.53,3.351,132.8823226,7.771,2011,July,7,Q3,26,1
15,2011-01-14,479424.2,No,19.53,3.367,132.9510645,7.771,2011,January,1,Q1,2,14
15,2011-01-21,487311.03,No,21.84,3.391,133.0285161,7.771,2011,January,1,Q1,3,21
15,2011-01-28,481119.6,No,19.61,3.402,133.1059677,7.771,2011,January,1,Q1,4,28
15,2011-04-02,556550.85,No,20.69,3.4,133.1834194,7.771,2011,April,4,Q2,13,2
15,2011-11-02,582864.35,Yes,21.64,3.416,133.260871,7.771,2011,November,11,Q4,44,2
15,2011-02-18,649993.5,No,33.06,3.42,133.3701429,7.771,2011,February,2,Q1,7,18
15,2011-02-25,547564.09,No,20.87,3.452,133.4921429,7.771,2011,February,2,Q1,8,25
15,2011-04-03,573374.49,No,28.16,3.605,133.6141429,7.771,2011,April,4,Q2,13,3
15,2011-11-03,537035.28,No,34.27,3.752,133.7361429,7.771,2011,November,11,Q4,44,3
15,2011-03-18,551553.99,No,40.23,3.796,133.8492258,7.771,2011,March,3,Q1,11,18
15,2011-03-25,527389.28,No,32.63,3.789,133.9587419,7.771,2011,March,3,Q1,12,25
15,2011-01-04,542556.05,No,30.34,3.811,134.0682581,7.658,2011,January,1,Q1,1,4
15,2011-08-04,587370.81,No,40.94,3.895,134.1777742,7.658,2011,August,8,Q3,31,4
15,2011-04-15,607691.36,No,48.63,3.981,134.2784667,7.658,2011,April,4,Q2,15,15
15,2011-04-22,655318.26,No,41.37,4.061,134.3571,7.658,2011,April,4,Q2,16,22
15,2011-04-29,560764.41,No,55.46,4.117,134.4357333,7.658,2011,April,4,Q2,17,29
15,2011-06-05,630522.67,No,49.87,4.192,134.5143667,7.658,2011,June,6,Q2,22,5
15,2011-05-13,630482.91,No,57.07,4.211,134.593,7.658,2011,May,5,Q2,19,13
15,2011-05-20,593941.9,No,57.19,4.202,134.6803871,7.658,2011,May,5,Q2,20,20
15,2011-05-27,636193.24,No,65.87,4.134,134.7677742,7.658,2011,May,5,Q2,21,27
15,2011-03-06,695396.19,No,69.8,4.069,134.8551613,7.658,2011,March,3,Q1,9,6
15,2011-10-06,642679.81,No,69.86,4.025,134.9425484,7.658,2011,October,10,Q4,40,6
15,2011-06-17,639928.85,No,63.9,3.989,135.0837333,7.658,2011,June,6,Q2,24,17
15,2011-06-24,656594.95,No,69.96,3.964,135.2652667,7.658,2011,June,6,Q2,25,24
15,2011-01-07,674669.16,No,67.43,3.916,135.4468,7.806,2011,January,1,Q1,1,7
15,2011-08-07,635118.48,No,73.47,3.886,135.6283333,7.806,2011,August,8,Q3,31,7
15,2011-07-15,624114.56,No,73.34,3.915,135.7837419,7.806,2011,July,7,Q3,28,15
15,2011-07-22,607475.44,No,79.97,3.972,135.8738387,7.806,2011,July,7,Q3,29,22
15,2011-07-29,577511.02,No,74.67,4.004,135.9639355,7.806,2011,July,7,Q3,30,29
15,2011-05-08,607961.21,No,73.63,4.02,136.0540323,7.806,2011,May,5,Q2,18,8
15,2011-12-08,590836.37,No,70.63,3.995,136.144129,7.806,2011,December,12,Q4,49,8
15,2011-08-19,599488.98,No,70.41,3.942,136.183129,7.806,2011,August,8,Q3,33,19
15,2011-08-26,605413.17,No,69.19,3.906,136.2136129,7.806,2011,August,8,Q3,34,26
15,2011-02-09,649159.68,No,67.63,3.879,136.2440968,7.806,2011,February,2,Q1,6,9
15,2011-09-09,607593.51,Yes,67.59,3.93,136.2745806,7.806,2011,September,9,Q3,36,9
15,2011-09-16,545052.34,No,62.1,3.937,136.3145,7.806,2011,September,9,Q3,37,16
15,2011-09-23,545570.86,No,59.0,3.899,136.367,7.806,2011,September,9,Q3,38,23
15,2011-09-30,521297.31,No,64.87,3.858,136.4195,7.806,2011,September,9,Q3,39,30
15,2011-07-10,579068.88,No,51.24,3.775,136.472,7.866,2011,July,7,Q3,27,10
15,2011-10-14,537300.94,No,61.3,3.744,136.5150968,7.866,2011,October,10,Q4,41,14
15,2011-10-21,603318.89,No,51.67,3.757,136.5017742,7.866,2011,October,10,Q4,42,21
15,2011-10-28,589842.69,No,45.54,3.757,136.4884516,7.866,2011,October,10,Q4,43,28
15,2011-04-11,615121.78,No,43.39,3.738,136.475129,7.866,2011,April,4,Q2,15,11
15,2011-11-11,618949.82,No,47.13,3.719,136.4618065,7.866,2011,November,11,Q4,45,11
15,2011-11-18,597856.51,No,46.53,3.717,136.4666667,7.866,2011,November,11,Q4,46,18
15,2011-11-25,1066478.1,Yes,41.1,3.689,136.4788,7.866,2011,November,11,Q4,47,25
15,2011-02-12,699028.66,No,45.67,3.666,136.4909333,7.866,2011,February,2,Q1,6,12
15,2011-09-12,764565.55,No,38.53,3.627,136.5030667,7.866,2011,September,9,Q3,37,12
15,2011-12-16,870415.49,No,35.49,3.611,136.5335161,7.866,2011,December,12,Q4,50,16
15,2011-12-23,1182691.87,No,34.93,3.587,136.5883871,7.866,2011,December,12,Q4,51,23
15,2011-12-30,603460.79,Yes,31.44,3.566,136.6432581,7.866,2011,December,12,Q4,52,30
15,2012-06-01,516087.65,No,30.24,3.585,136.698129,7.943,2012,June,6,Q2,22,1
15,2012-01-13,454183.42,No,36.26,3.666,136.753,7.943,2012,January,1,Q1,2,13
15,2012-01-20,492721.85,No,21.39,3.705,136.8564194,7.943,2012,January,1,Q1,3,20
15,2012-01-27,466045.63,No,30.87,3.737,136.9598387,7.943,2012,January,1,Q1,4,27
15,2012-03-02,523831.64,No,35.3,3.796,137.0632581,7.943,2012,March,3,Q1,9,2
15,2012-10-02,628218.22,Yes,31.91,3.826,137.1666774,7.943,2012,October,10,Q4,40,2
15,2012-02-17,598502.83,No,30.26,3.874,137.2583103,7.943,2012,February,2,Q1,7,17
15,2012-02-24,561137.06,No,33.18,3.917,137.3411034,7.943,2012,February,2,Q1,8,24
15,2012-02-03,541292.64,No,33.24,3.983,137.4238966,7.943,2012,February,2,Q1,5,3
15,2012-09-03,545120.67,No,36.97,4.021,137.5066897,7.943,2012,September,9,Q3,36,3
15,2012-03-16,570611.23,No,47.42,4.021,137.5843871,7.943,2012,March,3,Q1,11,16
15,2012-03-23,565481.88,No,58.92,4.054,137.6552903,7.943,2012,March,3,Q1,12,23
15,2012-03-30,557547.25,No,42.65,4.098,137.7261935,7.943,2012,March,3,Q1,13,30
15,2012-06-04,659950.36,No,40.01,4.143,137.7970968,8.15,2012,June,6,Q2,23,4
15,2012-04-13,558585.13,No,43.52,4.187,137.868,8.15,2012,April,4,Q2,15,13
15,2012-04-20,534780.57,No,54.47,4.17,137.9230667,8.15,2012,April,4,Q2,16,20
15,2012-04-27,527402.62,No,41.57,4.163,137.9781333,8.15,2012,April,4,Q2,17,27
15,2012-04-05,577868.38,No,51.04,4.124,138.0332,8.15,2012,April,4,Q2,14,5
15,2012-11-05,579539.95,No,54.23,4.055,138.0882667,8.15,2012,November,11,Q4,45,5
15,2012-05-18,600050.98,No,58.84,4.029,138.1065806,8.15,2012,May,5,Q2,20,18
15,2012-05-25,693780.42,No,67.97,3.979,138.1101935,8.15,2012,May,5,Q2,21,25
15,2012-01-06,663971.26,No,67.61,3.915,138.1138065,8.15,2012,January,1,Q1,1,6
15,2012-08-06,611390.67,No,59.35,3.871,138.1174194,8.15,2012,August,8,Q3,32,6
15,2012-06-15,636737.65,No,67.7,3.786,138.1295333,8.15,2012,June,6,Q2,24,15
15,2012-06-22,687085.6,No,74.28,3.722,138.1629,8.15,2012,June,6,Q2,25,22
15,2012-06-29,624099.48,No,68.91,3.667,138.1962667,8.15,2012,June,6,Q2,26,29
15,2012-06-07,678024.75,No,74.64,3.646,138.2296333,8.193,2012,June,6,Q2,23,7
15,2012-07-13,591335.5,No,72.62,3.689,138.263,8.193,2012,July,7,Q3,28,13
15,2012-07-20,592369.22,No,75.31,3.732,138.2331935,8.193,2012,July,7,Q3,29,20
15,2012-07-27,571190.83,No,73.9,3.82,138.2033871,8.193,2012,July,7,Q3,30,27
15,2012-03-08,590739.62,No,73.13,3.819,138.1735806,8.193,2012,March,3,Q1,10,8
15,2012-10-08,590453.63,No,73.99,3.863,138.1437742,8.193,2012,October,10,Q4,41,8
15,2012-08-17,579738.2,No,70.29,3.963,138.1857097,8.193,2012,August,8,Q3,33,17
15,2012-08-24,606210.77,No,66.98,3.997,138.2814516,8.193,2012,August,8,Q3,34,24
15,2012-08-31,610185.32,No,71.42,4.026,138.3771935,8.193,2012,August,8,Q3,35,31
15,2012-07-09,587259.82,Yes,71.61,4.076,138.4729355,8.193,2012,July,7,Q3,28,9
15,2012-09-14,527509.76,No,65.44,4.088,138.5673,8.193,2012,September,9,Q3,37,14
15,2012-09-21,533161.64,No,60.34,4.203,138.6534,8.193,2012,September,9,Q3,38,21
15,2012-09-28,553901.97,No,57.13,4.158,138.7395,8.193,2012,September,9,Q3,39,28
15,2012-05-10,573498.64,No,59.57,4.151,138.8256,7.992,2012,May,5,Q2,19,10
15,2012-12-10,551799.63,No,49.12,4.186,138.9117,7.992,2012,December,12,Q4,50,10
15,2012-10-19,555652.77,No,52.89,4.153,138.8336129,7.992,2012,October,10,Q4,42,19
15,2012-10-26,558473.6,No,55.75,4.071,138.7281613,7.992,2012,October,10,Q4,43,26
16,2010-05-02,477409.3,No,19.79,2.58,189.3816974,7.039,2010,May,5,Q2,17,2
16,2010-12-02,472044.28,Yes,20.87,2.572,189.4642725,7.039,2010,December,12,Q4,48,2
16,2010-02-19,469868.7,No,21.13,2.55,189.5340998,7.039,2010,February,2,Q1,7,19
16,2010-02-26,443242.17,No,18.12,2.586,189.6018023,7.039,2010,February,2,Q1,8,26
16,2010-05-03,444181.85,No,27.92,2.62,189.6695049,7.039,2010,May,5,Q2,18,3
16,2010-12-03,445393.74,No,28.64,2.684,189.7372075,7.039,2010,December,12,Q4,48,3
16,2010-03-19,504307.35,No,33.45,2.692,189.734262,7.039,2010,March,3,Q1,11,19
16,2010-03-26,483177.2,No,29.88,2.717,189.7195417,7.039,2010,March,3,Q1,12,26
16,2010-02-04,490503.69,No,36.19,2.725,189.7048215,6.842,2010,February,2,Q1,5,4
16,2010-09-04,424083.99,No,34.21,2.75,189.6901012,6.842,2010,September,9,Q3,35,4
16,2010-04-16,436312.41,No,45.69,2.765,189.6628845,6.842,2010,April,4,Q2,15,16
16,2010-04-23,370230.94,No,44.9,2.776,189.6190057,6.842,2010,April,4,Q2,16,23
16,2010-04-30,383550.93,No,37.75,2.766,189.575127,6.842,2010,April,4,Q2,17,30
16,2010-07-05,403217.22,No,37.43,2.771,189.5312483,6.842,2010,July,7,Q3,27,5
16,2010-05-14,401770.9,No,41.26,2.788,189.4904116,6.842,2010,May,5,Q2,19,14
16,2010-05-21,435300.51,No,47.34,2.776,189.467827,6.842,2010,May,5,Q2,20,21
16,2010-05-28,479430.0,No,52.08,2.737,189.4452425,6.842,2010,May,5,Q2,21,28
16,2010-04-06,516295.81,No,53.76,2.7,189.422658,6.842,2010,April,4,Q2,14,6
16,2010-11-06,535587.31,No,62.63,2.684,189.4000734,6.842,2010,November,11,Q4,44,6
16,2010-06-18,540149.85,No,52.4,2.674,189.4185259,6.842,2010,June,6,Q2,24,18
16,2010-06-25,546554.96,No,62.37,2.715,189.4533931,6.842,2010,June,6,Q2,25,25
16,2010-02-07,610641.42,No,64.44,2.728,189.4882603,6.868,2010,February,2,Q1,5,7
16,2010-09-07,614253.33,No,61.79,2.711,189.5231276,6.868,2010,September,9,Q3,36,7
16,2010-07-16,586583.69,No,67.68,2.699,189.6125456,6.868,2010,July,7,Q3,28,16
16,2010-07-23,588344.18,No,70.67,2.691,189.774698,6.868,2010,July,7,Q3,29,23
16,2010-07-30,562633.67,No,70.71,2.69,189.9368504,6.868,2010,July,7,Q3,30,30
16,2010-06-08,586936.45,No,67.42,2.69,190.0990028,6.868,2010,June,6,Q2,23,8
16,2010-08-13,543757.97,No,63.91,2.723,190.2611552,6.868,2010,August,8,Q3,32,13
16,2010-08-20,521516.96,No,63.59,2.732,190.2948237,6.868,2010,August,8,Q3,33,20
16,2010-08-27,581010.52,No,65.66,2.731,190.3284922,6.868,2010,August,8,Q3,34,27
16,2010-03-09,542087.89,No,58.02,2.773,190.3621607,6.868,2010,March,3,Q1,10,9
16,2010-10-09,537518.57,Yes,57.24,2.78,190.3958293,6.868,2010,October,10,Q4,40,9
16,2010-09-17,522049.52,No,56.55,2.8,190.4688287,6.868,2010,September,9,Q3,37,17
16,2010-09-24,511330.32,No,58.19,2.793,190.5713264,6.868,2010,September,9,Q3,38,24
16,2010-01-10,463977.54,No,59.39,2.759,190.6738241,6.986,2010,January,1,Q1,1,10
16,2010-08-10,442894.2,No,54.29,2.745,190.7763218,6.986,2010,August,8,Q3,32,10
16,2010-10-15,452169.28,No,45.0,2.762,190.8623087,6.986,2010,October,10,Q4,41,15
16,2010-10-22,541216.92,No,45.85,2.762,190.9070184,6.986,2010,October,10,Q4,42,22
16,2010-10-29,495022.51,No,35.76,2.748,190.951728,6.986,2010,October,10,Q4,43,29
16,2010-05-11,446905.02,No,39.94,2.729,190.9964377,6.986,2010,May,5,Q2,19,11
16,2010-12-11,453632.76,No,34.04,2.737,191.0411474,6.986,2010,December,12,Q4,49,11
16,2010-11-19,458634.68,No,27.26,2.758,191.0312172,6.986,2010,November,11,Q4,46,19
16,2010-11-26,651837.77,Yes,23.46,2.742,191.0121805,6.986,2010,November,11,Q4,47,26
16,2010-03-12,512260.59,No,23.68,2.712,190.9931437,6.986,2010,March,3,Q1,10,12
16,2010-10-12,570103.64,No,32.02,2.728,190.9741069,6.986,2010,October,10,Q4,41,12
16,2010-12-17,648652.01,No,26.01,2.778,191.0303376,6.986,2010,December,12,Q4,50,17
16,2010-12-24,1004730.69,No,32.46,2.781,191.1430189,6.986,2010,December,12,Q4,51,24
16,2010-12-31,575317.38,Yes,19.66,2.829,191.2557002,6.986,2010,December,12,Q4,52,31
16,2011-07-01,573545.96,No,12.39,2.882,191.3683815,6.614,2011,July,7,Q3,26,1
16,2011-01-14,470365.59,No,17.46,2.911,191.4784939,6.614,2011,January,1,Q1,2,14
16,2011-01-21,462888.13,No,28.6,2.973,191.5731924,6.614,2011,January,1,Q1,3,21
16,2011-01-28,448391.99,No,20.8,3.008,191.667891,6.614,2011,January,1,Q1,4,28
16,2011-04-02,479263.15,No,13.64,3.011,191.7625895,6.614,2011,April,4,Q2,13,2
16,2011-11-02,466806.89,Yes,15.02,3.037,191.8572881,6.614,2011,November,11,Q4,44,2
16,2011-02-18,491179.79,No,27.18,3.051,191.9178331,6.614,2011,February,2,Q1,7,18
16,2011-02-25,475201.64,No,26.15,3.101,191.9647167,6.614,2011,February,2,Q1,8,25
16,2011-04-03,484829.07,No,31.77,3.232,192.0116004,6.614,2011,April,4,Q2,13,3
16,2011-11-03,457504.35,No,29.36,3.372,192.058484,6.614,2011,November,11,Q4,44,3
16,2011-03-18,497373.49,No,36.5,3.406,192.1237981,6.614,2011,March,3,Q1,11,18
16,2011-03-25,465279.68,No,32.61,3.414,192.1964844,6.614,2011,March,3,Q1,12,25
16,2011-01-04,459756.11,No,35.75,3.461,192.2691707,6.339,2011,January,1,Q1,1,4
16,2011-08-04,439276.5,No,38.04,3.532,192.3418571,6.339,2011,August,8,Q3,31,4
16,2011-04-15,427855.24,No,34.59,3.611,192.4225954,6.339,2011,April,4,Q2,15,15
16,2011-04-22,368600.0,No,40.74,3.636,192.5234638,6.339,2011,April,4,Q2,16,22
16,2011-04-29,378100.31,No,37.77,3.663,192.6243322,6.339,2011,April,4,Q2,17,29
16,2011-06-05,423805.22,No,38.64,3.735,192.7252006,6.339,2011,June,6,Q2,22,5
16,2011-05-13,410406.95,No,43.29,3.767,192.826069,6.339,2011,May,5,Q2,19,13
16,2011-05-20,435397.19,No,43.95,3.828,192.831317,6.339,2011,May,5,Q2,20,20
16,2011-05-27,444718.68,No,45.17,3.795,192.8365651,6.339,2011,May,5,Q2,21,27
16,2011-03-06,531080.31,No,54.08,3.763,192.8418131,6.339,2011,March,3,Q1,9,6
16,2011-10-06,600952.06,No,55.78,3.735,192.8470612,6.339,2011,October,10,Q4,40,6
16,2011-06-17,581546.23,No,58.34,3.697,192.9034759,6.339,2011,June,6,Q2,24,17
16,2011-06-24,569105.03,No,54.36,3.661,192.9982655,6.339,2011,June,6,Q2,25,24
16,2011-01-07,608737.56,No,63.59,3.597,193.0930552,6.338,2011,January,1,Q1,1,7
16,2011-08-07,634634.66,No,65.0,3.54,193.1878448,6.338,2011,August,8,Q3,31,7
16,2011-07-15,586841.77,No,65.16,3.532,193.3125484,6.338,2011,July,7,Q3,28,15
16,2011-07-22,581758.22,No,65.36,3.545,193.5120367,6.338,2011,July,7,Q3,29,22
16,2011-07-29,582381.95,No,66.84,3.547,193.711525,6.338,2011,July,7,Q3,30,29
16,2011-05-08,592981.33,No,63.96,3.554,193.9110133,6.338,2011,May,5,Q2,18,8
16,2011-12-08,563884.47,No,67.09,3.542,194.1105017,6.338,2011,December,12,Q4,49,8
16,2011-08-19,554630.42,No,68.83,3.499,194.2500634,6.338,2011,August,8,Q3,33,19
16,2011-08-26,557312.01,No,67.51,3.485,194.3796374,6.338,2011,August,8,Q3,34,26
16,2011-02-09,580805.33,No,63.44,3.511,194.5092113,6.338,2011,February,2,Q1,6,9
16,2011-09-09,574622.56,Yes,56.99,3.566,194.6387853,6.338,2011,September,9,Q3,36,9
16,2011-09-16,539081.09,No,53.68,3.596,194.7419707,6.338,2011,September,9,Q3,37,16
16,2011-09-23,504856.97,No,50.39,3.581,194.8099713,6.338,2011,September,9,Q3,38,23
16,2011-09-30,450075.31,No,57.61,3.538,194.8779718,6.338,2011,September,9,Q3,39,30
16,2011-07-10,482926.93,No,48.91,3.498,194.9459724,6.232,2011,July,7,Q3,27,10
16,2011-10-14,498241.06,No,39.97,3.491,195.0261012,6.232,2011,October,10,Q4,41,14
16,2011-10-21,560104.16,No,46.99,3.548,195.1789994,6.232,2011,October,10,Q4,42,21
16,2011-10-28,505918.21,No,41.97,3.55,195.3318977,6.232,2011,October,10,Q4,43,28
16,2011-04-11,511059.95,No,33.43,3.527,195.4847959,6.232,2011,April,4,Q2,15,11
16,2011-11-11,513181.31,No,29.56,3.505,195.6376941,6.232,2011,November,11,Q4,45,11
16,2011-11-18,480353.64,No,31.73,3.479,195.7184713,6.232,2011,November,11,Q4,46,18
16,2011-11-25,712422.4,Yes,31.39,3.424,195.7704,6.232,2011,November,11,Q4,47,25
16,2011-02-12,530492.84,No,27.83,3.378,195.8223287,6.232,2011,February,2,Q1,6,12
16,2011-09-12,574798.86,No,14.44,3.331,195.8742575,6.232,2011,September,9,Q3,37,12
16,2011-12-16,679481.9,No,22.5,3.266,195.9841685,6.232,2011,December,12,Q4,50,16
16,2011-12-23,950691.96,No,20.79,3.173,196.1713893,6.232,2011,December,12,Q4,51,23
16,2011-12-30,665861.06,Yes,23.91,3.119,196.3586101,6.232,2011,December,12,Q4,52,30
16,2012-06-01,564538.07,No,26.49,3.095,196.5458309,6.162,2012,June,6,Q2,22,1
16,2012-01-13,508520.09,No,19.55,3.077,196.7330517,6.162,2012,January,1,Q1,2,13
16,2012-01-20,474389.75,No,29.3,3.055,196.7796652,6.162,2012,January,1,Q1,3,20
16,2012-01-27,453979.19,No,28.17,3.038,196.8262786,6.162,2012,January,1,Q1,4,27
16,2012-03-02,475905.1,No,25.53,3.031,196.8728921,6.162,2012,March,3,Q1,9,2
16,2012-10-02,473766.97,Yes,23.69,3.103,196.9195056,6.162,2012,October,10,Q4,40,2
16,2012-02-17,494069.49,No,31.19,3.113,196.9432711,6.162,2012,February,2,Q1,7,17
16,2012-02-24,495720.3,No,26.21,3.129,196.9499007,6.162,2012,February,2,Q1,8,24
16,2012-02-03,464189.09,No,23.4,3.191,196.9565303,6.162,2012,February,2,Q1,5,3
16,2012-09-03,495951.66,No,28.16,3.286,196.9631599,6.162,2012,September,9,Q3,36,3
16,2012-03-16,520850.71,No,38.02,3.486,197.0457208,6.162,2012,March,3,Q1,11,16
16,2012-03-23,493503.89,No,38.7,3.664,197.2295234,6.162,2012,March,3,Q1,12,23
16,2012-03-30,485095.41,No,48.29,3.75,197.4133259,6.162,2012,March,3,Q1,13,30
16,2012-06-04,502662.07,No,48.93,3.854,197.5971285,6.169,2012,June,6,Q2,23,4
16,2012-04-13,450756.71,No,45.83,3.901,197.780931,6.169,2012,April,4,Q2,15,13
16,2012-04-20,436221.26,No,43.61,3.936,197.7227385,6.169,2012,April,4,Q2,16,20
16,2012-04-27,398445.15,No,59.69,3.927,197.664546,6.169,2012,April,4,Q2,17,27
16,2012-04-05,426959.62,No,51.34,3.903,197.6063534,6.169,2012,April,4,Q2,14,5
16,2012-11-05,479855.0,No,53.57,3.87,197.5481609,6.169,2012,November,11,Q4,45,5
16,2012-05-18,493506.47,No,56.74,3.837,197.5553137,6.169,2012,May,5,Q2,20,18
16,2012-05-25,518045.09,No,57.36,3.804,197.5886046,6.169,2012,May,5,Q2,21,25
16,2012-01-06,532311.93,No,58.97,3.764,197.6218954,6.169,2012,January,1,Q1,1,6
16,2012-08-06,603618.89,No,65.43,3.741,197.6551863,6.169,2012,August,8,Q3,32,6
16,2012-06-15,570045.79,No,65.36,3.723,197.692292,6.169,2012,June,6,Q2,24,15
16,2012-06-22,581745.72,No,70.41,3.735,197.7389345,6.169,2012,June,6,Q2,25,22
16,2012-06-29,570162.28,No,77.31,3.693,197.785577,6.169,2012,June,6,Q2,26,29
16,2012-06-07,641763.53,No,70.49,3.646,197.8322195,6.061,2012,June,6,Q2,23,7
16,2012-07-13,569005.06,No,70.29,3.613,197.8788621,6.061,2012,July,7,Q3,28,13
16,2012-07-20,565297.54,No,68.43,3.585,197.9290378,6.061,2012,July,7,Q3,29,20
16,2012-07-27,539337.87,No,69.0,3.57,197.9792136,6.061,2012,July,7,Q3,30,27
16,2012-03-08,584000.71,No,68.59,3.528,198.0293893,6.061,2012,March,3,Q1,10,8
16,2012-10-08,554036.84,No,70.24,3.509,198.0795651,6.061,2012,October,10,Q4,41,8
16,2012-08-17,521896.6,No,62.07,3.545,198.1001057,6.061,2012,August,8,Q3,33,17
16,2012-08-24,551152.15,No,61.44,3.558,198.0984199,6.061,2012,August,8,Q3,34,24
16,2012-08-31,551837.31,No,64.19,3.556,198.0967341,6.061,2012,August,8,Q3,35,31
16,2012-07-09,537138.58,Yes,60.09,3.596,198.0950484,6.061,2012,July,7,Q3,28,9
16,2012-09-14,526525.16,No,56.69,3.659,198.1267184,6.061,2012,September,9,Q3,37,14
16,2012-09-21,509942.56,No,56.48,3.765,198.358523,6.061,2012,September,9,Q3,38,21
16,2012-09-28,469607.73,No,51.4,3.789,198.5903276,6.061,2012,September,9,Q3,39,28
16,2012-05-10,471281.68,No,50.46,3.779,198.8221322,5.847,2012,May,5,Q2,19,10
16,2012-12-10,491817.19,No,43.26,3.76,199.0539368,5.847,2012,December,12,Q4,50,10
16,2012-10-19,577198.97,No,40.59,3.75,199.1481963,5.847,2012,October,10,Q4,42,19
16,2012-10-26,475770.14,No,40.99,3.686,199.2195317,5.847,2012,October,10,Q4,43,26
17,2010-05-02,789036.02,No,23.11,2.666,126.4420645,6.548,2010,May,5,Q2,17,2
17,2010-12-02,841951.91,Yes,18.36,2.671,126.4962581,6.548,2010,December,12,Q4,48,2
17,2010-02-19,800714.0,No,25.06,2.654,126.5262857,6.548,2010,February,2,Q1,7,19
17,2010-02-26,749549.55,No,15.64,2.667,126.5522857,6.548,2010,February,2,Q1,8,26
17,2010-05-03,783300.05,No,31.58,2.681,126.5782857,6.548,2010,May,5,Q2,18,3
17,2010-12-03,763961.82,No,29.71,2.733,126.6042857,6.548,2010,December,12,Q4,48,3
17,2010-03-19,752034.52,No,33.96,2.782,126.6066452,6.548,2010,March,3,Q1,11,19
17,2010-03-26,793097.64,No,35.59,2.819,126.6050645,6.548,2010,March,3,Q1,12,26
17,2010-02-04,848521.17,No,36.94,2.842,126.6034839,6.635,2010,February,2,Q1,5,4
17,2010-09-04,770228.02,No,34.05,2.877,126.6019032,6.635,2010,September,9,Q3,35,4
17,2010-04-16,757738.76,No,45.22,2.915,126.5621,6.635,2010,April,4,Q2,15,16
17,2010-04-23,977790.83,No,52.25,2.936,126.4713333,6.635,2010,April,4,Q2,16,23
17,2010-04-30,807798.73,No,43.82,2.941,126.3805667,6.635,2010,April,4,Q2,17,30
17,2010-07-05,843848.65,No,40.26,2.948,126.2898,6.635,2010,July,7,Q3,27,5
17,2010-05-14,813756.09,No,47.28,2.962,126.2085484,6.635,2010,May,5,Q2,19,14
17,2010-05-21,826626.5,No,53.94,2.95,126.1843871,6.635,2010,May,5,Q2,20,21
17,2010-05-28,872817.62,No,48.19,2.908,126.1602258,6.635,2010,May,5,Q2,21,28
17,2010-04-06,876902.87,No,53.79,2.871,126.1360645,6.635,2010,April,4,Q2,14,6
17,2010-11-06,845252.21,No,57.14,2.841,126.1119032,6.635,2010,November,11,Q4,44,6
17,2010-06-18,877996.27,No,54.94,2.819,126.114,6.635,2010,June,6,Q2,24,18
17,2010-06-25,893995.44,No,62.64,2.82,126.1266,6.635,2010,June,6,Q2,25,25
17,2010-02-07,958875.37,No,68.98,2.814,126.1392,6.697,2010,February,2,Q1,5,7
17,2010-09-07,836915.92,No,62.41,2.802,126.1518,6.697,2010,September,9,Q3,36,7
17,2010-07-16,876591.41,No,65.66,2.791,126.1498065,6.697,2010,July,7,Q3,28,16
17,2010-07-23,893504.87,No,69.66,2.797,126.1283548,6.697,2010,July,7,Q3,29,23
17,2010-07-30,833517.19,No,69.96,2.797,126.1069032,6.697,2010,July,7,Q3,30,30
17,2010-06-08,795301.17,No,70.53,2.802,126.0854516,6.697,2010,June,6,Q2,23,8
17,2010-08-13,759995.18,No,65.17,2.837,126.064,6.697,2010,August,8,Q3,32,13
17,2010-08-20,783929.7,No,67.04,2.85,126.0766452,6.697,2010,August,8,Q3,33,20
17,2010-08-27,802583.89,No,65.03,2.854,126.0892903,6.697,2010,August,8,Q3,34,27
17,2010-03-09,834373.73,No,57.86,2.868,126.1019355,6.697,2010,March,3,Q1,10,9
17,2010-10-09,1200888.28,Yes,56.28,2.87,126.1145806,6.697,2010,October,10,Q4,40,9
17,2010-09-17,871264.25,No,58.53,2.875,126.1454667,6.697,2010,September,9,Q3,37,17
17,2010-09-24,852876.29,No,58.39,2.872,126.1900333,6.697,2010,September,9,Q3,38,24
17,2010-01-10,829207.27,No,60.07,2.853,126.2346,6.885,2010,January,1,Q1,1,10
17,2010-08-10,827738.06,No,58.06,2.841,126.2791667,6.885,2010,August,8,Q3,32,10
17,2010-10-15,838297.32,No,47.35,2.845,126.3266774,6.885,2010,October,10,Q4,41,15
17,2010-10-22,815093.76,No,47.95,2.849,126.3815484,6.885,2010,October,10,Q4,42,22
17,2010-10-29,861941.25,No,39.87,2.841,126.4364194,6.885,2010,October,10,Q4,43,29
17,2010-05-11,818434.49,No,42.54,2.831,126.4912903,6.885,2010,May,5,Q2,19,11
17,2010-12-11,855459.96,No,36.32,2.831,126.5461613,6.885,2010,December,12,Q4,49,11
17,2010-11-19,782252.57,No,36.31,2.842,126.6072,6.885,2010,November,11,Q4,46,19
17,2010-11-26,1005448.76,Yes,19.03,2.83,126.6692667,6.885,2010,November,11,Q4,47,26
17,2010-03-12,926573.81,No,22.47,2.812,126.7313333,6.885,2010,March,3,Q1,10,12
17,2010-10-12,962475.55,No,31.64,2.817,126.7934,6.885,2010,October,10,Q4,41,12
17,2010-12-17,1049372.38,No,25.13,2.842,126.8794839,6.885,2010,December,12,Q4,50,17
17,2010-12-24,1309226.79,No,26.58,2.846,126.9835806,6.885,2010,December,12,Q4,51,24
17,2010-12-31,635862.55,Yes,20.79,2.868,127.0876774,6.885,2010,December,12,Q4,52,31
17,2011-07-01,1083071.14,No,6.23,2.891,127.1917742,6.866,2011,July,7,Q3,26,1
17,2011-01-14,758510.36,No,16.57,2.903,127.3009355,6.866,2011,January,1,Q1,2,14
17,2011-01-21,755804.37,No,26.62,2.934,127.4404839,6.866,2011,January,1,Q1,3,21
17,2011-01-28,736335.69,No,22.16,2.96,127.5800323,6.866,2011,January,1,Q1,4,28
17,2011-04-02,816603.05,No,11.29,2.974,127.7195806,6.866,2011,April,4,Q2,13,2
17,2011-11-02,813211.46,Yes,14.19,3.034,127.859129,6.866,2011,November,11,Q4,44,2
17,2011-02-18,860962.91,No,26.86,3.062,127.99525,6.866,2011,February,2,Q1,7,18
17,2011-02-25,767256.53,No,24.36,3.12,128.13,6.866,2011,February,2,Q1,8,25
17,2011-04-03,816138.33,No,24.21,3.23,128.26475,6.866,2011,April,4,Q2,13,3
17,2011-11-03,779602.36,No,32.42,3.346,128.3995,6.866,2011,November,11,Q4,44,3
17,2011-03-18,778436.81,No,34.48,3.407,128.5121935,6.866,2011,March,3,Q1,11,18
17,2011-03-25,781267.76,No,36.71,3.435,128.6160645,6.866,2011,March,3,Q1,12,25
17,2011-01-04,795859.23,No,39.38,3.487,128.7199355,6.774,2011,January,1,Q1,1,4
17,2011-08-04,811855.72,No,39.16,3.547,128.8238065,6.774,2011,August,8,Q3,31,4
17,2011-04-15,825283.43,No,39.98,3.616,128.9107333,6.774,2011,April,4,Q2,15,15
17,2011-04-22,1060770.11,No,42.24,3.655,128.9553,6.774,2011,April,4,Q2,16,22
17,2011-04-29,806979.15,No,40.14,3.683,128.9998667,6.774,2011,April,4,Q2,17,29
17,2011-06-05,882132.28,No,45.66,3.744,129.0444333,6.774,2011,June,6,Q2,22,5
17,2011-05-13,870625.49,No,49.26,3.77,129.089,6.774,2011,May,5,Q2,19,13
17,2011-05-20,844443.35,No,51.93,3.802,129.0756774,6.774,2011,May,5,Q2,20,20
17,2011-05-27,892056.64,No,51.04,3.778,129.0623548,6.774,2011,May,5,Q2,21,27
17,2011-03-06,895020.48,No,49.61,3.752,129.0490323,6.774,2011,March,3,Q1,9,6
17,2011-10-06,881190.46,No,54.57,3.732,129.0357097,6.774,2011,October,10,Q4,40,6
17,2011-06-17,894686.67,No,56.61,3.704,129.0432,6.774,2011,June,6,Q2,24,17
17,2011-06-24,920719.98,No,60.99,3.668,129.0663,6.774,2011,June,6,Q2,25,24
17,2011-01-07,940554.34,No,67.39,3.613,129.0894,6.745,2011,January,1,Q1,1,7
17,2011-08-07,915064.22,No,70.6,3.563,129.1125,6.745,2011,August,8,Q3,31,7
17,2011-07-15,902727.76,No,67.93,3.553,129.1338387,6.745,2011,July,7,Q3,28,15
17,2011-07-22,899044.34,No,69.82,3.563,129.1507742,6.745,2011,July,7,Q3,29,22
17,2011-07-29,861894.77,No,68.59,3.574,129.1677097,6.745,2011,July,7,Q3,30,29
17,2011-05-08,866184.92,No,65.71,3.595,129.1846452,6.745,2011,May,5,Q2,18,8
17,2011-12-08,800819.79,No,64.79,3.606,129.2015806,6.745,2011,December,12,Q4,49,8
17,2011-08-19,797523.04,No,67.59,3.578,129.2405806,6.745,2011,August,8,Q3,33,19
17,2011-08-26,837390.79,No,72.04,3.57,129.2832581,6.745,2011,August,8,Q3,34,26
17,2011-02-09,847380.07,No,69.31,3.58,129.3259355,6.745,2011,February,2,Q1,6,9
17,2011-09-09,1161900.18,Yes,61.94,3.619,129.3686129,6.745,2011,September,9,Q3,36,9
17,2011-09-16,1051116.95,No,61.48,3.641,129.4306,6.745,2011,September,9,Q3,37,16
17,2011-09-23,895535.31,No,56.96,3.648,129.5183333,6.745,2011,September,9,Q3,38,23
17,2011-09-30,868191.05,No,61.4,3.623,129.6060667,6.745,2011,September,9,Q3,39,30
17,2011-07-10,918006.9,No,54.4,3.592,129.6938,6.617,2011,July,7,Q3,27,10
17,2011-10-14,884042.63,No,47.69,3.567,129.7706452,6.617,2011,October,10,Q4,41,14
17,2011-10-21,877380.22,No,47.27,3.579,129.7821613,6.617,2011,October,10,Q4,42,21
17,2011-10-28,936508.43,No,41.89,3.567,129.7936774,6.617,2011,October,10,Q4,43,28
17,2011-04-11,927657.63,No,37.52,3.538,129.8051935,6.617,2011,April,4,Q2,15,11
17,2011-11-11,914759.2,No,27.61,3.513,129.8167097,6.617,2011,November,11,Q4,45,11
17,2011-11-18,877724.31,No,32.93,3.489,129.8268333,6.617,2011,November,11,Q4,46,18
17,2011-11-25,1225700.28,Yes,32.81,3.445,129.8364,6.617,2011,November,11,Q4,47,25
17,2011-02-12,945267.68,No,26.47,3.389,129.8459667,6.617,2011,February,2,Q1,6,12
17,2011-09-12,976522.93,No,17.56,3.341,129.8555333,6.617,2011,September,9,Q3,37,12
17,2011-12-16,1067754.06,No,21.07,3.282,129.8980645,6.617,2011,December,12,Q4,50,16
17,2011-12-23,1289156.9,No,18.76,3.186,129.9845484,6.617,2011,December,12,Q4,51,23
17,2011-12-30,777207.3,Yes,26.73,3.119,130.0710323,6.617,2011,December,12,Q4,52,30
17,2012-06-01,1198104.22,No,27.64,3.08,130.1575161,6.403,2012,June,6,Q2,22,1
17,2012-01-13,873576.96,No,20.28,3.056,130.244,6.403,2012,January,1,Q1,2,13
17,2012-01-20,809272.65,No,27.26,3.047,130.2792258,6.403,2012,January,1,Q1,3,20
17,2012-01-27,769522.33,No,29.99,3.058,130.3144516,6.403,2012,January,1,Q1,4,27
17,2012-03-02,864852.85,No,26.26,3.077,130.3496774,6.403,2012,March,3,Q1,9,2
17,2012-10-02,880165.7,Yes,23.63,3.116,130.3849032,6.403,2012,October,10,Q4,40,2
17,2012-02-17,927084.65,No,30.76,3.119,130.4546207,6.403,2012,February,2,Q1,7,17
17,2012-02-24,843864.43,No,30.01,3.145,130.5502069,6.403,2012,February,2,Q1,8,24
17,2012-02-03,856178.47,No,26.28,3.242,130.6457931,6.403,2012,February,2,Q1,5,3
17,2012-09-03,860224.98,No,32.02,3.38,130.7413793,6.403,2012,September,9,Q3,36,3
17,2012-03-16,853136.46,No,43.69,3.529,130.8261935,6.403,2012,March,3,Q1,11,16
17,2012-03-23,851762.28,No,40.69,3.671,130.8966452,6.403,2012,March,3,Q1,12,23
17,2012-03-30,872469.03,No,45.29,3.734,130.9670968,6.403,2012,March,3,Q1,13,30
17,2012-06-04,986922.62,No,43.92,3.793,131.0375484,6.235,2012,June,6,Q2,23,4
17,2012-04-13,877055.32,No,46.94,3.833,131.108,6.235,2012,April,4,Q2,15,13
17,2012-04-20,1119979.98,No,47.69,3.845,131.1173333,6.235,2012,April,4,Q2,16,20
17,2012-04-27,925916.65,No,59.11,3.842,131.1266667,6.235,2012,April,4,Q2,17,27
17,2012-04-05,930121.14,No,48.86,3.831,131.136,6.235,2012,April,4,Q2,14,5
17,2012-11-05,944100.3,No,49.96,3.809,131.1453333,6.235,2012,November,11,Q4,45,5
17,2012-05-18,968816.33,No,59.67,3.808,131.0983226,6.235,2012,May,5,Q2,20,18
17,2012-05-25,984881.59,No,55.69,3.801,131.0287742,6.235,2012,May,5,Q2,21,25
17,2012-01-06,938914.28,No,54.13,3.788,130.9592258,6.235,2012,January,1,Q1,1,6
17,2012-08-06,987990.24,No,60.51,3.776,130.8896774,6.235,2012,August,8,Q3,32,6
17,2012-06-15,964169.67,No,56.67,3.756,130.8295333,6.235,2012,June,6,Q2,24,15
17,2012-06-22,981210.57,No,62.9,3.737,130.7929,6.235,2012,June,6,Q2,25,22
17,2012-06-29,982322.24,No,71.14,3.681,130.7562667,6.235,2012,June,6,Q2,26,29
17,2012-06-07,1046782.52,No,68.91,3.63,130.7196333,5.936,2012,June,6,Q2,23,7
17,2012-07-13,960746.04,No,72.94,3.595,130.683,5.936,2012,July,7,Q3,28,13
17,2012-07-20,944698.7,No,70.59,3.556,130.7012903,5.936,2012,July,7,Q3,29,20
17,2012-07-27,907493.24,No,74.2,3.537,130.7195806,5.936,2012,July,7,Q3,30,27
17,2012-03-08,877813.33,No,72.94,3.512,130.737871,5.936,2012,March,3,Q1,10,8
17,2012-10-08,849074.04,No,73.29,3.509,130.7561613,5.936,2012,October,10,Q4,41,8
17,2012-08-17,844928.17,No,70.98,3.545,130.7909677,5.936,2012,August,8,Q3,33,17
17,2012-08-24,924299.78,No,68.89,3.582,130.8381613,5.936,2012,August,8,Q3,34,24
17,2012-08-31,865924.2,No,68.07,3.624,130.8853548,5.936,2012,August,8,Q3,35,31
17,2012-07-09,1255633.29,Yes,61.99,3.689,130.9325484,5.936,2012,July,7,Q3,28,9
17,2012-09-14,1071040.22,No,59.64,3.749,130.9776667,5.936,2012,September,9,Q3,37,14
17,2012-09-21,938303.28,No,58.43,3.821,131.0103333,5.936,2012,September,9,Q3,38,21
17,2012-09-28,972716.24,No,57.77,3.821,131.043,5.936,2012,September,9,Q3,39,28
17,2012-05-10,952609.17,No,52.81,3.815,131.0756667,5.527,2012,May,5,Q2,19,10
17,2012-12-10,919878.34,No,44.82,3.797,131.1083333,5.527,2012,December,12,Q4,50,10
17,2012-10-19,957356.84,No,48.16,3.781,131.1499677,5.527,2012,October,10,Q4,42,19
17,2012-10-26,943465.29,No,39.94,3.755,131.1930968,5.527,2012,October,10,Q4,43,26
18,2010-05-02,1205307.5,No,21.33,2.788,131.5279032,9.202,2010,May,5,Q2,17,2
18,2010-12-02,1187880.7,Yes,26.41,2.771,131.5866129,9.202,2010,December,12,Q4,48,2
18,2010-02-19,1150663.42,No,30.91,2.747,131.637,9.202,2010,February,2,Q1,7,19
18,2010-02-26,1068157.45,No,35.42,2.753,131.686,9.202,2010,February,2,Q1,8,26
18,2010-05-03,1179738.5,No,37.17,2.766,131.735,9.202,2010,May,5,Q2,18,3
18,2010-12-03,1138800.32,No,42.39,2.805,131.784,9.202,2010,December,12,Q4,48,3
18,2010-03-19,1087507.47,No,45.42,2.834,131.8242903,9.202,2010,March,3,Q1,11,19
18,2010-03-26,1092704.09,No,47.55,2.831,131.863129,9.202,2010,March,3,Q1,12,26
18,2010-02-04,1254107.84,No,45.63,2.826,131.9019677,9.269,2010,February,2,Q1,5,4
18,2010-09-04,1174447.55,No,59.91,2.849,131.9408065,9.269,2010,September,9,Q3,35,4
18,2010-04-16,1135577.62,No,50.26,2.885,131.9809,9.269,2010,April,4,Q2,15,16
18,2010-04-23,1132433.55,No,50.3,2.895,132.0226667,9.269,2010,April,4,Q2,16,23
18,2010-04-30,1060446.16,No,51.12,2.935,132.0644333,9.269,2010,April,4,Q2,17,30
18,2010-07-05,1222255.47,No,65.64,2.981,132.1062,9.269,2010,July,7,Q3,27,5
18,2010-05-14,1092616.49,No,49.9,2.983,132.152129,9.269,2010,May,5,Q2,19,14
18,2010-05-21,1101621.36,No,60.27,2.961,132.2230323,9.269,2010,May,5,Q2,20,21
18,2010-05-28,1256282.79,No,69.12,2.906,132.2939355,9.269,2010,May,5,Q2,21,28
18,2010-04-06,1271311.76,No,70.28,2.857,132.3648387,9.269,2010,April,4,Q2,14,6
18,2010-11-06,1173521.82,No,64.08,2.83,132.4357419,9.269,2010,November,11,Q4,44,6
18,2010-06-18,1183225.92,No,65.96,2.805,132.4733333,9.269,2010,June,6,Q2,24,18
18,2010-06-25,1220983.17,No,74.04,2.81,132.4976,9.269,2010,June,6,Q2,25,25
18,2010-02-07,1257928.35,No,71.22,2.815,132.5218667,9.342,2010,February,2,Q1,5,7
18,2010-09-07,1171391.41,No,79.75,2.806,132.5461333,9.342,2010,September,9,Q3,36,7
18,2010-07-16,1115514.61,No,76.9,2.796,132.5667742,9.342,2010,July,7,Q3,28,16
18,2010-07-23,1032908.23,No,75.71,2.784,132.5825806,9.342,2010,July,7,Q3,29,23
18,2010-07-30,1078557.62,No,75.79,2.792,132.5983871,9.342,2010,July,7,Q3,30,30
18,2010-06-08,1166117.85,No,73.67,2.792,132.6141935,9.342,2010,June,6,Q2,23,8
18,2010-08-13,1084722.78,No,74.19,2.81,132.63,9.342,2010,August,8,Q3,32,13
18,2010-08-20,1141860.67,No,71.76,2.796,132.6616129,9.342,2010,August,8,Q3,33,20
18,2010-08-27,1214302.76,No,67.05,2.77,132.6932258,9.342,2010,August,8,Q3,34,27
18,2010-03-09,1187359.77,No,75.42,2.735,132.7248387,9.342,2010,March,3,Q1,10,9
18,2010-10-09,1011201.12,Yes,67.09,2.717,132.7564516,9.342,2010,October,10,Q4,40,9
18,2010-09-17,997998.21,No,60.94,2.716,132.7670667,9.342,2010,September,9,Q3,37,17
18,2010-09-24,950862.92,No,64.82,2.718,132.7619333,9.342,2010,September,9,Q3,38,24
18,2010-01-10,948977.5,No,67.76,2.717,132.7568,9.331,2010,January,1,Q1,1,10
18,2010-08-10,1107432.71,No,54.73,2.776,132.7516667,9.331,2010,August,8,Q3,32,10
18,2010-10-15,1029618.1,No,52.02,2.878,132.7633548,9.331,2010,October,10,Q4,41,15
18,2010-10-22,1052120.43,No,47.12,2.919,132.8170968,9.331,2010,October,10,Q4,42,22
18,2010-10-29,1038576.54,No,55.85,2.938,132.8708387,9.331,2010,October,10,Q4,43,29
18,2010-05-11,1089530.94,No,42.05,2.938,132.9245806,9.331,2010,May,5,Q2,19,11
18,2010-12-11,1081322.12,No,43.17,2.961,132.9783226,9.331,2010,December,12,Q4,49,11
18,2010-11-19,1045722.37,No,45.26,3.03,132.9172,9.331,2010,November,11,Q4,46,19
18,2010-11-26,1653759.36,Yes,40.81,3.07,132.8369333,9.331,2010,November,11,Q4,47,26
18,2010-03-12,1211026.13,No,37.09,3.065,132.7566667,9.331,2010,March,3,Q1,10,12
18,2010-10-12,1416168.98,No,25.64,3.132,132.6764,9.331,2010,October,10,Q4,41,12
18,2010-12-17,1588430.71,No,27.4,3.139,132.6804516,9.331,2010,December,12,Q4,50,17
18,2010-12-24,2027507.15,No,28.16,3.15,132.7477419,9.331,2010,December,12,Q4,51,24
18,2010-12-31,887907.01,Yes,26.1,3.177,132.8150323,9.331,2010,December,12,Q4,52,31
18,2011-07-01,933960.3,No,30.1,3.193,132.8823226,9.131,2011,July,7,Q3,26,1
18,2011-01-14,777175.28,No,22.69,3.215,132.9510645,9.131,2011,January,1,Q1,2,14
18,2011-01-21,891148.55,No,22.55,3.232,133.0285161,9.131,2011,January,1,Q1,3,21
18,2011-01-28,849540.85,No,14.84,3.243,133.1059677,9.131,2011,January,1,Q1,4,28
18,2011-04-02,1055841.24,No,20.79,3.24,133.1834194,9.131,2011,April,4,Q2,13,2
18,2011-11-02,1122053.58,Yes,24.3,3.255,133.260871,9.131,2011,November,11,Q4,44,2
18,2011-02-18,1095058.57,No,31.59,3.263,133.3701429,9.131,2011,February,2,Q1,7,18
18,2011-02-25,1005983.31,No,26.15,3.281,133.4921429,9.131,2011,February,2,Q1,8,25
18,2011-04-03,1063310.62,No,28.49,3.437,133.6141429,9.131,2011,April,4,Q2,13,3
18,2011-11-03,1002714.25,No,38.4,3.6,133.7361429,9.131,2011,November,11,Q4,44,3
18,2011-03-18,945889.59,No,41.12,3.634,133.8492258,9.131,2011,March,3,Q1,11,18
18,2011-03-25,944523.3,No,36.65,3.624,133.9587419,9.131,2011,March,3,Q1,12,25
18,2011-01-04,938083.17,No,35.06,3.638,134.0682581,8.975,2011,January,1,Q1,1,4
18,2011-08-04,1018541.3,No,43.32,3.72,134.1777742,8.975,2011,August,8,Q3,31,4
18,2011-04-15,988157.72,No,49.91,3.823,134.2784667,8.975,2011,April,4,Q2,15,15
18,2011-04-22,1105860.06,No,45.99,3.919,134.3571,8.975,2011,April,4,Q2,16,22
18,2011-04-29,974114.39,No,58.82,3.988,134.4357333,8.975,2011,April,4,Q2,17,29
18,2011-06-05,1065427.37,No,54.17,4.078,134.5143667,8.975,2011,June,6,Q2,22,5
18,2011-05-13,993172.98,No,58.48,4.095,134.593,8.975,2011,May,5,Q2,19,13
18,2011-05-20,994610.43,No,57.55,4.101,134.6803871,8.975,2011,May,5,Q2,20,20
18,2011-05-27,1065214.14,No,64.6,4.034,134.7677742,8.975,2011,May,5,Q2,21,27
18,2011-03-06,1178039.0,No,70.9,3.973,134.8551613,8.975,2011,March,3,Q1,9,6
18,2011-10-06,1044079.2,No,69.49,3.924,134.9425484,8.975,2011,October,10,Q4,40,6
18,2011-06-17,1045859.39,No,63.23,3.873,135.0837333,8.975,2011,June,6,Q2,24,17
18,2011-06-24,1056478.65,No,67.41,3.851,135.2652667,8.975,2011,June,6,Q2,25,24
18,2011-01-07,1087051.26,No,69.75,3.815,135.4468,8.89,2011,January,1,Q1,1,7
18,2011-08-07,1048802.62,No,73.12,3.784,135.6283333,8.89,2011,August,8,Q3,31,7
18,2011-07-15,974916.13,No,74.36,3.827,135.7837419,8.89,2011,July,7,Q3,28,15
18,2011-07-22,991262.46,No,78.68,3.882,135.8738387,8.89,2011,July,7,Q3,29,22
18,2011-07-29,954148.64,No,73.85,3.898,135.9639355,8.89,2011,July,7,Q3,30,29
18,2011-05-08,1002806.39,No,74.58,3.903,136.0540323,8.89,2011,May,5,Q2,18,8
18,2011-12-08,928470.83,No,73.57,3.88,136.144129,8.89,2011,December,12,Q4,49,8
18,2011-08-19,932679.79,No,69.24,3.82,136.183129,8.89,2011,August,8,Q3,33,19
18,2011-08-26,1147906.46,No,70.32,3.796,136.2136129,8.89,2011,August,8,Q3,34,26
18,2011-02-09,540922.94,No,68.23,3.784,136.2440968,8.89,2011,February,2,Q1,6,9
18,2011-09-09,951549.61,Yes,68.11,3.809,136.2745806,8.89,2011,September,9,Q3,36,9
18,2011-09-16,845715.37,No,66.23,3.809,136.3145,8.89,2011,September,9,Q3,37,16
18,2011-09-23,853073.17,No,60.44,3.758,136.367,8.89,2011,September,9,Q3,38,23
18,2011-09-30,847348.08,No,69.01,3.684,136.4195,8.89,2011,September,9,Q3,39,30
18,2011-07-10,1019741.1,No,54.65,3.633,136.472,8.471,2011,July,7,Q3,27,10
18,2011-10-14,953533.95,No,60.26,3.583,136.5150968,8.471,2011,October,10,Q4,41,14
18,2011-10-21,1048212.62,No,55.83,3.618,136.5017742,8.471,2011,October,10,Q4,42,21
18,2011-10-28,1106642.63,No,45.61,3.604,136.4884516,8.471,2011,October,10,Q4,43,28
18,2011-04-11,1100625.06,No,38.29,3.586,136.475129,8.471,2011,April,4,Q2,15,11
18,2011-11-11,1079931.63,No,45.69,3.57,136.4618065,8.471,2011,November,11,Q4,45,11
18,2011-11-18,1056992.18,No,47.88,3.571,136.4666667,8.471,2011,November,11,Q4,46,18
18,2011-11-25,1624170.99,Yes,41.97,3.536,136.4788,8.471,2011,November,11,Q4,47,25
18,2011-02-12,1188047.61,No,46.25,3.501,136.4909333,8.471,2011,February,2,Q1,6,12
18,2011-09-12,1368471.23,No,42.36,3.47,136.5030667,8.471,2011,September,9,Q3,37,12
18,2011-12-16,1516924.23,No,35.52,3.445,136.5335161,8.471,2011,December,12,Q4,50,16
18,2011-12-23,1882393.4,No,35.78,3.413,136.5883871,8.471,2011,December,12,Q4,51,23
18,2011-12-30,1010562.49,Yes,32.36,3.402,136.6432581,8.471,2011,December,12,Q4,52,30
18,2012-06-01,977286.07,No,31.27,3.439,136.698129,8.075,2012,June,6,Q2,22,1
18,2012-01-13,890130.25,No,35.25,3.523,136.753,8.075,2012,January,1,Q1,2,13
18,2012-01-20,937522.77,No,24.2,3.542,136.8564194,8.075,2012,January,1,Q1,3,20
18,2012-01-27,825584.22,No,30.44,3.568,136.9598387,8.075,2012,January,1,Q1,4,27
18,2012-03-02,1049772.04,No,37.62,3.633,137.0632581,8.075,2012,March,3,Q1,9,2
18,2012-10-02,1161615.51,Yes,32.83,3.655,137.1666774,8.075,2012,October,10,Q4,40,2
18,2012-02-17,1115985.81,No,32.87,3.703,137.2583103,8.075,2012,February,2,Q1,7,17
18,2012-02-24,1037861.11,No,36.34,3.751,137.3411034,8.075,2012,February,2,Q1,8,24
18,2012-02-03,1047178.91,No,33.59,3.827,137.4238966,8.075,2012,February,2,Q1,5,3
18,2012-09-03,1084894.47,No,38.1,3.876,137.5066897,8.075,2012,September,9,Q3,36,3
18,2012-03-16,1022018.43,No,45.84,3.867,137.5843871,8.075,2012,March,3,Q1,11,16
18,2012-03-23,1031139.3,No,58.06,3.889,137.6552903,8.075,2012,March,3,Q1,12,23
18,2012-03-30,1009121.2,No,45.35,3.921,137.7261935,8.075,2012,March,3,Q1,13,30
18,2012-06-04,1200815.3,No,43.8,3.957,137.7970968,8.304,2012,June,6,Q2,23,4
18,2012-04-13,998443.5,No,47.75,4.025,137.868,8.304,2012,April,4,Q2,15,13
18,2012-04-20,1025813.8,No,60.88,4.046,137.9230667,8.304,2012,April,4,Q2,16,20
18,2012-04-27,961186.23,No,50.43,4.023,137.9781333,8.304,2012,April,4,Q2,17,27
18,2012-04-05,1050027.89,No,49.66,3.991,138.0332,8.304,2012,April,4,Q2,14,5
18,2012-11-05,1060433.1,No,57.44,3.947,138.0882667,8.304,2012,November,11,Q4,45,5
18,2012-05-18,1047444.59,No,62.31,3.899,138.1065806,8.304,2012,May,5,Q2,20,18
18,2012-05-25,1088446.58,No,65.48,3.85,138.1101935,8.304,2012,May,5,Q2,21,25
18,2012-01-06,1118313.7,No,71.42,3.798,138.1138065,8.304,2012,January,1,Q1,1,6
18,2012-08-06,1110479.94,No,59.1,3.746,138.1174194,8.304,2012,August,8,Q3,32,6
18,2012-06-15,1057425.83,No,66.58,3.683,138.1295333,8.304,2012,June,6,Q2,24,15
18,2012-06-22,1080357.89,No,70.92,3.629,138.1629,8.304,2012,June,6,Q2,25,22
18,2012-06-29,1097006.3,No,70.17,3.577,138.1962667,8.304,2012,June,6,Q2,26,29
18,2012-06-07,1158247.31,No,76.08,3.538,138.2296333,8.535,2012,June,6,Q2,23,7
18,2012-07-13,1024784.92,No,75.09,3.561,138.263,8.535,2012,July,7,Q3,28,13
18,2012-07-20,1033543.56,No,77.43,3.61,138.2331935,8.535,2012,July,7,Q3,29,20
18,2012-07-27,924506.26,No,72.97,3.701,138.2033871,8.535,2012,July,7,Q3,30,27
18,2012-03-08,1052066.58,No,72.67,3.698,138.1735806,8.535,2012,March,3,Q1,10,8
18,2012-10-08,967304.07,No,75.7,3.772,138.1437742,8.535,2012,October,10,Q4,41,8
18,2012-08-17,1048134.24,No,73.25,3.84,138.1857097,8.535,2012,August,8,Q3,33,17
18,2012-08-24,1145840.91,No,68.52,3.874,138.2814516,8.535,2012,August,8,Q3,34,24
18,2012-08-31,1117097.23,No,70.09,3.884,138.3771935,8.535,2012,August,8,Q3,35,31
18,2012-07-09,1083521.24,Yes,71.85,3.921,138.4729355,8.535,2012,July,7,Q3,28,9
18,2012-09-14,960476.1,No,64.45,3.988,138.5673,8.535,2012,September,9,Q3,37,14
18,2012-09-21,971386.65,No,60.23,4.056,138.6534,8.535,2012,September,9,Q3,38,21
18,2012-09-28,1002856.2,No,58.24,4.018,138.7395,8.535,2012,September,9,Q3,39,28
18,2012-05-10,1092204.79,No,59.68,4.027,138.8256,8.243,2012,May,5,Q2,19,10
18,2012-12-10,1074079.0,No,50.97,4.029,138.9117,8.243,2012,December,12,Q4,50,10
18,2012-10-19,1048706.75,No,51.96,4.0,138.8336129,8.243,2012,October,10,Q4,42,19
18,2012-10-26,1127516.25,No,56.09,3.917,138.7281613,8.243,2012,October,10,Q4,43,26
19,2010-05-02,1507637.17,No,20.96,2.954,131.5279032,8.35,2010,May,5,Q2,17,2
19,2010-12-02,1536549.95,Yes,23.22,2.94,131.5866129,8.35,2010,December,12,Q4,48,2
19,2010-02-19,1515976.11,No,28.57,2.909,131.637,8.35,2010,February,2,Q1,7,19
19,2010-02-26,1373270.06,No,30.33,2.91,131.686,8.35,2010,February,2,Q1,8,26
19,2010-05-03,1495844.57,No,32.92,2.919,131.735,8.35,2010,May,5,Q2,18,3
19,2010-12-03,1467889.2,No,39.06,2.938,131.784,8.35,2010,December,12,Q4,48,3
19,2010-03-19,1332940.35,No,43.74,2.96,131.8242903,8.35,2010,March,3,Q1,11,19
19,2010-03-26,1427023.45,No,39.07,2.963,131.863129,8.35,2010,March,3,Q1,12,26
19,2010-02-04,1642970.27,No,45.26,2.957,131.9019677,8.185,2010,February,2,Q1,5,4
19,2010-09-04,1489613.32,No,55.66,2.992,131.9408065,8.185,2010,September,9,Q3,35,4
19,2010-04-16,1460354.67,No,49.67,3.01,131.9809,8.185,2010,April,4,Q2,15,16
19,2010-04-23,1456793.33,No,46.87,3.021,132.0226667,8.185,2010,April,4,Q2,16,23
19,2010-04-30,1405065.57,No,49.89,3.042,132.0644333,8.185,2010,April,4,Q2,17,30
19,2010-07-05,1566219.77,No,62.54,3.095,132.1062,8.185,2010,July,7,Q3,27,5
19,2010-05-14,1437319.45,No,46.53,3.112,132.152129,8.185,2010,May,5,Q2,19,14
19,2010-05-21,1377716.17,No,57.53,3.096,132.2230323,8.185,2010,May,5,Q2,20,21
19,2010-05-28,1648882.62,No,68.85,3.046,132.2939355,8.185,2010,May,5,Q2,21,28
19,2010-04-06,1519013.49,No,68.88,3.006,132.3648387,8.185,2010,April,4,Q2,14,6
19,2010-11-06,1410683.94,No,61.64,2.972,132.4357419,8.185,2010,November,11,Q4,44,6
19,2010-06-18,1457314.39,No,66.25,2.942,132.4733333,8.185,2010,June,6,Q2,24,18
19,2010-06-25,1450407.32,No,72.3,2.958,132.4976,8.185,2010,June,6,Q2,25,25
19,2010-02-07,1549018.68,No,66.25,2.958,132.5218667,8.099,2010,February,2,Q1,5,7
19,2010-09-07,1577541.24,No,78.22,2.94,132.5461333,8.099,2010,September,9,Q3,36,7
19,2010-07-16,1412157.02,No,74.6,2.933,132.5667742,8.099,2010,July,7,Q3,28,16
19,2010-07-23,1372043.71,No,74.68,2.924,132.5825806,8.099,2010,July,7,Q3,29,23
19,2010-07-30,1366395.96,No,72.83,2.932,132.5983871,8.099,2010,July,7,Q3,30,30
19,2010-06-08,1492060.89,No,74.2,2.942,132.6141935,8.099,2010,June,6,Q2,23,8
19,2010-08-13,1418027.08,No,72.71,2.923,132.63,8.099,2010,August,8,Q3,32,13
19,2010-08-20,1419383.19,No,72.22,2.913,132.6616129,8.099,2010,August,8,Q3,33,20
19,2010-08-27,1557888.16,No,66.4,2.885,132.6932258,8.099,2010,August,8,Q3,34,27
19,2010-03-09,1623519.64,No,74.69,2.86,132.7248387,8.099,2010,March,3,Q1,10,9
19,2010-10-09,1591453.39,Yes,63.36,2.837,132.7564516,8.099,2010,October,10,Q4,40,9
19,2010-09-17,1386789.31,No,58.68,2.846,132.7670667,8.099,2010,September,9,Q3,37,17
19,2010-09-24,1318343.58,No,63.43,2.837,132.7619333,8.099,2010,September,9,Q3,38,24
19,2010-01-10,1379456.3,No,59.91,2.84,132.7568,8.067,2010,January,1,Q1,1,10
19,2010-08-10,1428960.72,No,53.74,2.903,132.7516667,8.067,2010,August,8,Q3,32,10
19,2010-10-15,1369317.63,No,51.32,2.999,132.7633548,8.067,2010,October,10,Q4,41,15
19,2010-10-22,1357154.71,No,48.45,3.049,132.8170968,8.067,2010,October,10,Q4,42,22
19,2010-10-29,1404576.48,No,56.11,3.055,132.8708387,8.067,2010,October,10,Q4,43,29
19,2010-05-11,1435379.25,No,41.78,3.049,132.9245806,8.067,2010,May,5,Q2,19,11
19,2010-12-11,1490235.86,No,40.3,3.065,132.9783226,8.067,2010,December,12,Q4,49,11
19,2010-11-19,1377593.1,No,44.22,3.138,132.9172,8.067,2010,November,11,Q4,46,19
19,2010-11-26,1993367.83,Yes,42.62,3.186,132.8369333,8.067,2010,November,11,Q4,47,26
19,2010-03-12,1615987.96,No,36.64,3.2,132.7566667,8.067,2010,March,3,Q1,10,12
19,2010-10-12,1799070.98,No,25.12,3.255,132.6764,8.067,2010,October,10,Q4,41,12
19,2010-12-17,1911967.44,No,26.83,3.301,132.6804516,8.067,2010,December,12,Q4,50,17
19,2010-12-24,2678206.42,No,26.05,3.309,132.7477419,8.067,2010,December,12,Q4,51,24
19,2010-12-31,1275146.94,Yes,28.65,3.336,132.8150323,8.067,2010,December,12,Q4,52,31
19,2011-07-01,1224175.99,No,31.34,3.351,132.8823226,7.771,2011,July,7,Q3,26,1
19,2011-01-14,1181204.53,No,21.68,3.367,132.9510645,7.771,2011,January,1,Q1,2,14
19,2011-01-21,1212967.84,No,22.8,3.391,133.0285161,7.771,2011,January,1,Q1,3,21
19,2011-01-28,1284185.49,No,20.66,3.402,133.1059677,7.771,2011,January,1,Q1,4,28
19,2011-04-02,1370562.11,No,21.02,3.4,133.1834194,7.771,2011,April,4,Q2,13,2
19,2011-11-02,1430851.11,Yes,21.79,3.416,133.260871,7.771,2011,November,11,Q4,44,2
19,2011-02-18,1457270.16,No,34.74,3.42,133.3701429,7.771,2011,February,2,Q1,7,18
19,2011-02-25,1296658.47,No,23.24,3.452,133.4921429,7.771,2011,February,2,Q1,8,25
19,2011-04-03,1433569.44,No,29.28,3.605,133.6141429,7.771,2011,April,4,Q2,13,3
19,2011-11-03,1351450.43,No,35.59,3.752,133.7361429,7.771,2011,November,11,Q4,44,3
19,2011-03-18,1257972.37,No,40.32,3.796,133.8492258,7.771,2011,March,3,Q1,11,18
19,2011-03-25,1266564.94,No,33.26,3.789,133.9587419,7.771,2011,March,3,Q1,12,25
19,2011-01-04,1305950.22,No,30.68,3.811,134.0682581,7.658,2011,January,1,Q1,1,4
19,2011-08-04,1419911.91,No,41.26,3.895,134.1777742,7.658,2011,August,8,Q3,31,4
19,2011-04-15,1392093.04,No,48.67,3.981,134.2784667,7.658,2011,April,4,Q2,15,15
19,2011-04-22,1514288.82,No,41.66,4.061,134.3571,7.658,2011,April,4,Q2,16,22
19,2011-04-29,1297237.7,No,54.23,4.117,134.4357333,7.658,2011,April,4,Q2,17,29
19,2011-06-05,1451953.95,No,50.43,4.192,134.5143667,7.658,2011,June,6,Q2,22,5
19,2011-05-13,1429143.06,No,54.2,4.211,134.593,7.658,2011,May,5,Q2,19,13
19,2011-05-20,1355234.3,No,52.8,4.202,134.6803871,7.658,2011,May,5,Q2,20,20
19,2011-05-27,1388553.11,No,63.2,4.134,134.7677742,7.658,2011,May,5,Q2,21,27
19,2011-03-06,1457345.75,No,66.01,4.069,134.8551613,7.658,2011,March,3,Q1,9,6
19,2011-10-06,1467473.63,No,68.26,4.025,134.9425484,7.658,2011,October,10,Q4,40,6
19,2011-06-17,1418973.62,No,64.02,3.989,135.0837333,7.658,2011,June,6,Q2,24,17
19,2011-06-24,1440785.7,No,68.4,3.964,135.2652667,7.658,2011,June,6,Q2,25,24
19,2011-01-07,1462731.93,No,67.64,3.916,135.4468,7.806,2011,January,1,Q1,1,7
19,2011-08-07,1465489.75,No,73.2,3.886,135.6283333,7.806,2011,August,8,Q3,31,7
19,2011-07-15,1391580.41,No,73.7,3.915,135.7837419,7.806,2011,July,7,Q3,28,15
19,2011-07-22,1377119.45,No,79.37,3.972,135.8738387,7.806,2011,July,7,Q3,29,22
19,2011-07-29,1298775.8,No,74.86,4.004,135.9639355,7.806,2011,July,7,Q3,30,29
19,2011-05-08,1408968.55,No,73.84,4.02,136.0540323,7.806,2011,May,5,Q2,18,8
19,2011-12-08,1360969.45,No,70.92,3.995,136.144129,7.806,2011,December,12,Q4,49,8
19,2011-08-19,1391792.69,No,71.14,3.942,136.183129,7.806,2011,August,8,Q3,33,19
19,2011-08-26,1547729.24,No,69.34,3.906,136.2136129,7.806,2011,August,8,Q3,34,26
19,2011-02-09,1609951.02,No,69.27,3.879,136.2440968,7.806,2011,February,2,Q1,6,9
19,2011-09-09,1566712.79,Yes,68.28,3.93,136.2745806,7.806,2011,September,9,Q3,36,9
19,2011-09-16,1365633.53,No,62.76,3.937,136.3145,7.806,2011,September,9,Q3,37,16
19,2011-09-23,1300375.76,No,61.32,3.899,136.367,7.806,2011,September,9,Q3,38,23
19,2011-09-30,1330757.22,No,64.99,3.858,136.4195,7.806,2011,September,9,Q3,39,30
19,2011-07-10,1461718.87,No,53.1,3.775,136.472,7.866,2011,July,7,Q3,27,10
19,2011-10-14,1318905.53,No,61.86,3.744,136.5150968,7.866,2011,October,10,Q4,41,14
19,2011-10-21,1374863.1,No,52.05,3.757,136.5017742,7.866,2011,October,10,Q4,42,21
19,2011-10-28,1396612.36,No,46.49,3.757,136.4884516,7.866,2011,October,10,Q4,43,28
19,2011-04-11,1480289.64,No,44.97,3.738,136.475129,7.866,2011,April,4,Q2,15,11
19,2011-11-11,1502078.93,No,48.22,3.719,136.4618065,7.866,2011,November,11,Q4,45,11
19,2011-11-18,1411835.57,No,48.21,3.717,136.4666667,7.866,2011,November,11,Q4,46,18
19,2011-11-25,1974646.78,Yes,42.75,3.689,136.4788,7.866,2011,November,11,Q4,47,25
19,2011-02-12,1484708.38,No,45.67,3.666,136.4909333,7.866,2011,February,2,Q1,6,12
19,2011-09-12,1713769.06,No,40.18,3.627,136.5030667,7.866,2011,September,9,Q3,37,12
19,2011-12-16,1852179.15,No,37.07,3.611,136.5335161,7.866,2011,December,12,Q4,50,16
19,2011-12-23,2480159.47,No,36.09,3.587,136.5883871,7.866,2011,December,12,Q4,51,23
19,2011-12-30,1405168.06,Yes,31.65,3.566,136.6432581,7.866,2011,December,12,Q4,52,30
19,2012-06-01,1266570.4,No,31.84,3.585,136.698129,7.943,2012,June,6,Q2,22,1
19,2012-01-13,1182198.7,No,37.08,3.666,136.753,7.943,2012,January,1,Q1,2,13
19,2012-01-20,1237104.73,No,23.44,3.705,136.8564194,7.943,2012,January,1,Q1,3,20
19,2012-01-27,1279623.26,No,32.41,3.737,136.9598387,7.943,2012,January,1,Q1,4,27
19,2012-03-02,1345311.65,No,36.22,3.796,137.0632581,7.943,2012,March,3,Q1,9,2
19,2012-10-02,1499496.67,Yes,32.61,3.826,137.1666774,7.943,2012,October,10,Q4,40,2
19,2012-02-17,1424720.27,No,30.95,3.874,137.2583103,7.943,2012,February,2,Q1,7,17
19,2012-02-24,1352470.09,No,33.91,3.917,137.3411034,7.943,2012,February,2,Q1,8,24
19,2012-02-03,1308977.05,No,34.83,3.983,137.4238966,7.943,2012,February,2,Q1,5,3
19,2012-09-03,1358816.46,No,38.15,4.021,137.5066897,7.943,2012,September,9,Q3,36,3
19,2012-03-16,1312849.1,No,48.2,4.021,137.5843871,7.943,2012,March,3,Q1,11,16
19,2012-03-23,1342254.55,No,56.72,4.054,137.6552903,7.943,2012,March,3,Q1,12,23
19,2012-03-30,1327139.35,No,43.47,4.098,137.7261935,7.943,2012,March,3,Q1,13,30
19,2012-06-04,1631737.68,No,40.23,4.143,137.7970968,8.15,2012,June,6,Q2,23,4
19,2012-04-13,1365098.46,No,44.42,4.187,137.868,8.15,2012,April,4,Q2,15,13
19,2012-04-20,1255087.26,No,55.2,4.17,137.9230667,8.15,2012,April,4,Q2,16,20
19,2012-04-27,1285897.24,No,42.45,4.163,137.9781333,8.15,2012,April,4,Q2,17,27
19,2012-04-05,1405007.44,No,50.76,4.124,138.0332,8.15,2012,April,4,Q2,14,5
19,2012-11-05,1442873.22,No,55.33,4.055,138.0882667,8.15,2012,November,11,Q4,45,5
19,2012-05-18,1366937.1,No,58.81,4.029,138.1065806,8.15,2012,May,5,Q2,20,18
19,2012-05-25,1485540.28,No,67.79,3.979,138.1101935,8.15,2012,May,5,Q2,21,25
19,2012-01-06,1450733.29,No,68.18,3.915,138.1138065,8.15,2012,January,1,Q1,1,6
19,2012-08-06,1390122.11,No,60.19,3.871,138.1174194,8.15,2012,August,8,Q3,32,6
19,2012-06-15,1440263.15,No,68.19,3.786,138.1295333,8.15,2012,June,6,Q2,24,15
19,2012-06-22,1468350.36,No,75.83,3.722,138.1629,8.15,2012,June,6,Q2,25,22
19,2012-06-29,1379652.65,No,69.92,3.667,138.1962667,8.15,2012,June,6,Q2,26,29
19,2012-06-07,1557120.44,No,76.07,3.646,138.2296333,8.193,2012,June,6,Q2,23,7
19,2012-07-13,1321741.35,No,73.17,3.689,138.263,8.193,2012,July,7,Q3,28,13
19,2012-07-20,1317672.92,No,76.17,3.732,138.2331935,8.193,2012,July,7,Q3,29,20
19,2012-07-27,1248915.43,No,74.43,3.82,138.2033871,8.193,2012,July,7,Q3,30,27
19,2012-03-08,1342123.78,No,73.41,3.819,138.1735806,8.193,2012,March,3,Q1,10,8
19,2012-10-08,1408907.89,No,74.45,3.863,138.1437742,8.193,2012,October,10,Q4,41,8
19,2012-08-17,1375101.26,No,69.83,3.963,138.1857097,8.193,2012,August,8,Q3,33,17
19,2012-08-24,1544653.37,No,66.66,3.997,138.2814516,8.193,2012,August,8,Q3,34,24
19,2012-08-31,1542719.87,No,71.85,4.026,138.3771935,8.193,2012,August,8,Q3,35,31
19,2012-07-09,1497073.82,Yes,72.2,4.076,138.4729355,8.193,2012,July,7,Q3,28,9
19,2012-09-14,1370653.41,No,65.08,4.088,138.5673,8.193,2012,September,9,Q3,37,14
19,2012-09-21,1338572.29,No,60.62,4.203,138.6534,8.193,2012,September,9,Q3,38,21
19,2012-09-28,1338299.02,No,56.81,4.158,138.7395,8.193,2012,September,9,Q3,39,28
19,2012-05-10,1408016.1,No,59.86,4.151,138.8256,7.992,2012,May,5,Q2,19,10
19,2012-12-10,1352809.5,No,48.29,4.186,138.9117,7.992,2012,December,12,Q4,50,10
19,2012-10-19,1321102.35,No,53.44,4.153,138.8336129,7.992,2012,October,10,Q4,42,19
19,2012-10-26,1322117.96,No,56.49,4.071,138.7281613,7.992,2012,October,10,Q4,43,26
20,2010-05-02,2401395.47,No,25.92,2.784,204.2471935,8.187,2010,May,5,Q2,17,2
20,2010-12-02,2109107.9,Yes,22.12,2.773,204.3857472,8.187,2010,December,12,Q4,48,2
20,2010-02-19,2161549.76,No,25.43,2.745,204.4321004,8.187,2010,February,2,Q1,7,19
20,2010-02-26,1898193.95,No,32.32,2.754,204.4630869,8.187,2010,February,2,Q1,8,26
20,2010-05-03,2119213.72,No,31.75,2.777,204.4940734,8.187,2010,May,5,Q2,18,3
20,2010-12-03,2010974.84,No,43.82,2.818,204.5250598,8.187,2010,December,12,Q4,48,3
20,2010-03-19,1951848.43,No,47.32,2.844,204.3782258,8.187,2010,March,3,Q1,11,19
20,2010-03-26,1894742.95,No,50.49,2.854,204.201755,8.187,2010,March,3,Q1,12,26
20,2010-02-04,2405395.22,No,51.0,2.85,204.0252842,7.856,2010,February,2,Q1,5,4
20,2010-09-04,2007796.26,No,65.1,2.869,203.8488134,7.856,2010,September,9,Q3,35,4
20,2010-04-16,1985784.59,No,55.43,2.899,203.7307486,7.856,2010,April,4,Q2,15,16
20,2010-04-23,1878862.42,No,50.65,2.902,203.6905586,7.856,2010,April,4,Q2,16,23
20,2010-04-30,1919053.21,No,54.75,2.921,203.6503685,7.856,2010,April,4,Q2,17,30
20,2010-07-05,2137202.38,No,66.74,2.966,203.6101784,7.856,2010,July,7,Q3,27,5
20,2010-05-14,2033211.62,No,55.91,2.982,203.6133915,7.856,2010,May,5,Q2,19,14
20,2010-05-21,1893736.9,No,60.38,2.958,203.8770235,7.856,2010,May,5,Q2,20,21
20,2010-05-28,2065984.95,No,70.97,2.899,204.1406556,7.856,2010,May,5,Q2,21,28
20,2010-04-06,2203619.35,No,72.52,2.847,204.4042877,7.856,2010,April,4,Q2,14,6
20,2010-11-06,2100489.79,No,67.32,2.809,204.6679198,7.856,2010,November,11,Q4,44,6
20,2010-06-18,2091903.63,No,72.62,2.78,204.670036,7.856,2010,June,6,Q2,24,18
20,2010-06-25,1973135.87,No,75.17,2.808,204.5675459,7.856,2010,June,6,Q2,25,25
20,2010-02-07,2143676.77,No,70.1,2.815,204.4650559,7.527,2010,February,2,Q1,5,7
20,2010-09-07,2107285.85,No,78.09,2.793,204.3625658,7.527,2010,September,9,Q3,36,7
20,2010-07-16,2031852.16,No,75.14,2.783,204.3571656,7.527,2010,July,7,Q3,28,16
20,2010-07-23,1900535.9,No,77.75,2.771,204.4812188,7.527,2010,July,7,Q3,29,23
20,2010-07-30,1955896.59,No,76.03,2.781,204.605272,7.527,2010,July,7,Q3,30,30
20,2010-06-08,1910177.38,No,74.57,2.784,204.7293252,7.527,2010,June,6,Q2,23,8
20,2010-08-13,2071022.45,No,75.98,2.805,204.8533784,7.527,2010,August,8,Q3,32,13
20,2010-08-20,1975374.56,No,75.34,2.779,204.8217044,7.527,2010,August,8,Q3,33,20
20,2010-08-27,1946369.57,No,70.51,2.755,204.7900305,7.527,2010,August,8,Q3,34,27
20,2010-03-09,2121561.41,No,75.5,2.715,204.7583566,7.527,2010,March,3,Q1,10,9
20,2010-10-09,2014954.79,Yes,65.02,2.699,204.7266827,7.527,2010,October,10,Q4,40,9
20,2010-09-17,1948359.78,No,65.28,2.706,204.7513279,7.527,2010,September,9,Q3,37,17
20,2010-09-24,1789687.65,No,69.37,2.713,204.8182126,7.527,2010,September,9,Q3,38,24
20,2010-01-10,1933719.21,No,61.08,2.707,204.8850973,7.484,2010,January,1,Q1,1,10
20,2010-08-10,2060389.27,No,51.5,2.764,204.951982,7.484,2010,August,8,Q3,32,10
20,2010-10-15,1950676.39,No,59.17,2.868,205.0137637,7.484,2010,October,10,Q4,41,15
20,2010-10-22,1893955.27,No,50.52,2.917,205.0627881,7.484,2010,October,10,Q4,42,22
20,2010-10-29,1891816.0,No,57.56,2.921,205.1118126,7.484,2010,October,10,Q4,43,29
20,2010-05-11,2184316.64,No,42.78,2.917,205.160837,7.484,2010,May,5,Q2,19,11
20,2010-12-11,2187765.28,No,42.38,2.931,205.2098614,7.484,2010,December,12,Q4,49,11
20,2010-11-19,2105058.91,No,45.88,3.0,205.0992811,7.484,2010,November,11,Q4,46,19
20,2010-11-26,2811634.04,Yes,46.66,3.039,204.9621,7.484,2010,November,11,Q4,47,26
20,2010-03-12,2416051.17,No,35.47,3.046,204.8249189,7.484,2010,March,3,Q1,10,12
20,2010-10-12,2752122.08,No,24.27,3.109,204.6877378,7.484,2010,October,10,Q4,41,12
20,2010-12-17,2819193.17,No,24.07,3.14,204.6321194,7.484,2010,December,12,Q4,50,17
20,2010-12-24,3766687.43,No,25.17,3.141,204.6376731,7.484,2010,December,12,Q4,51,24
20,2010-12-31,1799737.79,Yes,28.85,3.179,204.6432267,7.484,2010,December,12,Q4,52,31
20,2011-07-01,1843030.95,No,31.43,3.193,204.6487803,7.343,2011,July,7,Q3,26,1
20,2011-01-14,1884345.01,No,20.39,3.205,204.7026042,7.343,2011,January,1,Q1,2,14
20,2011-01-21,1781805.66,No,27.43,3.229,205.0460497,7.343,2011,January,1,Q1,3,21
20,2011-01-28,1761506.68,No,23.21,3.237,205.3894952,7.343,2011,January,1,Q1,4,28
20,2011-04-02,2351143.07,No,28.58,3.231,205.7329407,7.343,2011,April,4,Q2,13,2
20,2011-11-02,2211388.14,Yes,25.38,3.239,206.0763862,7.343,2011,November,11,Q4,44,2
20,2011-02-18,2258616.24,No,42.95,3.245,206.3694701,7.343,2011,February,2,Q1,7,18
20,2011-02-25,1938608.52,No,33.2,3.274,206.6424093,7.343,2011,February,2,Q1,8,25
20,2011-04-03,2143424.61,No,37.33,3.433,206.9153485,7.343,2011,April,4,Q2,13,3
20,2011-11-03,1990932.77,No,39.53,3.582,207.1882876,7.343,2011,November,11,Q4,44,3
20,2011-03-18,1931668.64,No,44.8,3.631,207.4283845,7.343,2011,March,3,Q1,11,18
20,2011-03-25,1824711.21,No,44.83,3.625,207.6553444,7.343,2011,March,3,Q1,12,25
20,2011-01-04,1927993.09,No,32.43,3.638,207.8823043,7.287,2011,January,1,Q1,1,4
20,2011-08-04,2027056.39,No,47.09,3.72,208.1092642,7.287,2011,August,8,Q3,31,4
20,2011-04-15,2057406.33,No,55.0,3.821,208.3172811,7.287,2011,April,4,Q2,15,15
20,2011-04-22,2313861.81,No,52.56,3.892,208.4779405,7.287,2011,April,4,Q2,16,22
20,2011-04-29,1881788.19,No,62.97,3.962,208.6386,7.287,2011,April,4,Q2,17,29
20,2011-06-05,2090838.44,No,53.41,4.046,208.7992595,7.287,2011,June,6,Q2,22,5
20,2011-05-13,2036748.53,No,62.26,4.066,208.9599189,7.287,2011,May,5,Q2,19,13
20,2011-05-20,1953416.06,No,59.01,4.062,208.7583165,7.287,2011,May,5,Q2,20,20
20,2011-05-27,1944433.17,No,69.12,3.985,208.556714,7.287,2011,May,5,Q2,21,27
20,2011-03-06,2182246.69,No,73.51,3.922,208.3551116,7.287,2011,March,3,Q1,9,6
20,2011-10-06,2135062.04,No,73.64,3.881,208.1535092,7.287,2011,October,10,Q4,40,6
20,2011-06-17,2065191.27,No,66.41,3.842,208.1265604,7.287,2011,June,6,Q2,24,17
20,2011-06-24,1950826.32,No,72.4,3.804,208.2306018,7.287,2011,June,6,Q2,25,24
20,2011-01-07,2053165.41,No,69.66,3.748,208.3346432,7.274,2011,January,1,Q1,1,7
20,2011-08-07,2123787.79,No,74.69,3.711,208.4386847,7.274,2011,August,8,Q3,31,7
20,2011-07-15,2039875.75,No,74.88,3.76,208.5309337,7.274,2011,July,7,Q3,28,15
20,2011-07-22,1950904.84,No,78.89,3.811,208.5937018,7.274,2011,July,7,Q3,29,22
20,2011-07-29,1858440.92,No,77.47,3.829,208.6564699,7.274,2011,July,7,Q3,30,29
20,2011-05-08,2189353.63,No,77.8,3.842,208.719238,7.274,2011,May,5,Q2,18,8
20,2011-12-08,2052246.4,No,73.52,3.812,208.7820061,7.274,2011,December,12,Q4,49,8
20,2011-08-19,1990017.93,No,71.25,3.747,208.8424359,7.274,2011,August,8,Q3,33,19
20,2011-08-26,1933577.2,No,70.15,3.704,208.902476,7.274,2011,August,8,Q3,34,26
20,2011-02-09,2141765.98,No,70.82,3.703,208.9625161,7.274,2011,February,2,Q1,6,9
20,2011-09-09,2050542.56,Yes,68.74,3.738,209.0225562,7.274,2011,September,9,Q3,36,9
20,2011-09-16,1979009.46,No,64.02,3.742,209.1893892,7.274,2011,September,9,Q3,37,16
20,2011-09-23,1888119.7,No,62.15,3.711,209.4986126,7.274,2011,September,9,Q3,38,23
20,2011-09-30,1945808.26,No,63.44,3.645,209.807836,7.274,2011,September,9,Q3,39,30
20,2011-07-10,2135982.79,No,52.42,3.583,210.1170595,7.082,2011,July,7,Q3,27,10
20,2011-10-14,2010107.68,No,62.54,3.541,210.4027602,7.082,2011,October,10,Q4,41,14
20,2011-10-21,2104241.9,No,53.69,3.57,210.5473252,7.082,2011,October,10,Q4,42,21
20,2011-10-28,2065421.52,No,49.36,3.569,210.6918901,7.082,2011,October,10,Q4,43,28
20,2011-04-11,2284106.6,No,43.88,3.551,210.8364551,7.082,2011,April,4,Q2,15,11
20,2011-11-11,2269975.85,No,47.27,3.53,210.9810201,7.082,2011,November,11,Q4,45,11
20,2011-11-18,2169933.82,No,49.3,3.53,211.1847207,7.082,2011,November,11,Q4,46,18
20,2011-11-25,2906233.25,Yes,46.38,3.492,211.4120757,7.082,2011,November,11,Q4,47,25
20,2011-02-12,2298776.83,No,46.32,3.452,211.6394306,7.082,2011,February,2,Q1,6,12
20,2011-09-12,2546123.78,No,41.64,3.415,211.8667856,7.082,2011,September,9,Q3,37,12
20,2011-12-16,2762816.65,No,37.16,3.413,212.0685039,7.082,2011,December,12,Q4,50,16
20,2011-12-23,3555371.03,No,40.19,3.389,212.2360401,7.082,2011,December,12,Q4,51,23
20,2011-12-30,2043245.0,Yes,36.35,3.389,212.4035763,7.082,2011,December,12,Q4,52,30
20,2012-06-01,1964701.94,No,33.42,3.422,212.5711125,6.961,2012,June,6,Q2,22,1
20,2012-01-13,1911510.64,No,37.79,3.513,212.7386486,6.961,2012,January,1,Q1,2,13
20,2012-01-20,1892775.94,No,27.65,3.533,212.8336399,6.961,2012,January,1,Q1,3,20
20,2012-01-27,1761016.51,No,37.19,3.567,212.9286312,6.961,2012,January,1,Q1,4,27
20,2012-03-02,2203523.2,No,39.93,3.617,213.0236225,6.961,2012,March,3,Q1,9,2
20,2012-10-02,2462978.28,Yes,33.47,3.64,213.1186138,6.961,2012,October,10,Q4,40,2
20,2012-02-17,2309025.16,No,31.11,3.695,213.2732106,6.961,2012,February,2,Q1,7,17
20,2012-02-24,2045837.55,No,39.79,3.739,213.4725116,6.961,2012,February,2,Q1,8,24
20,2012-02-03,2148822.76,No,39.98,3.816,213.6718127,6.961,2012,February,2,Q1,5,3
20,2012-09-03,2139265.4,No,41.14,3.848,213.8711137,6.961,2012,September,9,Q3,36,3
20,2012-03-16,2064991.71,No,53.73,3.862,214.0167132,6.961,2012,March,3,Q1,11,16
20,2012-03-23,1992436.96,No,66.11,3.9,214.0907105,6.961,2012,March,3,Q1,12,23
20,2012-03-30,2074721.74,No,51.52,3.953,214.1647079,6.961,2012,March,3,Q1,13,30
20,2012-06-04,2565259.92,No,50.06,3.996,214.2387053,7.139,2012,June,6,Q2,23,4
20,2012-04-13,2045396.06,No,45.68,4.044,214.3127027,7.139,2012,April,4,Q2,15,13
20,2012-04-20,1884427.84,No,60.11,4.027,214.3675045,7.139,2012,April,4,Q2,16,20
20,2012-04-27,1886503.93,No,47.64,4.004,214.4223063,7.139,2012,April,4,Q2,17,27
20,2012-04-05,2163510.89,No,62.74,3.951,214.4771081,7.139,2012,April,4,Q2,14,5
20,2012-11-05,2168097.11,No,63.19,3.889,214.5319099,7.139,2012,November,11,Q4,45,5
20,2012-05-18,2039222.26,No,60.99,3.848,214.5485571,7.139,2012,May,5,Q2,20,18
20,2012-05-25,2114989.0,No,70.04,3.798,214.5499425,7.139,2012,May,5,Q2,21,25
20,2012-01-06,2143126.59,No,73.67,3.742,214.5513278,7.139,2012,January,1,Q1,1,6
20,2012-08-06,2231962.13,No,62.01,3.689,214.5527132,7.139,2012,August,8,Q3,32,6
20,2012-06-15,2165160.29,No,71.51,3.62,214.5653243,7.139,2012,June,6,Q2,24,15
20,2012-06-22,2060588.69,No,76.51,3.564,214.606,7.139,2012,June,6,Q2,25,22
20,2012-06-29,2055952.61,No,74.15,3.506,214.6466757,7.139,2012,June,6,Q2,26,29
20,2012-06-07,2358055.3,No,79.2,3.475,214.6873514,7.28,2012,June,6,Q2,23,7
20,2012-07-13,2134680.12,No,78.27,3.523,214.728027,7.28,2012,July,7,Q3,28,13
20,2012-07-20,1970170.29,No,76.04,3.567,214.7331351,7.28,2012,July,7,Q3,29,20
20,2012-07-27,1911559.1,No,74.6,3.647,214.7382432,7.28,2012,July,7,Q3,30,27
20,2012-03-08,2094515.71,No,74.73,3.654,214.7433514,7.28,2012,March,3,Q1,10,8
20,2012-10-08,2144245.39,No,75.4,3.722,214.7484595,7.28,2012,October,10,Q4,41,8
20,2012-08-17,2045061.22,No,69.57,3.807,214.825578,7.28,2012,August,8,Q3,33,17
20,2012-08-24,2005341.43,No,68.27,3.834,214.9567044,7.28,2012,August,8,Q3,34,24
20,2012-08-31,2062481.56,No,72.66,3.867,215.0878309,7.28,2012,August,8,Q3,35,31
20,2012-07-09,2080529.06,Yes,76.36,3.911,215.2189573,7.28,2012,July,7,Q3,28,9
20,2012-09-14,2047949.98,No,64.84,3.948,215.3583757,7.28,2012,September,9,Q3,37,14
20,2012-09-21,2028587.24,No,60.94,4.038,215.5475459,7.28,2012,September,9,Q3,38,21
20,2012-09-28,2008350.58,No,58.65,3.997,215.7367162,7.28,2012,September,9,Q3,39,28
20,2012-05-10,2246411.89,No,60.77,3.985,215.9258865,7.293,2012,May,5,Q2,19,10
20,2012-12-10,2162951.36,No,47.2,4.0,216.1150568,7.293,2012,December,12,Q4,50,10
20,2012-10-19,1999363.49,No,56.26,3.969,216.1464699,7.293,2012,October,10,Q4,42,19
20,2012-10-26,2031650.55,No,60.04,3.882,216.1515902,7.293,2012,October,10,Q4,43,26
21,2010-05-02,798593.88,No,39.05,2.572,210.7526053,8.324,2010,May,5,Q2,17,2
21,2010-12-02,809321.44,Yes,37.77,2.548,210.8979935,8.324,2010,December,12,Q4,48,2
21,2010-02-19,867283.25,No,39.75,2.514,210.9451605,8.324,2010,February,2,Q1,7,19
21,2010-02-26,749597.24,No,45.31,2.561,210.9759573,8.324,2010,February,2,Q1,8,26
21,2010-05-03,747444.32,No,48.61,2.625,211.0067542,8.324,2010,May,5,Q2,18,3
21,2010-12-03,712312.89,No,57.1,2.667,211.037551,8.324,2010,December,12,Q4,48,3
21,2010-03-19,727070.0,No,54.68,2.72,210.8733316,8.324,2010,March,3,Q1,11,19
21,2010-03-26,686497.53,No,51.66,2.732,210.6766095,8.324,2010,March,3,Q1,12,26
21,2010-02-04,753664.12,No,64.12,2.719,210.4798874,8.2,2010,February,2,Q1,5,4
21,2010-09-04,751181.4,No,65.74,2.77,210.2831653,8.2,2010,September,9,Q3,35,4
21,2010-04-16,716026.51,No,67.87,2.808,210.1495463,8.2,2010,April,4,Q2,15,16
21,2010-04-23,718780.59,No,64.21,2.795,210.1000648,8.2,2010,April,4,Q2,16,23
21,2010-04-30,680532.69,No,66.93,2.78,210.0505833,8.2,2010,April,4,Q2,17,30
21,2010-07-05,744969.42,No,70.87,2.835,210.0011018,8.2,2010,July,7,Q3,27,5
21,2010-05-14,723559.88,No,73.08,2.854,209.9984585,8.2,2010,May,5,Q2,19,14
21,2010-05-21,753361.72,No,74.24,2.826,210.2768443,8.2,2010,May,5,Q2,20,21
21,2010-05-28,755214.26,No,80.94,2.759,210.5552301,8.2,2010,May,5,Q2,21,28
21,2010-04-06,806012.48,No,82.68,2.705,210.833616,8.2,2010,April,4,Q2,14,6
21,2010-11-06,784305.55,No,83.51,2.668,211.1120018,8.2,2010,November,11,Q4,44,6
21,2010-06-18,785104.29,No,86.18,2.637,211.1096543,8.2,2010,June,6,Q2,24,18
21,2010-06-25,769848.75,No,87.01,2.653,210.9950134,8.2,2010,June,6,Q2,25,25
21,2010-02-07,711470.8,No,82.29,2.669,210.8803726,8.099,2010,February,2,Q1,5,7
21,2010-09-07,714677.47,No,81.67,2.642,210.7657317,8.099,2010,September,9,Q3,36,7
21,2010-07-16,755098.41,No,85.61,2.623,210.7577954,8.099,2010,July,7,Q3,28,16
21,2010-07-23,765823.48,No,87.17,2.608,210.8921319,8.099,2010,July,7,Q3,29,23
21,2010-07-30,715876.27,No,83.59,2.64,211.0264684,8.099,2010,July,7,Q3,30,30
21,2010-06-08,739279.19,No,90.3,2.627,211.1608049,8.099,2010,June,6,Q2,23,8
21,2010-08-13,793589.18,No,89.65,2.692,211.2951413,8.099,2010,August,8,Q3,32,13
21,2010-08-20,848873.28,No,89.58,2.664,211.2596586,8.099,2010,August,8,Q3,33,20
21,2010-08-27,855882.57,No,86.2,2.619,211.2241759,8.099,2010,August,8,Q3,34,27
21,2010-03-09,727772.8,No,82.57,2.577,211.1886931,8.099,2010,March,3,Q1,10,9
21,2010-10-09,674055.81,Yes,79.3,2.565,211.1532104,8.099,2010,October,10,Q4,40,9
21,2010-09-17,684340.86,No,83.03,2.582,211.1806415,8.099,2010,September,9,Q3,37,17
21,2010-09-24,671688.06,No,80.79,2.624,211.2552578,8.099,2010,September,9,Q3,38,24
21,2010-01-10,677158.39,No,70.28,2.603,211.3298742,8.163,2010,January,1,Q1,1,10
21,2010-08-10,680579.49,No,65.76,2.633,211.4044906,8.163,2010,August,8,Q3,32,10
21,2010-10-15,693412.05,No,68.61,2.72,211.4713286,8.163,2010,October,10,Q4,41,15
21,2010-10-22,710668.45,No,70.72,2.725,211.5187208,8.163,2010,October,10,Q4,42,22
21,2010-10-29,731756.65,No,67.51,2.716,211.5661131,8.163,2010,October,10,Q4,43,29
21,2010-05-11,719888.76,No,58.71,2.689,211.6135053,8.163,2010,May,5,Q2,19,11
21,2010-12-11,735796.38,No,60.95,2.728,211.6608975,8.163,2010,December,12,Q4,49,11
21,2010-11-19,756288.89,No,51.71,2.771,211.5470304,8.163,2010,November,11,Q4,46,19
21,2010-11-26,1245628.61,Yes,62.96,2.735,211.4062867,8.163,2010,November,11,Q4,47,26
21,2010-03-12,829210.73,No,50.43,2.708,211.265543,8.163,2010,March,3,Q1,10,12
21,2010-10-12,943891.64,No,46.35,2.843,211.1247993,8.163,2010,October,10,Q4,41,12
21,2010-12-17,1147556.83,No,48.63,2.869,211.0645458,8.163,2010,December,12,Q4,50,17
21,2010-12-24,1587257.78,No,51.29,2.886,211.0646599,8.163,2010,December,12,Q4,51,24
21,2010-12-31,672903.23,Yes,47.19,2.943,211.064774,8.163,2010,December,12,Q4,52,31
21,2011-07-01,629152.06,No,44.24,2.976,211.0648881,8.028,2011,July,7,Q3,26,1
21,2011-01-14,650789.13,No,34.14,2.983,211.1176713,8.028,2011,January,1,Q1,2,14
21,2011-01-21,663941.73,No,42.72,3.016,211.4864691,8.028,2011,January,1,Q1,3,21
21,2011-01-28,649878.29,No,44.04,3.01,211.8552668,8.028,2011,January,1,Q1,4,28
21,2011-04-02,596218.24,No,36.33,2.989,212.2240646,8.028,2011,April,4,Q2,13,2
21,2011-11-02,771908.51,Yes,34.61,3.022,212.5928624,8.028,2011,November,11,Q4,44,2
21,2011-02-18,884701.92,No,59.87,3.045,212.9033115,8.028,2011,February,2,Q1,7,18
21,2011-02-25,768313.85,No,61.27,3.065,213.190421,8.028,2011,February,2,Q1,8,25
21,2011-04-03,796277.72,No,59.52,3.288,213.4775305,8.028,2011,April,4,Q2,13,3
21,2011-11-03,763479.9,No,54.69,3.459,213.7646401,8.028,2011,November,11,Q4,44,3
21,2011-03-18,793569.0,No,63.26,3.488,214.0156238,8.028,2011,March,3,Q1,11,18
21,2011-03-25,753711.32,No,70.33,3.473,214.2521573,8.028,2011,March,3,Q1,12,25
21,2011-01-04,732056.37,No,56.36,3.524,214.4886908,7.931,2011,January,1,Q1,1,4
21,2011-08-04,744782.89,No,68.62,3.622,214.7252242,7.931,2011,August,8,Q3,31,4
21,2011-04-15,768390.05,No,71.01,3.743,214.9420631,7.931,2011,April,4,Q2,15,15
21,2011-04-22,801302.01,No,70.79,3.807,215.1096657,7.931,2011,April,4,Q2,16,22
21,2011-04-29,783250.75,No,70.19,3.81,215.2772683,7.931,2011,April,4,Q2,17,29
21,2011-06-05,718898.33,No,61.87,3.906,215.4448709,7.931,2011,June,6,Q2,22,5
21,2011-05-13,754236.7,No,75.04,3.899,215.6124735,7.931,2011,May,5,Q2,19,13
21,2011-05-20,744836.56,No,68.36,3.907,215.3834778,7.931,2011,May,5,Q2,20,20
21,2011-05-27,744389.81,No,76.86,3.786,215.1544822,7.931,2011,May,5,Q2,21,27
21,2011-03-06,773878.58,No,83.82,3.699,214.9254865,7.931,2011,March,3,Q1,9,6
21,2011-10-06,794397.89,No,84.71,3.648,214.6964908,7.931,2011,October,10,Q4,40,6
21,2011-06-17,823220.43,No,87.54,3.637,214.6513538,7.931,2011,June,6,Q2,24,17
21,2011-06-24,771298.98,No,85.72,3.594,214.7441108,7.931,2011,June,6,Q2,25,24
21,2011-01-07,784639.12,No,87.57,3.524,214.8368678,7.852,2011,January,1,Q1,1,7
21,2011-08-07,734099.4,No,89.16,3.48,214.9296249,7.852,2011,August,8,Q3,31,7
21,2011-07-15,728311.15,No,91.05,3.575,215.0134426,7.852,2011,July,7,Q3,28,15
21,2011-07-22,784490.67,No,90.27,3.651,215.0749122,7.852,2011,July,7,Q3,29,22
21,2011-07-29,751167.12,No,91.56,3.682,215.1363819,7.852,2011,July,7,Q3,30,29
21,2011-05-08,783614.89,No,94.22,3.684,215.1978515,7.852,2011,May,5,Q2,18,8
21,2011-12-08,776933.37,No,92.32,3.638,215.2593211,7.852,2011,December,12,Q4,49,8
21,2011-08-19,855546.5,No,90.11,3.554,215.3229307,7.852,2011,August,8,Q3,33,19
21,2011-08-26,821127.53,No,92.07,3.523,215.386897,7.852,2011,August,8,Q3,34,26
21,2011-02-09,705557.8,No,91.94,3.533,215.4508632,7.852,2011,February,2,Q1,6,9
21,2011-09-09,653989.65,Yes,78.87,3.546,215.5148295,7.852,2011,September,9,Q3,36,9
21,2011-09-16,653525.84,No,80.62,3.526,215.6944378,7.852,2011,September,9,Q3,37,16
21,2011-09-23,681913.29,No,75.68,3.467,216.0282356,7.852,2011,September,9,Q3,38,23
21,2011-09-30,651970.48,No,78.91,3.355,216.3620333,7.852,2011,September,9,Q3,39,30
21,2011-07-10,663452.46,No,71.64,3.285,216.6958311,7.441,2011,July,7,Q3,27,10
21,2011-10-14,671379.44,No,69.79,3.274,217.0048261,7.441,2011,October,10,Q4,41,14
21,2011-10-21,729036.06,No,65.16,3.353,217.1650042,7.441,2011,October,10,Q4,42,21
21,2011-10-28,738812.0,No,65.46,3.372,217.3251824,7.441,2011,October,10,Q4,43,28
21,2011-04-11,767358.37,No,56.01,3.332,217.4853605,7.441,2011,April,4,Q2,15,11
21,2011-11-11,757369.87,No,59.8,3.297,217.6455387,7.441,2011,November,11,Q4,45,11
21,2011-11-18,737014.09,No,61.9,3.308,217.8670218,7.441,2011,November,11,Q4,46,18
21,2011-11-25,1219263.4,Yes,56.43,3.236,218.1130269,7.441,2011,November,11,Q4,47,25
21,2011-02-12,793184.25,No,48.72,3.172,218.3590319,7.441,2011,February,2,Q1,6,12
21,2011-09-12,897747.13,No,41.44,3.158,218.605037,7.441,2011,September,9,Q3,37,12
21,2011-12-16,1027584.51,No,50.56,3.159,218.8217928,7.441,2011,December,12,Q4,50,16
21,2011-12-23,1384552.17,No,46.54,3.112,218.9995495,7.441,2011,December,12,Q4,51,23
21,2011-12-30,804362.36,Yes,45.16,3.129,219.1773063,7.441,2011,December,12,Q4,52,30
21,2012-06-01,640181.86,No,48.1,3.157,219.355063,7.057,2012,June,6,Q2,22,1
21,2012-01-13,631181.25,No,45.0,3.261,219.5328198,7.057,2012,January,1,Q1,2,13
21,2012-01-20,651178.2,No,52.21,3.268,219.6258417,7.057,2012,January,1,Q1,3,20
21,2012-01-27,611258.71,No,50.79,3.29,219.7188636,7.057,2012,January,1,Q1,4,27
21,2012-03-02,680725.43,No,55.83,3.36,219.8118854,7.057,2012,March,3,Q1,9,2
21,2012-10-02,770652.79,Yes,46.52,3.409,219.9049073,7.057,2012,October,10,Q4,40,2
21,2012-02-17,834663.52,No,45.03,3.51,220.0651993,7.057,2012,February,2,Q1,7,17
21,2012-02-24,747099.07,No,54.81,3.555,220.275944,7.057,2012,February,2,Q1,8,24
21,2012-02-03,764385.4,No,59.3,3.63,220.4866886,7.057,2012,February,2,Q1,5,3
21,2012-09-03,755084.4,No,57.16,3.669,220.6974332,7.057,2012,September,9,Q3,36,3
21,2012-03-16,767338.32,No,63.39,3.734,220.8498468,7.057,2012,March,3,Q1,11,16
21,2012-03-23,729759.97,No,62.96,3.787,220.9244858,7.057,2012,March,3,Q1,12,23
21,2012-03-30,724798.76,No,67.87,3.845,220.9991248,7.057,2012,March,3,Q1,13,30
21,2012-06-04,761956.58,No,69.02,3.891,221.0737638,6.891,2012,June,6,Q2,23,4
21,2012-04-13,769319.04,No,69.03,3.891,221.1484028,6.891,2012,April,4,Q2,15,13
21,2012-04-20,734858.91,No,66.97,3.877,221.2021074,6.891,2012,April,4,Q2,16,20
21,2012-04-27,674829.58,No,69.21,3.814,221.255812,6.891,2012,April,4,Q2,17,27
21,2012-04-05,697645.32,No,77.53,3.749,221.3095166,6.891,2012,April,4,Q2,14,5
21,2012-11-05,649945.54,No,74.14,3.688,221.3632212,6.891,2012,November,11,Q4,45,5
21,2012-05-18,700554.16,No,72.42,3.63,221.380331,6.891,2012,May,5,Q2,20,18
21,2012-05-25,722891.24,No,79.49,3.561,221.3828029,6.891,2012,May,5,Q2,21,25
21,2012-01-06,695439.83,No,79.24,3.501,221.3852748,6.891,2012,January,1,Q1,1,6
21,2012-08-06,707895.72,No,79.47,3.452,221.3877467,6.891,2012,August,8,Q3,32,6
21,2012-06-15,727049.04,No,81.51,3.393,221.4009901,6.891,2012,June,6,Q2,24,15
21,2012-06-22,735870.0,No,81.78,3.346,221.4411622,6.891,2012,June,6,Q2,25,22
21,2012-06-29,716341.39,No,88.05,3.286,221.4813343,6.891,2012,June,6,Q2,26,29
21,2012-06-07,693013.59,No,85.26,3.227,221.5215064,6.565,2012,June,6,Q2,23,7
21,2012-07-13,668132.36,No,82.51,3.256,221.5616784,6.565,2012,July,7,Q3,28,13
21,2012-07-20,691200.33,No,84.25,3.311,221.5701123,6.565,2012,July,7,Q3,29,20
21,2012-07-27,677789.14,No,88.09,3.407,221.5785461,6.565,2012,July,7,Q3,30,27
21,2012-03-08,693785.85,No,91.57,3.417,221.5869799,6.565,2012,March,3,Q1,10,8
21,2012-10-08,700272.01,No,89.57,3.494,221.5954138,6.565,2012,October,10,Q4,41,8
21,2012-08-17,751963.81,No,85.55,3.571,221.6751459,6.565,2012,August,8,Q3,33,17
21,2012-08-24,802003.61,No,77.72,3.62,221.8083518,6.565,2012,August,8,Q3,34,24
21,2012-08-31,763867.59,No,83.58,3.638,221.9415576,6.565,2012,August,8,Q3,35,31
21,2012-07-09,642827.29,Yes,88.4,3.73,222.0747635,6.565,2012,July,7,Q3,28,9
21,2012-09-14,628494.63,No,76.1,3.717,222.2174395,6.565,2012,September,9,Q3,37,14
21,2012-09-21,667151.46,No,71.54,3.721,222.4169362,6.565,2012,September,9,Q3,38,21
21,2012-09-28,647097.65,No,80.38,3.666,222.6164329,6.565,2012,September,9,Q3,39,28
21,2012-05-10,651768.91,No,70.28,3.617,222.8159296,6.17,2012,May,5,Q2,19,10
21,2012-12-10,653043.44,No,61.53,3.601,223.0154263,6.17,2012,December,12,Q4,50,10
21,2012-10-19,641368.14,No,68.52,3.594,223.0598077,6.17,2012,October,10,Q4,42,19
21,2012-10-26,675202.87,No,70.5,3.506,223.0783366,6.17,2012,October,10,Q4,43,26
22,2010-05-02,1033017.37,No,24.36,2.788,135.3524608,8.283,2010,May,5,Q2,17,2
22,2010-12-02,1022571.25,Yes,28.14,2.771,135.4113076,8.283,2010,December,12,Q4,48,2
22,2010-02-19,988467.61,No,31.96,2.747,135.4657781,8.283,2010,February,2,Q1,7,19
22,2010-02-26,899761.48,No,35.98,2.753,135.5195191,8.283,2010,February,2,Q1,8,26
22,2010-05-03,1009201.24,No,36.82,2.766,135.5732602,8.283,2010,May,5,Q2,18,3
22,2010-12-03,967187.37,No,43.43,2.805,135.6270013,8.283,2010,December,12,Q4,48,3
22,2010-03-19,966145.09,No,46.03,2.834,135.6682247,8.283,2010,March,3,Q1,11,19
22,2010-03-26,1012075.12,No,48.56,2.831,135.7073618,8.283,2010,March,3,Q1,12,26
22,2010-02-04,1177340.99,No,44.96,2.826,135.7464988,8.348,2010,February,2,Q1,5,4
22,2010-09-04,1033171.07,No,57.06,2.849,135.7856359,8.348,2010,September,9,Q3,35,4
22,2010-04-16,1000968.67,No,51.14,2.885,135.82725,8.348,2010,April,4,Q2,15,16
22,2010-04-23,969594.47,No,51.04,2.895,135.8721667,8.348,2010,April,4,Q2,16,23
22,2010-04-30,977683.06,No,50.96,2.935,135.9170833,8.348,2010,April,4,Q2,17,30
22,2010-07-05,1052973.28,No,63.81,2.981,135.962,8.348,2010,July,7,Q3,27,5
22,2010-05-14,973585.33,No,50.99,2.983,136.010394,8.348,2010,May,5,Q2,19,14
22,2010-05-21,979977.89,No,59.99,2.961,136.0796521,8.348,2010,May,5,Q2,20,21
22,2010-05-28,1103740.4,No,65.64,2.906,136.1489101,8.348,2010,May,5,Q2,21,28
22,2010-04-06,1095539.13,No,69.49,2.857,136.2181682,8.348,2010,April,4,Q2,14,6
22,2010-11-06,1061196.47,No,65.01,2.83,136.2874263,8.348,2010,November,11,Q4,44,6
22,2010-06-18,1052895.25,No,67.13,2.805,136.3243393,8.348,2010,June,6,Q2,24,18
22,2010-06-25,1095020.33,No,74.37,2.81,136.3483143,8.348,2010,June,6,Q2,25,25
22,2010-02-07,1120259.71,No,72.88,2.815,136.3722893,8.433,2010,February,2,Q1,5,7
22,2010-09-07,1092654.26,No,79.22,2.806,136.3962643,8.433,2010,September,9,Q3,36,7
22,2010-07-16,988392.99,No,76.3,2.796,136.4179827,8.433,2010,July,7,Q3,28,16
22,2010-07-23,974123.2,No,76.91,2.784,136.4366924,8.433,2010,July,7,Q3,29,23
22,2010-07-30,970773.64,No,76.35,2.792,136.4554021,8.433,2010,July,7,Q3,30,30
22,2010-06-08,1010326.14,No,74.37,2.792,136.4741118,8.433,2010,June,6,Q2,23,8
22,2010-08-13,993097.43,No,74.75,2.81,136.4928214,8.433,2010,August,8,Q3,32,13
22,2010-08-20,1017045.44,No,73.21,2.796,136.5249182,8.433,2010,August,8,Q3,33,20
22,2010-08-27,1081420.96,No,68.99,2.77,136.557015,8.433,2010,August,8,Q3,34,27
22,2010-03-09,1074535.88,No,75.85,2.735,136.5891118,8.433,2010,March,3,Q1,10,9
22,2010-10-09,924174.4,Yes,68.6,2.717,136.6212085,8.433,2010,October,10,Q4,40,9
22,2010-09-17,918285.97,No,62.49,2.716,136.6338071,8.433,2010,September,9,Q3,37,17
22,2010-09-24,902779.25,No,65.14,2.718,136.6317821,8.433,2010,September,9,Q3,38,24
22,2010-01-10,905987.17,No,69.31,2.717,136.6297571,8.572,2010,January,1,Q1,1,10
22,2010-08-10,1015051.62,No,56.32,2.776,136.6277321,8.572,2010,August,8,Q3,32,10
22,2010-10-15,954401.46,No,55.23,2.878,136.6401935,8.572,2010,October,10,Q4,41,15
22,2010-10-22,960998.52,No,50.24,2.919,136.688871,8.572,2010,October,10,Q4,42,22
22,2010-10-29,1025766.27,No,57.73,2.938,136.7375484,8.572,2010,October,10,Q4,43,29
22,2010-05-11,1006888.16,No,44.34,2.938,136.7862258,8.572,2010,May,5,Q2,19,11
22,2010-12-11,1043698.64,No,44.42,2.961,136.8349032,8.572,2010,December,12,Q4,49,11
22,2010-11-19,985896.44,No,48.62,3.03,136.7715714,8.572,2010,November,11,Q4,46,19
22,2010-11-26,1564502.26,Yes,44.61,3.07,136.6895714,8.572,2010,November,11,Q4,47,26
22,2010-03-12,1230514.58,No,39.42,3.065,136.6075714,8.572,2010,March,3,Q1,10,12
22,2010-10-12,1367202.84,No,28.43,3.132,136.5255714,8.572,2010,October,10,Q4,41,12
22,2010-12-17,1527682.99,No,30.46,3.139,136.5292811,8.572,2010,December,12,Q4,50,17
22,2010-12-24,1962445.04,No,29.76,3.15,136.597273,8.572,2010,December,12,Q4,51,24
22,2010-12-31,774262.28,Yes,28.49,3.177,136.665265,8.572,2010,December,12,Q4,52,31
22,2011-07-01,873954.7,No,32.56,3.193,136.7332569,8.458,2011,July,7,Q3,26,1
22,2011-01-14,807535.52,No,24.76,3.215,136.803477,8.458,2011,January,1,Q1,2,14
22,2011-01-21,855001.02,No,26.8,3.232,136.8870657,8.458,2011,January,1,Q1,3,21
22,2011-01-28,799369.15,No,20.61,3.243,136.9706544,8.458,2011,January,1,Q1,4,28
22,2011-04-02,946060.98,No,26.39,3.24,137.0542431,8.458,2011,April,4,Q2,13,2
22,2011-11-02,1009206.33,Yes,28.89,3.255,137.1378318,8.458,2011,November,11,Q4,44,2
22,2011-02-18,975964.86,No,35.34,3.263,137.2511849,8.458,2011,February,2,Q1,7,18
22,2011-02-25,911245.43,No,30.23,3.281,137.3764439,8.458,2011,February,2,Q1,8,25
22,2011-04-03,997353.15,No,33.52,3.437,137.5017028,8.458,2011,April,4,Q2,13,3
22,2011-11-03,944587.23,No,41.42,3.6,137.6269617,8.458,2011,November,11,Q4,44,3
22,2011-03-18,926427.12,No,43.38,3.634,137.7398929,8.458,2011,March,3,Q1,11,18
22,2011-03-25,933528.39,No,38.77,3.624,137.8478929,8.458,2011,March,3,Q1,12,25
22,2011-01-04,951588.37,No,36.04,3.638,137.9558929,8.252,2011,January,1,Q1,1,4
22,2011-08-04,969046.69,No,44.42,3.72,138.0638929,8.252,2011,August,8,Q3,31,4
22,2011-04-15,1008557.04,No,48.88,3.823,138.1646952,8.252,2011,April,4,Q2,15,15
22,2011-04-22,1152781.9,No,47.76,3.919,138.2475036,8.252,2011,April,4,Q2,16,22
22,2011-04-29,926133.8,No,57.2,3.988,138.3303119,8.252,2011,April,4,Q2,17,29
22,2011-06-05,1032076.06,No,53.63,4.078,138.4131202,8.252,2011,June,6,Q2,22,5
22,2011-05-13,1001558.74,No,57.71,4.095,138.4959286,8.252,2011,May,5,Q2,19,13
22,2011-05-20,970307.83,No,58.56,4.101,138.587106,8.252,2011,May,5,Q2,20,20
22,2011-05-27,1021568.34,No,62.59,4.034,138.6782834,8.252,2011,May,5,Q2,21,27
22,2011-03-06,1125169.92,No,70.09,3.973,138.7694608,8.252,2011,March,3,Q1,9,6
22,2011-10-06,1060868.49,No,69.53,3.924,138.8606382,8.252,2011,October,10,Q4,40,6
22,2011-06-17,1042454.61,No,63.97,3.873,139.0028333,8.252,2011,June,6,Q2,24,17
22,2011-06-24,1012584.2,No,68.53,3.851,139.1832917,8.252,2011,June,6,Q2,25,24
22,2011-01-07,1077491.68,No,70.8,3.815,139.36375,8.023,2011,January,1,Q1,1,7
22,2011-08-07,1017050.65,No,74.22,3.784,139.5442083,8.023,2011,August,8,Q3,31,7
22,2011-07-15,961953.57,No,75.2,3.827,139.7006325,8.023,2011,July,7,Q3,28,15
22,2011-07-22,964683.8,No,77.79,3.882,139.7969712,8.023,2011,July,7,Q3,29,22
22,2011-07-29,944958.69,No,75.32,3.898,139.8933099,8.023,2011,July,7,Q3,30,29
22,2011-05-08,983232.96,No,75.33,3.903,139.9896486,8.023,2011,May,5,Q2,18,8
22,2011-12-08,991779.2,No,74.69,3.88,140.0859873,8.023,2011,December,12,Q4,49,8
22,2011-08-19,973004.91,No,71.3,3.82,140.1289205,8.023,2011,August,8,Q3,33,19
22,2011-08-26,1181815.31,No,72.22,3.796,140.1629528,8.023,2011,August,8,Q3,34,26
22,2011-02-09,912762.76,No,69.16,3.784,140.196985,8.023,2011,February,2,Q1,6,9
22,2011-09-09,1004434.54,Yes,69.14,3.809,140.2310173,8.023,2011,September,9,Q3,36,9
22,2011-09-16,937420.65,No,68.08,3.809,140.2735,8.023,2011,September,9,Q3,37,16
22,2011-09-23,899834.75,No,62.36,3.758,140.32725,8.023,2011,September,9,Q3,38,23
22,2011-09-30,953314.16,No,69.78,3.684,140.381,8.023,2011,September,9,Q3,39,30
22,2011-07-10,993436.67,No,56.44,3.633,140.43475,7.706,2011,July,7,Q3,27,10
22,2011-10-14,944337.32,No,62.63,3.583,140.4784194,7.706,2011,October,10,Q4,41,14
22,2011-10-21,981567.22,No,59.3,3.618,140.4616048,7.706,2011,October,10,Q4,42,21
22,2011-10-28,1099351.68,No,49.31,3.604,140.4447903,7.706,2011,October,10,Q4,43,28
22,2011-04-11,1106575.59,No,42.81,3.586,140.4279758,7.706,2011,April,4,Q2,15,11
22,2011-11-11,1051740.29,No,47.8,3.57,140.4111613,7.706,2011,November,11,Q4,45,11
22,2011-11-18,1007579.44,No,50.62,3.571,140.4127857,7.706,2011,November,11,Q4,46,18
22,2011-11-25,1535857.49,Yes,46.28,3.536,140.4217857,7.706,2011,November,11,Q4,47,25
22,2011-02-12,1167621.14,No,49.11,3.501,140.4307857,7.706,2011,February,2,Q1,6,12
22,2011-09-12,1308967.44,No,45.35,3.47,140.4397857,7.706,2011,September,9,Q3,37,12
22,2011-12-16,1453153.33,No,39.11,3.445,140.4700795,7.706,2011,December,12,Q4,50,16
22,2011-12-23,1863195.68,No,39.83,3.413,140.528765,7.706,2011,December,12,Q4,51,23
22,2011-12-30,982661.14,Yes,36.28,3.402,140.5874505,7.706,2011,December,12,Q4,52,30
22,2012-06-01,895358.2,No,34.61,3.439,140.6461359,7.503,2012,June,6,Q2,22,1
22,2012-01-13,855437.57,No,39.0,3.523,140.7048214,7.503,2012,January,1,Q1,2,13
22,2012-01-20,897027.44,No,29.16,3.542,140.8086118,7.503,2012,January,1,Q1,3,20
22,2012-01-27,786459.23,No,35.68,3.568,140.9124021,7.503,2012,January,1,Q1,4,27
22,2012-03-02,958487.75,No,40.58,3.633,141.0161924,7.503,2012,March,3,Q1,9,2
22,2012-10-02,1034448.07,Yes,35.68,3.655,141.1199827,7.503,2012,October,10,Q4,40,2
22,2012-02-17,1004749.41,No,36.25,3.703,141.2140357,7.503,2012,February,2,Q1,7,17
22,2012-02-24,912958.95,No,39.0,3.751,141.3007857,7.503,2012,February,2,Q1,8,24
22,2012-02-03,974866.65,No,37.47,3.827,141.3875357,7.503,2012,February,2,Q1,5,3
22,2012-09-03,991127.01,No,41.72,3.876,141.4742857,7.503,2012,September,9,Q3,36,3
22,2012-03-16,966780.01,No,46.06,3.867,141.55478,7.503,2012,March,3,Q1,11,16
22,2012-03-23,992774.4,No,54.68,3.889,141.6269332,7.503,2012,March,3,Q1,12,23
22,2012-03-30,965769.93,No,46.4,3.921,141.6990864,7.503,2012,March,3,Q1,13,30
22,2012-06-04,1197489.66,No,46.38,3.957,141.7712396,7.671,2012,June,6,Q2,23,4
22,2012-04-13,939118.24,No,49.89,4.025,141.8433929,7.671,2012,April,4,Q2,15,13
22,2012-04-20,1000342.87,No,58.81,4.046,141.9015262,7.671,2012,April,4,Q2,16,20
22,2012-04-27,922539.94,No,51.42,4.023,141.9596595,7.671,2012,April,4,Q2,17,27
22,2012-04-05,1005083.31,No,50.75,3.991,142.0177929,7.671,2012,April,4,Q2,14,5
22,2012-11-05,997868.63,No,56.72,3.947,142.0759262,7.671,2012,November,11,Q4,45,5
22,2012-05-18,986612.02,No,61.9,3.899,142.0970115,7.671,2012,May,5,Q2,20,18
22,2012-05-25,1047297.38,No,62.39,3.85,142.1032776,7.671,2012,May,5,Q2,21,25
22,2012-01-06,1102857.37,No,70.01,3.798,142.1095438,7.671,2012,January,1,Q1,1,6
22,2012-08-06,1061134.37,No,61.71,3.746,142.1158099,7.671,2012,August,8,Q3,32,6
22,2012-06-15,1061219.19,No,66.56,3.683,142.1292548,7.671,2012,June,6,Q2,24,15
22,2012-06-22,1112449.3,No,70.61,3.629,142.1606464,7.671,2012,June,6,Q2,25,22
22,2012-06-29,1053881.78,No,70.99,3.577,142.1920381,7.671,2012,June,6,Q2,26,29
22,2012-06-07,1097786.14,No,77.41,3.538,142.2234298,7.753,2012,June,6,Q2,23,7
22,2012-07-13,971361.38,No,75.81,3.561,142.2548214,7.753,2012,July,7,Q3,28,13
22,2012-07-20,991969.37,No,76.57,3.61,142.2337569,7.753,2012,July,7,Q3,29,20
22,2012-07-27,925731.21,No,73.52,3.701,142.2126924,7.753,2012,July,7,Q3,30,27
22,2012-03-08,1007257.83,No,72.99,3.698,142.1916279,7.753,2012,March,3,Q1,10,8
22,2012-10-08,973812.79,No,76.74,3.772,142.1705634,7.753,2012,October,10,Q4,41,8
22,2012-08-17,981273.26,No,74.92,3.84,142.2157385,7.753,2012,August,8,Q3,33,17
22,2012-08-24,1060906.75,No,70.42,3.874,142.3105933,7.753,2012,August,8,Q3,34,24
22,2012-08-31,1022270.86,No,71.93,3.884,142.4054482,7.753,2012,August,8,Q3,35,31
22,2012-07-09,996628.8,Yes,73.3,3.921,142.500303,7.753,2012,July,7,Q3,28,9
22,2012-09-14,918049.28,No,66.42,3.988,142.5938833,7.753,2012,September,9,Q3,37,14
22,2012-09-21,921612.53,No,63.38,4.056,142.6798167,7.753,2012,September,9,Q3,38,21
22,2012-09-28,976479.51,No,62.17,4.018,142.76575,7.753,2012,September,9,Q3,39,28
22,2012-05-10,1009887.36,No,62.09,4.027,142.8516833,7.543,2012,May,5,Q2,19,10
22,2012-12-10,1004039.84,No,54.18,4.029,142.9376167,7.543,2012,December,12,Q4,50,10
22,2012-10-19,978027.95,No,55.28,4.0,142.8633629,7.543,2012,October,10,Q4,42,19
22,2012-10-26,1094422.69,No,57.58,3.917,142.7624113,7.543,2012,October,10,Q4,43,26
23,2010-05-02,1364721.58,No,15.25,2.788,131.5279032,5.892,2010,May,5,Q2,17,2
23,2010-12-02,1380892.08,Yes,18.75,2.771,131.5866129,5.892,2010,December,12,Q4,48,2
23,2010-02-19,1319588.04,No,26.7,2.747,131.637,5.892,2010,February,2,Q1,7,19
23,2010-02-26,1198709.65,No,32.68,2.753,131.686,5.892,2010,February,2,Q1,8,26
23,2010-05-03,1311175.93,No,33.15,2.766,131.735,5.892,2010,May,5,Q2,18,3
23,2010-12-03,1408082.96,No,36.07,2.805,131.784,5.892,2010,December,12,Q4,48,3
23,2010-03-19,1229008.32,No,43.01,2.834,131.8242903,5.892,2010,March,3,Q1,11,19
23,2010-03-26,1310701.8,No,38.59,2.831,131.863129,5.892,2010,March,3,Q1,12,26
23,2010-02-04,1556627.62,No,40.5,2.826,131.9019677,5.435,2010,February,2,Q1,5,4
23,2010-09-04,1264434.7,No,56.82,2.849,131.9408065,5.435,2010,September,9,Q3,35,4
23,2010-04-16,1288823.72,No,44.25,2.885,131.9809,5.435,2010,April,4,Q2,15,16
23,2010-04-23,1315023.08,No,46.4,2.895,132.0226667,5.435,2010,April,4,Q2,16,23
23,2010-04-30,1259414.52,No,45.47,2.935,132.0644333,5.435,2010,April,4,Q2,17,30
23,2010-07-05,1365552.28,No,61.04,2.981,132.1062,5.435,2010,July,7,Q3,27,5
23,2010-05-14,1303055.09,No,45.33,2.983,132.152129,5.435,2010,May,5,Q2,19,14
23,2010-05-21,1327424.28,No,57.94,2.961,132.2230323,5.435,2010,May,5,Q2,20,21
23,2010-05-28,1571158.56,No,69.26,2.906,132.2939355,5.435,2010,May,5,Q2,21,28
23,2010-04-06,1514435.51,No,64.94,2.857,132.3648387,5.435,2010,April,4,Q2,14,6
23,2010-11-06,1439432.06,No,58.35,2.83,132.4357419,5.435,2010,November,11,Q4,44,6
23,2010-06-18,1507708.93,No,60.29,2.805,132.4733333,5.435,2010,June,6,Q2,24,18
23,2010-06-25,1415204.88,No,69.83,2.81,132.4976,5.435,2010,June,6,Q2,25,25
23,2010-02-07,1549113.18,No,64.76,2.815,132.5218667,5.326,2010,February,2,Q1,5,7
23,2010-09-07,1417535.78,No,77.16,2.806,132.5461333,5.326,2010,September,9,Q3,36,7
23,2010-07-16,1413124.11,No,73.94,2.796,132.5667742,5.326,2010,July,7,Q3,28,16
23,2010-07-23,1333634.45,No,70.2,2.784,132.5825806,5.326,2010,July,7,Q3,29,23
23,2010-07-30,1319773.55,No,69.71,2.792,132.5983871,5.326,2010,July,7,Q3,30,30
23,2010-06-08,1417013.07,No,70.03,2.792,132.6141935,5.326,2010,June,6,Q2,23,8
23,2010-08-13,1346345.97,No,67.43,2.81,132.63,5.326,2010,August,8,Q3,32,13
23,2010-08-20,1439901.05,No,68.65,2.796,132.6616129,5.326,2010,August,8,Q3,33,20
23,2010-08-27,1584623.36,No,63.25,2.77,132.6932258,5.326,2010,August,8,Q3,34,27
23,2010-03-09,1405119.23,No,72.91,2.735,132.7248387,5.326,2010,March,3,Q1,10,9
23,2010-10-09,1272842.85,Yes,63.21,2.717,132.7564516,5.326,2010,October,10,Q4,40,9
23,2010-09-17,1159132.58,No,55.3,2.716,132.7670667,5.326,2010,September,9,Q3,37,17
23,2010-09-24,1099055.65,No,57.75,2.718,132.7619333,5.326,2010,September,9,Q3,38,24
23,2010-01-10,1129909.44,No,62.07,2.717,132.7568,5.287,2010,January,1,Q1,1,10
23,2010-08-10,1179851.68,No,50.75,2.776,132.7516667,5.287,2010,August,8,Q3,32,10
23,2010-10-15,1119809.71,No,45.55,2.878,132.7633548,5.287,2010,October,10,Q4,41,15
23,2010-10-22,1147503.92,No,43.19,2.919,132.8170968,5.287,2010,October,10,Q4,42,22
23,2010-10-29,1112871.23,No,48.68,2.938,132.8708387,5.287,2010,October,10,Q4,43,29
23,2010-05-11,1203119.96,No,36.6,2.938,132.9245806,5.287,2010,May,5,Q2,19,11
23,2010-12-11,1387953.75,No,35.59,2.961,132.9783226,5.287,2010,December,12,Q4,49,11
23,2010-11-19,1314994.32,No,41.66,3.03,132.9172,5.287,2010,November,11,Q4,46,19
23,2010-11-26,2072685.05,Yes,34.95,3.07,132.8369333,5.287,2010,November,11,Q4,47,26
23,2010-03-12,1617025.41,No,34.3,3.065,132.7566667,5.287,2010,March,3,Q1,10,12
23,2010-10-12,1872365.99,No,20.12,3.132,132.6764,5.287,2010,October,10,Q4,41,12
23,2010-12-17,2238573.48,No,23.05,3.139,132.6804516,5.287,2010,December,12,Q4,50,17
23,2010-12-24,2734277.1,No,22.96,3.15,132.7477419,5.287,2010,December,12,Q4,51,24
23,2010-12-31,1169773.85,Yes,19.05,3.177,132.8150323,5.287,2010,December,12,Q4,52,31
23,2011-07-01,1122034.48,No,27.81,3.193,132.8823226,5.114,2011,July,7,Q3,26,1
23,2011-01-14,1016756.1,No,18.2,3.215,132.9510645,5.114,2011,January,1,Q1,2,14
23,2011-01-21,1110706.06,No,15.58,3.232,133.0285161,5.114,2011,January,1,Q1,3,21
23,2011-01-28,1083657.61,No,10.91,3.243,133.1059677,5.114,2011,January,1,Q1,4,28
23,2011-04-02,1159438.53,No,14.5,3.24,133.1834194,5.114,2011,April,4,Q2,13,2
23,2011-11-02,1249786.4,Yes,21.52,3.255,133.260871,5.114,2011,November,11,Q4,44,2
23,2011-02-18,1369971.57,No,26.6,3.263,133.3701429,5.114,2011,February,2,Q1,7,18
23,2011-02-25,1206917.2,No,17.0,3.281,133.4921429,5.114,2011,February,2,Q1,8,25
23,2011-04-03,1301185.28,No,20.67,3.437,133.6141429,5.114,2011,April,4,Q2,13,3
23,2011-11-03,1042043.55,No,29.36,3.6,133.7361429,5.114,2011,November,11,Q4,44,3
23,2011-03-18,1203682.62,No,37.28,3.634,133.8492258,5.114,2011,March,3,Q1,11,18
23,2011-03-25,1148624.83,No,29.11,3.624,133.9587419,5.114,2011,March,3,Q1,12,25
23,2011-01-04,1182694.95,No,29.44,3.638,134.0682581,4.781,2011,January,1,Q1,1,4
23,2011-08-04,1248901.98,No,36.74,3.72,134.1777742,4.781,2011,August,8,Q3,31,4
23,2011-04-15,1263680.51,No,45.51,3.823,134.2784667,4.781,2011,April,4,Q2,15,15
23,2011-04-22,1447301.24,No,39.62,3.919,134.3571,4.781,2011,April,4,Q2,16,22
23,2011-04-29,1173307.4,No,54.2,3.988,134.4357333,4.781,2011,April,4,Q2,17,29
23,2011-06-05,1359921.13,No,50.07,4.078,134.5143667,4.781,2011,June,6,Q2,22,5
23,2011-05-13,1254914.87,No,55.12,4.095,134.593,4.781,2011,May,5,Q2,19,13
23,2011-05-20,1337617.55,No,56.67,4.101,134.6803871,4.781,2011,May,5,Q2,20,20
23,2011-05-27,1361945.18,No,63.27,4.034,134.7677742,4.781,2011,May,5,Q2,21,27
23,2011-03-06,1562161.97,No,67.21,3.973,134.8551613,4.781,2011,March,3,Q1,9,6
23,2011-10-06,1447028.06,No,65.23,3.924,134.9425484,4.781,2011,October,10,Q4,40,6
23,2011-06-17,1470520.83,No,61.06,3.873,135.0837333,4.781,2011,June,6,Q2,24,17
23,2011-06-24,1434036.18,No,63.8,3.851,135.2652667,4.781,2011,June,6,Q2,25,24
23,2011-01-07,1492507.44,No,65.65,3.815,135.4468,4.584,2011,January,1,Q1,1,7
23,2011-08-07,1379488.05,No,69.92,3.784,135.6283333,4.584,2011,August,8,Q3,31,7
23,2011-07-15,1360520.56,No,69.8,3.827,135.7837419,4.584,2011,July,7,Q3,28,15
23,2011-07-22,1362144.0,No,76.74,3.882,135.8738387,4.584,2011,July,7,Q3,29,22
23,2011-07-29,1319767.55,No,69.55,3.898,135.9639355,4.584,2011,July,7,Q3,30,29
23,2011-05-08,1416344.68,No,69.53,3.903,136.0540323,4.584,2011,May,5,Q2,18,8
23,2011-12-08,1380952.05,No,69.86,3.88,136.144129,4.584,2011,December,12,Q4,49,8
23,2011-08-19,1453416.53,No,67.09,3.82,136.183129,4.584,2011,August,8,Q3,33,19
23,2011-08-26,1637266.29,No,67.04,3.796,136.2136129,4.584,2011,August,8,Q3,34,26
23,2011-02-09,1464295.69,No,65.33,3.784,136.2440968,4.584,2011,February,2,Q1,6,9
23,2011-09-09,1423289.9,Yes,66.04,3.809,136.2745806,4.584,2011,September,9,Q3,36,9
23,2011-09-16,1253329.17,No,60.52,3.809,136.3145,4.584,2011,September,9,Q3,37,16
23,2011-09-23,1289082.81,No,57.14,3.758,136.367,4.584,2011,September,9,Q3,38,23
23,2011-09-30,1275597.85,No,64.76,3.684,136.4195,4.584,2011,September,9,Q3,39,30
23,2011-07-10,1463501.99,No,49.0,3.633,136.472,4.42,2011,July,7,Q3,27,10
23,2011-10-14,1257778.34,No,56.79,3.583,136.5150968,4.42,2011,October,10,Q4,41,14
23,2011-10-21,1441032.59,No,52.12,3.618,136.5017742,4.42,2011,October,10,Q4,42,21
23,2011-10-28,1407191.96,No,42.57,3.604,136.4884516,4.42,2011,October,10,Q4,43,28
23,2011-04-11,1428436.33,No,39.18,3.586,136.475129,4.42,2011,April,4,Q2,15,11
23,2011-11-11,1436940.78,No,44.04,3.57,136.4618065,4.42,2011,November,11,Q4,45,11
23,2011-11-18,1345631.96,No,45.48,3.571,136.4666667,4.42,2011,November,11,Q4,46,18
23,2011-11-25,2057059.53,Yes,35.23,3.536,136.4788,4.42,2011,November,11,Q4,47,25
23,2011-02-12,1552886.59,No,43.6,3.501,136.4909333,4.42,2011,February,2,Q1,6,12
23,2011-09-12,1841173.6,No,36.4,3.47,136.5030667,4.42,2011,September,9,Q3,37,12
23,2011-12-16,2173621.2,No,32.99,3.445,136.5335161,4.42,2011,December,12,Q4,50,16
23,2011-12-23,2587953.32,No,27.8,3.413,136.5883871,4.42,2011,December,12,Q4,51,23
23,2011-12-30,1213486.95,Yes,22.3,3.402,136.6432581,4.42,2011,December,12,Q4,52,30
23,2012-06-01,1150662.55,No,24.29,3.439,136.698129,4.261,2012,June,6,Q2,22,1
23,2012-01-13,1031451.35,No,28.49,3.523,136.753,4.261,2012,January,1,Q1,2,13
23,2012-01-20,1146992.13,No,15.33,3.542,136.8564194,4.261,2012,January,1,Q1,3,20
23,2012-01-27,1037476.38,No,25.71,3.568,136.9598387,4.261,2012,January,1,Q1,4,27
23,2012-03-02,1261872.67,No,29.71,3.633,137.0632581,4.261,2012,March,3,Q1,9,2
23,2012-10-02,1358444.07,Yes,26.6,3.655,137.1666774,4.261,2012,October,10,Q4,40,2
23,2012-02-17,1365546.69,No,27.01,3.703,137.2583103,4.261,2012,February,2,Q1,7,17
23,2012-02-24,1272948.27,No,31.12,3.751,137.3411034,4.261,2012,February,2,Q1,8,24
23,2012-02-03,1322852.2,No,25.91,3.827,137.4238966,4.261,2012,February,2,Q1,5,3
23,2012-09-03,1292724.9,No,33.11,3.876,137.5066897,4.261,2012,September,9,Q3,36,3
23,2012-03-16,1258364.31,No,41.19,3.867,137.5843871,4.261,2012,March,3,Q1,11,16
23,2012-03-23,1288154.1,No,57.82,3.889,137.6552903,4.261,2012,March,3,Q1,12,23
23,2012-03-30,1261964.96,No,36.71,3.921,137.7261935,4.261,2012,March,3,Q1,13,30
23,2012-06-04,1604605.69,No,37.43,3.957,137.7970968,4.125,2012,June,6,Q2,23,4
23,2012-04-13,1231752.54,No,41.81,4.025,137.868,4.125,2012,April,4,Q2,15,13
23,2012-04-20,1287899.41,No,56.55,4.046,137.9230667,4.125,2012,April,4,Q2,16,20
23,2012-04-27,1277758.76,No,44.62,4.023,137.9781333,4.125,2012,April,4,Q2,17,27
23,2012-04-05,1317379.68,No,45.88,3.991,138.0332,4.125,2012,April,4,Q2,14,5
23,2012-11-05,1321914.34,No,52.9,3.947,138.0882667,4.125,2012,November,11,Q4,45,5
23,2012-05-18,1332952.47,No,58.42,3.899,138.1065806,4.125,2012,May,5,Q2,20,18
23,2012-05-25,1552934.64,No,66.43,3.85,138.1101935,4.125,2012,May,5,Q2,21,25
23,2012-01-06,1476144.34,No,66.22,3.798,138.1138065,4.125,2012,January,1,Q1,1,6
23,2012-08-06,1568048.54,No,56.82,3.746,138.1174194,4.125,2012,August,8,Q3,32,6
23,2012-06-15,1543667.68,No,64.73,3.683,138.1295333,4.125,2012,June,6,Q2,24,15
23,2012-06-22,1522042.57,No,71.82,3.629,138.1629,4.125,2012,June,6,Q2,25,22
23,2012-06-29,1451782.16,No,64.23,3.577,138.1962667,4.125,2012,June,6,Q2,26,29
23,2012-06-07,1545370.16,No,70.86,3.538,138.2296333,4.156,2012,June,6,Q2,23,7
23,2012-07-13,1384921.63,No,69.19,3.561,138.263,4.156,2012,July,7,Q3,28,13
23,2012-07-20,1381339.23,No,71.13,3.61,138.2331935,4.156,2012,July,7,Q3,29,20
23,2012-07-27,1322932.36,No,69.31,3.701,138.2033871,4.156,2012,July,7,Q3,30,27
23,2012-03-08,1416926.31,No,71.51,3.698,138.1735806,4.156,2012,March,3,Q1,10,8
23,2012-10-08,1436311.76,No,71.12,3.772,138.1437742,4.156,2012,October,10,Q4,41,8
23,2012-08-17,1510131.45,No,69.97,3.84,138.1857097,4.156,2012,August,8,Q3,33,17
23,2012-08-24,1702220.96,No,64.63,3.874,138.2814516,4.156,2012,August,8,Q3,34,24
23,2012-08-31,1577468.78,No,68.34,3.884,138.3771935,4.156,2012,August,8,Q3,35,31
23,2012-07-09,1427162.26,Yes,66.74,3.921,138.4729355,4.156,2012,July,7,Q3,28,9
23,2012-09-14,1279041.64,No,61.37,3.988,138.5673,4.156,2012,September,9,Q3,37,14
23,2012-09-21,1338627.55,No,56.8,4.056,138.6534,4.156,2012,September,9,Q3,38,21
23,2012-09-28,1319035.06,No,53.71,4.018,138.7395,4.156,2012,September,9,Q3,39,28
23,2012-05-10,1464616.59,No,56.65,4.027,138.8256,4.145,2012,May,5,Q2,19,10
23,2012-12-10,1412925.25,No,48.1,4.029,138.9117,4.145,2012,December,12,Q4,50,10
23,2012-10-19,1363155.77,No,47.89,4.0,138.8336129,4.145,2012,October,10,Q4,42,19
23,2012-10-26,1347454.59,No,50.56,3.917,138.7281613,4.145,2012,October,10,Q4,43,26
24,2010-05-02,1388725.63,No,22.43,2.954,131.5279032,8.326,2010,May,5,Q2,17,2
24,2010-12-02,1414107.1,Yes,25.94,2.94,131.5866129,8.326,2010,December,12,Q4,48,2
24,2010-02-19,1385362.49,No,31.05,2.909,131.637,8.326,2010,February,2,Q1,7,19
24,2010-02-26,1158722.74,No,33.98,2.91,131.686,8.326,2010,February,2,Q1,8,26
24,2010-05-03,1412387.37,No,36.73,2.919,131.735,8.326,2010,May,5,Q2,18,3
24,2010-12-03,1309340.16,No,42.31,2.938,131.784,8.326,2010,December,12,Q4,48,3
24,2010-03-19,1222511.29,No,46.09,2.96,131.8242903,8.326,2010,March,3,Q1,11,19
24,2010-03-26,1258311.56,No,48.87,2.963,131.863129,8.326,2010,March,3,Q1,12,26
24,2010-02-04,1478321.26,No,45.22,2.957,131.9019677,8.211,2010,February,2,Q1,5,4
24,2010-09-04,1379579.63,No,62.06,2.992,131.9408065,8.211,2010,September,9,Q3,35,4
24,2010-04-16,1268266.72,No,51.08,3.01,131.9809,8.211,2010,April,4,Q2,15,16
24,2010-04-23,1264117.01,No,51.07,3.021,132.0226667,8.211,2010,April,4,Q2,16,23
24,2010-04-30,1259877.19,No,51.48,3.042,132.0644333,8.211,2010,April,4,Q2,17,30
24,2010-07-05,1409705.03,No,66.65,3.095,132.1062,8.211,2010,July,7,Q3,27,5
24,2010-05-14,1346783.35,No,51.31,3.112,132.152129,8.211,2010,May,5,Q2,19,14
24,2010-05-21,1283482.85,No,60.44,3.096,132.2230323,8.211,2010,May,5,Q2,20,21
24,2010-05-28,1473868.15,No,69.59,3.046,132.2939355,8.211,2010,May,5,Q2,21,28
24,2010-04-06,1566668.91,No,71.99,3.006,132.3648387,8.211,2010,April,4,Q2,14,6
24,2010-11-06,1375458.21,No,64.84,2.972,132.4357419,8.211,2010,November,11,Q4,44,6
24,2010-06-18,1354168.18,No,67.17,2.942,132.4733333,8.211,2010,June,6,Q2,24,18
24,2010-06-25,1399073.75,No,74.9,2.958,132.4976,8.211,2010,June,6,Q2,25,25
24,2010-02-07,1563387.94,No,71.12,2.958,132.5218667,8.117,2010,February,2,Q1,5,7
24,2010-09-07,1665502.55,No,79.05,2.94,132.5461333,8.117,2010,September,9,Q3,36,7
24,2010-07-16,1418697.05,No,76.56,2.933,132.5667742,8.117,2010,July,7,Q3,28,16
24,2010-07-23,1333740.35,No,75.27,2.924,132.5825806,8.117,2010,July,7,Q3,29,23
24,2010-07-30,1387517.63,No,75.91,2.932,132.5983871,8.117,2010,July,7,Q3,30,30
24,2010-06-08,1442819.28,No,74.54,2.942,132.6141935,8.117,2010,June,6,Q2,23,8
24,2010-08-13,1384243.75,No,74.17,2.923,132.63,8.117,2010,August,8,Q3,32,13
24,2010-08-20,1375307.54,No,72.17,2.913,132.6616129,8.117,2010,August,8,Q3,33,20
24,2010-08-27,1350059.35,No,67.0,2.885,132.6932258,8.117,2010,August,8,Q3,34,27
24,2010-03-09,1366381.6,No,73.52,2.86,132.7248387,8.117,2010,March,3,Q1,10,9
24,2010-10-09,1474498.59,Yes,67.11,2.837,132.7564516,8.117,2010,October,10,Q4,40,9
24,2010-09-17,1273295.46,No,60.31,2.846,132.7670667,8.117,2010,September,9,Q3,37,17
24,2010-09-24,1169413.27,No,64.3,2.837,132.7619333,8.117,2010,September,9,Q3,38,24
24,2010-01-10,1215273.2,No,66.88,2.84,132.7568,8.275,2010,January,1,Q1,1,10
24,2010-08-10,1361944.94,No,54.82,2.903,132.7516667,8.275,2010,August,8,Q3,32,10
24,2010-10-15,1300806.74,No,52.83,2.999,132.7633548,8.275,2010,October,10,Q4,41,15
24,2010-10-22,1234875.33,No,48.69,3.049,132.8170968,8.275,2010,October,10,Q4,42,22
24,2010-10-29,1244925.94,No,57.29,3.055,132.8708387,8.275,2010,October,10,Q4,43,29
24,2010-05-11,1285358.01,No,42.2,3.049,132.9245806,8.275,2010,May,5,Q2,19,11
24,2010-12-11,1312877.01,No,41.76,3.065,132.9783226,8.275,2010,December,12,Q4,49,11
24,2010-11-19,1277150.6,No,45.63,3.138,132.9172,8.275,2010,November,11,Q4,46,19
24,2010-11-26,1779276.51,Yes,41.92,3.186,132.8369333,8.275,2010,November,11,Q4,47,26
24,2010-03-12,1413302.7,No,37.08,3.2,132.7566667,8.275,2010,March,3,Q1,10,12
24,2010-10-12,1593012.75,No,27.11,3.255,132.6764,8.275,2010,October,10,Q4,41,12
24,2010-12-17,1663525.77,No,27.99,3.301,132.6804516,8.275,2010,December,12,Q4,50,17
24,2010-12-24,2386015.75,No,27.74,3.309,132.7477419,8.275,2010,December,12,Q4,51,24
24,2010-12-31,1208600.05,Yes,25.9,3.336,132.8150323,8.275,2010,December,12,Q4,52,31
24,2011-07-01,1178641.71,No,30.72,3.351,132.8823226,8.252,2011,July,7,Q3,26,1
24,2011-01-14,1167740.2,No,22.41,3.367,132.9510645,8.252,2011,January,1,Q1,2,14
24,2011-01-21,1107170.39,No,23.69,3.391,133.0285161,8.252,2011,January,1,Q1,3,21
24,2011-01-28,1126921.34,No,17.91,3.402,133.1059677,8.252,2011,January,1,Q1,4,28
24,2011-04-02,1225182.04,No,23.83,3.4,133.1834194,8.252,2011,April,4,Q2,13,2
24,2011-11-02,1341240.62,Yes,26.51,3.416,133.260871,8.252,2011,November,11,Q4,44,2
24,2011-02-18,1360150.12,No,34.04,3.42,133.3701429,8.252,2011,February,2,Q1,7,18
24,2011-02-25,1235121.33,No,26.09,3.452,133.4921429,8.252,2011,February,2,Q1,8,25
24,2011-04-03,1346994.53,No,31.36,3.605,133.6141429,8.252,2011,April,4,Q2,13,3
24,2011-11-03,1253218.7,No,39.51,3.752,133.7361429,8.252,2011,November,11,Q4,44,3
24,2011-03-18,1168397.26,No,43.39,3.796,133.8492258,8.252,2011,March,3,Q1,11,18
24,2011-03-25,1158693.12,No,36.88,3.789,133.9587419,8.252,2011,March,3,Q1,12,25
24,2011-01-04,1163803.3,No,35.73,3.811,134.0682581,8.212,2011,January,1,Q1,1,4
24,2011-08-04,1273670.32,No,44.7,3.895,134.1777742,8.212,2011,August,8,Q3,31,4
24,2011-04-15,1245576.65,No,52.36,3.981,134.2784667,8.212,2011,April,4,Q2,15,15
24,2011-04-22,1372484.9,No,46.0,4.061,134.3571,8.212,2011,April,4,Q2,16,22
24,2011-04-29,1197761.17,No,60.48,4.117,134.4357333,8.212,2011,April,4,Q2,17,29
24,2011-06-05,1339630.35,No,55.75,4.192,134.5143667,8.212,2011,June,6,Q2,22,5
24,2011-05-13,1311950.16,No,58.49,4.211,134.593,8.212,2011,May,5,Q2,19,13
24,2011-05-20,1234281.7,No,59.84,4.202,134.6803871,8.212,2011,May,5,Q2,20,20
24,2011-05-27,1311153.72,No,65.74,4.134,134.7677742,8.212,2011,May,5,Q2,21,27
24,2011-03-06,1554837.62,No,73.12,4.069,134.8551613,8.212,2011,March,3,Q1,9,6
24,2011-10-06,1373841.91,No,70.02,4.025,134.9425484,8.212,2011,October,10,Q4,40,6
24,2011-06-17,1320359.23,No,64.34,3.989,135.0837333,8.212,2011,June,6,Q2,24,17
24,2011-06-24,1304850.67,No,68.88,3.964,135.2652667,8.212,2011,June,6,Q2,25,24
24,2011-01-07,1445596.61,No,70.27,3.916,135.4468,8.358,2011,January,1,Q1,1,7
24,2011-08-07,1567340.07,No,72.56,3.886,135.6283333,8.358,2011,August,8,Q3,31,7
24,2011-07-15,1356938.95,No,74.43,3.915,135.7837419,8.358,2011,July,7,Q3,28,15
24,2011-07-22,1357672.24,No,79.29,3.972,135.8738387,8.358,2011,July,7,Q3,29,22
24,2011-07-29,1310973.06,No,74.84,4.004,135.9639355,8.358,2011,July,7,Q3,30,29
24,2011-05-08,1417616.81,No,74.64,4.02,136.0540323,8.358,2011,May,5,Q2,18,8
24,2011-12-08,1402818.01,No,72.52,3.995,136.144129,8.358,2011,December,12,Q4,49,8
24,2011-08-19,1352039.88,No,69.93,3.942,136.183129,8.358,2011,August,8,Q3,33,19
24,2011-08-26,1402372.09,No,69.94,3.906,136.2136129,8.358,2011,August,8,Q3,34,26
24,2011-02-09,1196105.44,No,68.14,3.879,136.2440968,8.358,2011,February,2,Q1,6,9
24,2011-09-09,1527455.19,Yes,68.32,3.93,136.2745806,8.358,2011,September,9,Q3,36,9
24,2011-09-16,1227535.97,No,65.56,3.937,136.3145,8.358,2011,September,9,Q3,37,16
24,2011-09-23,1232376.49,No,60.61,3.899,136.367,8.358,2011,September,9,Q3,38,23
24,2011-09-30,1246242.61,No,68.0,3.858,136.4195,8.358,2011,September,9,Q3,39,30
24,2011-07-10,1405914.39,No,53.87,3.775,136.472,8.454,2011,July,7,Q3,27,10
24,2011-10-14,1333315.03,No,60.21,3.744,136.5150968,8.454,2011,October,10,Q4,41,14
24,2011-10-21,1283563.43,No,56.6,3.757,136.5017742,8.454,2011,October,10,Q4,42,21
24,2011-10-28,1307142.75,No,48.0,3.757,136.4884516,8.454,2011,October,10,Q4,43,28
24,2011-04-11,1385860.38,No,39.87,3.738,136.475129,8.454,2011,April,4,Q2,15,11
24,2011-11-11,1425078.59,No,46.78,3.719,136.4618065,8.454,2011,November,11,Q4,45,11
24,2011-11-18,1297535.69,No,48.17,3.717,136.4666667,8.454,2011,November,11,Q4,46,18
24,2011-11-25,1761235.67,Yes,41.83,3.689,136.4788,8.454,2011,November,11,Q4,47,25
24,2011-02-12,1335647.1,No,47.21,3.666,136.4909333,8.454,2011,February,2,Q1,6,12
24,2011-09-12,1529615.54,No,42.3,3.627,136.5030667,8.454,2011,September,9,Q3,37,12
24,2011-12-16,1624994.43,No,36.0,3.611,136.5335161,8.454,2011,December,12,Q4,50,16
24,2011-12-23,2168344.23,No,36.93,3.587,136.5883871,8.454,2011,December,12,Q4,51,23
24,2011-12-30,1363973.16,Yes,33.45,3.566,136.6432581,8.454,2011,December,12,Q4,52,30
24,2012-06-01,1251581.89,No,32.86,3.585,136.698129,8.659,2012,June,6,Q2,22,1
24,2012-01-13,1155594.2,No,36.5,3.666,136.753,8.659,2012,January,1,Q1,2,13
24,2012-01-20,1151993.85,No,25.73,3.705,136.8564194,8.659,2012,January,1,Q1,3,20
24,2012-01-27,1057290.41,No,31.92,3.737,136.9598387,8.659,2012,January,1,Q1,4,27
24,2012-03-02,1249696.97,No,38.61,3.796,137.0632581,8.659,2012,March,3,Q1,9,2
24,2012-10-02,1403460.87,Yes,33.82,3.826,137.1666774,8.659,2012,October,10,Q4,40,2
24,2012-02-17,1326370.08,No,33.92,3.874,137.2583103,8.659,2012,February,2,Q1,7,17
24,2012-02-24,1303233.15,No,37.35,3.917,137.3411034,8.659,2012,February,2,Q1,8,24
24,2012-02-03,1213994.39,No,35.36,3.983,137.4238966,8.659,2012,February,2,Q1,5,3
24,2012-09-03,1325835.7,No,41.5,4.021,137.5066897,8.659,2012,September,9,Q3,36,3
24,2012-03-16,1239299.12,No,48.68,4.021,137.5843871,8.659,2012,March,3,Q1,11,16
24,2012-03-23,1221723.94,No,59.51,4.054,137.6552903,8.659,2012,March,3,Q1,12,23
24,2012-03-30,1230106.13,No,47.28,4.098,137.7261935,8.659,2012,March,3,Q1,13,30
24,2012-06-04,1524734.29,No,45.25,4.143,137.7970968,8.983,2012,June,6,Q2,23,4
24,2012-04-13,1285783.87,No,48.65,4.187,137.868,8.983,2012,April,4,Q2,15,13
24,2012-04-20,1208654.4,No,61.05,4.17,137.9230667,8.983,2012,April,4,Q2,16,20
24,2012-04-27,1194334.65,No,49.26,4.163,137.9781333,8.983,2012,April,4,Q2,17,27
24,2012-04-05,1306551.71,No,52.14,4.124,138.0332,8.983,2012,April,4,Q2,14,5
24,2012-11-05,1355391.79,No,58.7,4.055,138.0882667,8.983,2012,November,11,Q4,45,5
24,2012-05-18,1298809.8,No,63.1,4.029,138.1065806,8.983,2012,May,5,Q2,20,18
24,2012-05-25,1407897.57,No,65.79,3.979,138.1101935,8.983,2012,May,5,Q2,21,25
24,2012-01-06,1467722.19,No,71.79,3.915,138.1138065,8.983,2012,January,1,Q1,1,6
24,2012-08-06,1406313.13,No,59.93,3.871,138.1174194,8.983,2012,August,8,Q3,32,6
24,2012-06-15,1364445.98,No,68.28,3.786,138.1295333,8.983,2012,June,6,Q2,24,15
24,2012-06-22,1434709.63,No,72.29,3.722,138.1629,8.983,2012,June,6,Q2,25,22
24,2012-06-29,1428869.9,No,70.4,3.667,138.1962667,8.983,2012,June,6,Q2,26,29
24,2012-06-07,1645097.75,No,77.18,3.646,138.2296333,8.953,2012,June,6,Q2,23,7
24,2012-07-13,1405475.78,No,75.36,3.689,138.263,8.953,2012,July,7,Q3,28,13
24,2012-07-20,1394299.0,No,76.42,3.732,138.2331935,8.953,2012,July,7,Q3,29,20
24,2012-07-27,1307339.14,No,73.62,3.82,138.2033871,8.953,2012,July,7,Q3,30,27
24,2012-03-08,1440374.13,No,73.26,3.819,138.1735806,8.953,2012,March,3,Q1,10,8
24,2012-10-08,1497054.81,No,75.53,3.863,138.1437742,8.953,2012,October,10,Q4,41,8
24,2012-08-17,1397970.54,No,72.87,3.963,138.1857097,8.953,2012,August,8,Q3,33,17
24,2012-08-24,1303726.54,No,68.13,3.997,138.2814516,8.953,2012,August,8,Q3,34,24
24,2012-08-31,1344558.92,No,71.18,4.026,138.3771935,8.953,2012,August,8,Q3,35,31
24,2012-07-09,1477134.75,Yes,72.81,4.076,138.4729355,8.953,2012,July,7,Q3,28,9
24,2012-09-14,1242909.53,No,64.28,4.088,138.5673,8.953,2012,September,9,Q3,37,14
24,2012-09-21,1261158.47,No,61.25,4.203,138.6534,8.953,2012,September,9,Q3,38,21
24,2012-09-28,1259278.36,No,58.86,4.158,138.7395,8.953,2012,September,9,Q3,39,28
24,2012-05-10,1416720.54,No,60.35,4.151,138.8256,8.693,2012,May,5,Q2,19,10
24,2012-12-10,1416301.17,No,51.64,4.186,138.9117,8.693,2012,December,12,Q4,50,10
24,2012-10-19,1255414.84,No,52.59,4.153,138.8336129,8.693,2012,October,10,Q4,42,19
24,2012-10-26,1307182.29,No,55.16,4.071,138.7281613,8.693,2012,October,10,Q4,43,26
25,2010-05-02,677231.63,No,21.1,2.784,204.2471935,8.187,2010,May,5,Q2,17,2
25,2010-12-02,583364.02,Yes,19.64,2.773,204.3857472,8.187,2010,December,12,Q4,48,2
25,2010-02-19,676260.67,No,24.16,2.745,204.4321004,8.187,2010,February,2,Q1,7,19
25,2010-02-26,628516.57,No,29.16,2.754,204.4630869,8.187,2010,February,2,Q1,8,26
25,2010-05-03,665750.06,No,29.45,2.777,204.4940734,8.187,2010,May,5,Q2,18,3
25,2010-12-03,660619.99,No,40.05,2.818,204.5250598,8.187,2010,December,12,Q4,48,3
25,2010-03-19,659795.84,No,45.0,2.844,204.3782258,8.187,2010,March,3,Q1,11,19
25,2010-03-26,696687.6,No,45.84,2.854,204.201755,8.187,2010,March,3,Q1,12,26
25,2010-02-04,822486.37,No,47.2,2.85,204.0252842,7.856,2010,February,2,Q1,5,4
25,2010-09-04,712647.97,No,61.36,2.869,203.8488134,7.856,2010,September,9,Q3,35,4
25,2010-04-16,715311.6,No,52.16,2.899,203.7307486,7.856,2010,April,4,Q2,15,16
25,2010-04-23,694531.72,No,46.12,2.902,203.6905586,7.856,2010,April,4,Q2,16,23
25,2010-04-30,706924.02,No,50.97,2.921,203.6503685,7.856,2010,April,4,Q2,17,30
25,2010-07-05,724468.97,No,63.67,2.966,203.6101784,7.856,2010,July,7,Q3,27,5
25,2010-05-14,698073.95,No,50.27,2.982,203.6133915,7.856,2010,May,5,Q2,19,14
25,2010-05-21,704113.22,No,57.17,2.958,203.8770235,7.856,2010,May,5,Q2,20,21
25,2010-05-28,792442.54,No,69.31,2.899,204.1406556,7.856,2010,May,5,Q2,21,28
25,2010-04-06,764155.44,No,69.22,2.847,204.4042877,7.856,2010,April,4,Q2,14,6
25,2010-11-06,737163.2,No,63.68,2.809,204.6679198,7.856,2010,November,11,Q4,44,6
25,2010-06-18,780444.94,No,69.56,2.78,204.670036,7.856,2010,June,6,Q2,24,18
25,2010-06-25,737569.14,No,72.17,2.808,204.5675459,7.856,2010,June,6,Q2,25,25
25,2010-02-07,759407.87,No,66.42,2.815,204.4650559,7.527,2010,February,2,Q1,5,7
25,2010-09-07,719591.13,No,75.24,2.793,204.3625658,7.527,2010,September,9,Q3,36,7
25,2010-07-16,726997.84,No,73.43,2.783,204.3571656,7.527,2010,July,7,Q3,28,16
25,2010-07-23,665290.93,No,75.37,2.771,204.4812188,7.527,2010,July,7,Q3,29,23
25,2010-07-30,682124.34,No,71.99,2.781,204.605272,7.527,2010,July,7,Q3,30,30
25,2010-06-08,699464.43,No,71.79,2.784,204.7293252,7.527,2010,June,6,Q2,23,8
25,2010-08-13,686072.39,No,72.73,2.805,204.8533784,7.527,2010,August,8,Q3,32,13
25,2010-08-20,724499.81,No,71.81,2.779,204.8217044,7.527,2010,August,8,Q3,33,20
25,2010-08-27,711461.95,No,67.15,2.755,204.7900305,7.527,2010,August,8,Q3,34,27
25,2010-03-09,685700.08,No,71.17,2.715,204.7583566,7.527,2010,March,3,Q1,10,9
25,2010-10-09,655811.95,Yes,61.14,2.699,204.7266827,7.527,2010,October,10,Q4,40,9
25,2010-09-17,628989.88,No,60.13,2.706,204.7513279,7.527,2010,September,9,Q3,37,17
25,2010-09-24,607819.33,No,65.06,2.713,204.8182126,7.527,2010,September,9,Q3,38,24
25,2010-01-10,658640.14,No,57.56,2.707,204.8850973,7.484,2010,January,1,Q1,1,10
25,2010-08-10,674283.86,No,48.46,2.764,204.951982,7.484,2010,August,8,Q3,32,10
25,2010-10-15,616094.72,No,54.09,2.868,205.0137637,7.484,2010,October,10,Q4,41,15
25,2010-10-22,661644.19,No,46.73,2.917,205.0627881,7.484,2010,October,10,Q4,42,22
25,2010-10-29,674458.03,No,55.72,2.921,205.1118126,7.484,2010,October,10,Q4,43,29
25,2010-05-11,696314.53,No,38.8,2.917,205.160837,7.484,2010,May,5,Q2,19,11
25,2010-12-11,713250.08,No,40.68,2.931,205.2098614,7.484,2010,December,12,Q4,49,11
25,2010-11-19,718056.73,No,42.72,3.0,205.0992811,7.484,2010,November,11,Q4,46,19
25,2010-11-26,1115240.61,Yes,43.43,3.039,204.9621,7.484,2010,November,11,Q4,47,26
25,2010-03-12,885572.96,No,32.41,3.046,204.8249189,7.484,2010,March,3,Q1,10,12
25,2010-10-12,964729.18,No,22.65,3.109,204.6877378,7.484,2010,October,10,Q4,41,12
25,2010-12-17,1047707.59,No,21.6,3.14,204.6321194,7.484,2010,December,12,Q4,50,17
25,2010-12-24,1295391.19,No,22.94,3.141,204.6376731,7.484,2010,December,12,Q4,51,24
25,2010-12-31,623092.54,Yes,25.89,3.179,204.6432267,7.484,2010,December,12,Q4,52,31
25,2011-07-01,558794.63,No,29.0,3.193,204.6487803,7.343,2011,July,7,Q3,26,1
25,2011-01-14,572360.83,No,18.3,3.205,204.7026042,7.343,2011,January,1,Q1,2,14
25,2011-01-21,568093.57,No,23.21,3.229,205.0460497,7.343,2011,January,1,Q1,3,21
25,2011-01-28,600448.69,No,18.92,3.237,205.3894952,7.343,2011,January,1,Q1,4,28
25,2011-04-02,639830.45,No,23.94,3.231,205.7329407,7.343,2011,April,4,Q2,13,2
25,2011-11-02,615666.78,Yes,21.18,3.239,206.0763862,7.343,2011,November,11,Q4,44,2
25,2011-02-18,634637.03,No,38.42,3.245,206.3694701,7.343,2011,February,2,Q1,7,18
25,2011-02-25,570816.34,No,28.36,3.274,206.6424093,7.343,2011,February,2,Q1,8,25
25,2011-04-03,640912.18,No,31.59,3.433,206.9153485,7.343,2011,April,4,Q2,13,3
25,2011-11-03,599828.39,No,36.73,3.582,207.1882876,7.343,2011,November,11,Q4,44,3
25,2011-03-18,603393.64,No,40.94,3.631,207.4283845,7.343,2011,March,3,Q1,11,18
25,2011-03-25,616324.24,No,38.51,3.625,207.6553444,7.343,2011,March,3,Q1,12,25
25,2011-01-04,618377.79,No,28.5,3.638,207.8823043,7.287,2011,January,1,Q1,1,4
25,2011-08-04,648606.13,No,42.11,3.72,208.1092642,7.287,2011,August,8,Q3,31,4
25,2011-04-15,674562.45,No,51.43,3.821,208.3172811,7.287,2011,April,4,Q2,15,15
25,2011-04-22,756588.42,No,45.87,3.892,208.4779405,7.287,2011,April,4,Q2,16,22
25,2011-04-29,649245.0,No,58.43,3.962,208.6386,7.287,2011,April,4,Q2,17,29
25,2011-06-05,659446.55,No,49.5,4.046,208.7992595,7.287,2011,June,6,Q2,22,5
25,2011-05-13,684783.15,No,60.1,4.066,208.9599189,7.287,2011,May,5,Q2,19,13
25,2011-05-20,677971.33,No,56.56,4.062,208.7583165,7.287,2011,May,5,Q2,20,20
25,2011-05-27,718373.94,No,67.18,3.985,208.556714,7.287,2011,May,5,Q2,21,27
25,2011-03-06,737551.74,No,70.69,3.922,208.3551116,7.287,2011,March,3,Q1,9,6
25,2011-10-06,740259.63,No,71.45,3.881,208.1535092,7.287,2011,October,10,Q4,40,6
25,2011-06-17,717373.43,No,63.58,3.842,208.1265604,7.287,2011,June,6,Q2,24,17
25,2011-06-24,699270.1,No,70.71,3.804,208.2306018,7.287,2011,June,6,Q2,25,24
25,2011-01-07,706206.86,No,66.61,3.748,208.3346432,7.274,2011,January,1,Q1,1,7
25,2011-08-07,698529.64,No,71.64,3.711,208.4386847,7.274,2011,August,8,Q3,31,7
25,2011-07-15,680510.23,No,72.67,3.76,208.5309337,7.274,2011,July,7,Q3,28,15
25,2011-07-22,670854.96,No,78.1,3.811,208.5937018,7.274,2011,July,7,Q3,29,22
25,2011-07-29,668390.82,No,74.72,3.829,208.6564699,7.274,2011,July,7,Q3,30,29
25,2011-05-08,679706.01,No,74.0,3.842,208.719238,7.274,2011,May,5,Q2,18,8
25,2011-12-08,667130.48,No,70.93,3.812,208.7820061,7.274,2011,December,12,Q4,49,8
25,2011-08-19,688958.75,No,68.09,3.747,208.8424359,7.274,2011,August,8,Q3,33,19
25,2011-08-26,726422.55,No,66.8,3.704,208.902476,7.274,2011,August,8,Q3,34,26
25,2011-02-09,699779.0,No,67.2,3.703,208.9625161,7.274,2011,February,2,Q1,6,9
25,2011-09-09,673248.48,Yes,67.51,3.738,209.0225562,7.274,2011,September,9,Q3,36,9
25,2011-09-16,628720.46,No,62.05,3.742,209.1893892,7.274,2011,September,9,Q3,37,16
25,2011-09-23,620885.93,No,60.28,3.711,209.4986126,7.274,2011,September,9,Q3,38,23
25,2011-09-30,639160.24,No,60.7,3.645,209.807836,7.274,2011,September,9,Q3,39,30
25,2011-07-10,671522.87,No,50.82,3.583,210.1170595,7.082,2011,July,7,Q3,27,10
25,2011-10-14,646915.47,No,58.95,3.541,210.4027602,7.082,2011,October,10,Q4,41,14
25,2011-10-21,690675.5,No,50.22,3.57,210.5473252,7.082,2011,October,10,Q4,42,21
25,2011-10-28,724443.97,No,46.28,3.569,210.6918901,7.082,2011,October,10,Q4,43,28
25,2011-04-11,718393.61,No,40.88,3.551,210.8364551,7.082,2011,April,4,Q2,15,11
25,2011-11-11,719235.07,No,44.81,3.53,210.9810201,7.082,2011,November,11,Q4,45,11
25,2011-11-18,728525.6,No,46.41,3.53,211.1847207,7.082,2011,November,11,Q4,46,18
25,2011-11-25,1116211.39,Yes,43.49,3.492,211.4120757,7.082,2011,November,11,Q4,47,25
25,2011-02-12,878314.57,No,42.85,3.452,211.6394306,7.082,2011,February,2,Q1,6,12
25,2011-09-12,916446.02,No,38.69,3.415,211.8667856,7.082,2011,September,9,Q3,37,12
25,2011-12-16,997502.47,No,33.09,3.413,212.0685039,7.082,2011,December,12,Q4,50,16
25,2011-12-23,1290532.97,No,36.56,3.389,212.2360401,7.082,2011,December,12,Q4,51,23
25,2011-12-30,683665.37,Yes,32.42,3.389,212.4035763,7.082,2011,December,12,Q4,52,30
25,2012-06-01,636419.12,No,30.23,3.422,212.5711125,6.961,2012,June,6,Q2,22,1
25,2012-01-13,614764.31,No,34.6,3.513,212.7386486,6.961,2012,January,1,Q1,2,13
25,2012-01-20,594744.89,No,23.87,3.533,212.8336399,6.961,2012,January,1,Q1,3,20
25,2012-01-27,589554.29,No,32.24,3.567,212.9286312,6.961,2012,January,1,Q1,4,27
25,2012-03-02,642776.4,No,34.98,3.617,213.0236225,6.961,2012,March,3,Q1,9,2
25,2012-10-02,658984.38,Yes,32.47,3.64,213.1186138,6.961,2012,October,10,Q4,40,2
25,2012-02-17,654088.02,No,32.23,3.695,213.2732106,6.961,2012,February,2,Q1,7,17
25,2012-02-24,613501.05,No,35.51,3.739,213.4725116,6.961,2012,February,2,Q1,8,24
25,2012-02-03,643155.89,No,36.01,3.816,213.6718127,6.961,2012,February,2,Q1,5,3
25,2012-09-03,643711.53,No,37.44,3.848,213.8711137,6.961,2012,September,9,Q3,36,3
25,2012-03-16,638204.27,No,50.64,3.862,214.0167132,6.961,2012,March,3,Q1,11,16
25,2012-03-23,672831.78,No,62.7,3.9,214.0907105,6.961,2012,March,3,Q1,12,23
25,2012-03-30,684348.92,No,47.92,3.953,214.1647079,6.961,2012,March,3,Q1,13,30
25,2012-06-04,791356.9,No,44.73,3.996,214.2387053,7.139,2012,June,6,Q2,23,4
25,2012-04-13,658691.56,No,42.46,4.044,214.3127027,7.139,2012,April,4,Q2,15,13
25,2012-04-20,661566.48,No,57.1,4.027,214.3675045,7.139,2012,April,4,Q2,16,20
25,2012-04-27,655157.32,No,44.2,4.004,214.4223063,7.139,2012,April,4,Q2,17,27
25,2012-04-05,696421.72,No,58.76,3.951,214.4771081,7.139,2012,April,4,Q2,14,5
25,2012-11-05,739866.16,No,59.21,3.889,214.5319099,7.139,2012,November,11,Q4,45,5
25,2012-05-18,717207.19,No,58.21,3.848,214.5485571,7.139,2012,May,5,Q2,20,18
25,2012-05-25,783371.02,No,67.69,3.798,214.5499425,7.139,2012,May,5,Q2,21,25
25,2012-01-06,694765.95,No,69.54,3.742,214.5513278,7.139,2012,January,1,Q1,1,6
25,2012-08-06,730254.19,No,58.48,3.689,214.5527132,7.139,2012,August,8,Q3,32,6
25,2012-06-15,753860.89,No,68.34,3.62,214.5653243,7.139,2012,June,6,Q2,24,15
25,2012-06-22,721601.9,No,73.52,3.564,214.606,7.139,2012,June,6,Q2,25,22
25,2012-06-29,718890.81,No,69.84,3.506,214.6466757,7.139,2012,June,6,Q2,26,29
25,2012-06-07,753385.55,No,75.52,3.475,214.6873514,7.28,2012,June,6,Q2,23,7
25,2012-07-13,714093.95,No,73.87,3.523,214.728027,7.28,2012,July,7,Q3,28,13
25,2012-07-20,685676.58,No,74.32,3.567,214.7331351,7.28,2012,July,7,Q3,29,20
25,2012-07-27,659109.53,No,72.98,3.647,214.7382432,7.28,2012,July,7,Q3,30,27
25,2012-03-08,709724.6,No,72.08,3.654,214.7433514,7.28,2012,March,3,Q1,10,8
25,2012-10-08,710496.97,No,71.93,3.722,214.7484595,7.28,2012,October,10,Q4,41,8
25,2012-08-17,728467.72,No,66.99,3.807,214.825578,7.28,2012,August,8,Q3,33,17
25,2012-08-24,756527.64,No,64.53,3.834,214.9567044,7.28,2012,August,8,Q3,34,24
25,2012-08-31,714828.73,No,68.55,3.867,215.0878309,7.28,2012,August,8,Q3,35,31
25,2012-07-09,671482.9,Yes,72.79,3.911,215.2189573,7.28,2012,July,7,Q3,28,9
25,2012-09-14,657241.63,No,60.9,3.948,215.3583757,7.28,2012,September,9,Q3,37,14
25,2012-09-21,664745.2,No,57.6,4.038,215.5475459,7.28,2012,September,9,Q3,38,21
25,2012-09-28,683300.84,No,54.52,3.997,215.7367162,7.28,2012,September,9,Q3,39,28
25,2012-05-10,699536.73,No,57.58,3.985,215.9258865,7.293,2012,May,5,Q2,19,10
25,2012-12-10,697317.41,No,43.74,4.0,216.1150568,7.293,2012,December,12,Q4,50,10
25,2012-10-19,685531.85,No,51.93,3.969,216.1464699,7.293,2012,October,10,Q4,42,19
25,2012-10-26,688940.94,No,56.69,3.882,216.1515902,7.293,2012,October,10,Q4,43,26
26,2010-05-02,1034119.21,No,9.55,2.788,131.5279032,8.488,2010,May,5,Q2,17,2
26,2010-12-02,1015684.09,Yes,18.14,2.771,131.5866129,8.488,2010,December,12,Q4,48,2
26,2010-02-19,999348.55,No,22.62,2.747,131.637,8.488,2010,February,2,Q1,7,19
26,2010-02-26,855385.01,No,27.32,2.753,131.686,8.488,2010,February,2,Q1,8,26
26,2010-05-03,1005669.58,No,28.6,2.766,131.735,8.488,2010,May,5,Q2,18,3
26,2010-12-03,963382.09,No,31.1,2.805,131.784,8.488,2010,December,12,Q4,48,3
26,2010-03-19,903366.55,No,35.34,2.834,131.8242903,8.488,2010,March,3,Q1,11,19
26,2010-03-26,893613.0,No,35.26,2.831,131.863129,8.488,2010,March,3,Q1,12,26
26,2010-02-04,1029849.2,No,36.53,2.826,131.9019677,8.512,2010,February,2,Q1,5,4
26,2010-09-04,1022293.81,No,50.13,2.849,131.9408065,8.512,2010,September,9,Q3,35,4
26,2010-04-16,905548.38,No,36.6,2.885,131.9809,8.512,2010,April,4,Q2,15,16
26,2010-04-23,881930.87,No,39.68,2.895,132.0226667,8.512,2010,April,4,Q2,16,23
26,2010-04-30,904503.85,No,40.56,2.935,132.0644333,8.512,2010,April,4,Q2,17,30
26,2010-07-05,1074479.73,No,54.72,2.981,132.1062,8.512,2010,July,7,Q3,27,5
26,2010-05-14,972663.59,No,39.08,2.983,132.152129,8.512,2010,May,5,Q2,19,14
26,2010-05-21,986765.01,No,50.81,2.961,132.2230323,8.512,2010,May,5,Q2,20,21
26,2010-05-28,1069851.59,No,61.65,2.906,132.2939355,8.512,2010,May,5,Q2,21,28
26,2010-04-06,1003202.66,No,58.46,2.857,132.3648387,8.512,2010,April,4,Q2,14,6
26,2010-11-06,1073862.59,No,51.62,2.83,132.4357419,8.512,2010,November,11,Q4,44,6
26,2010-06-18,1001286.67,No,53.62,2.805,132.4733333,8.512,2010,June,6,Q2,24,18
26,2010-06-25,976242.09,No,63.78,2.81,132.4976,8.512,2010,June,6,Q2,25,25
26,2010-02-07,1078455.48,No,58.9,2.815,132.5218667,8.445,2010,February,2,Q1,5,7
26,2010-09-07,1122356.53,No,71.08,2.806,132.5461333,8.445,2010,September,9,Q3,36,7
26,2010-07-16,1028151.72,No,67.66,2.796,132.5667742,8.445,2010,July,7,Q3,28,16
26,2010-07-23,971615.62,No,65.4,2.784,132.5825806,8.445,2010,July,7,Q3,29,23
26,2010-07-30,1005324.28,No,63.79,2.792,132.5983871,8.445,2010,July,7,Q3,30,30
26,2010-06-08,1125329.77,No,62.93,2.792,132.6141935,8.445,2010,June,6,Q2,23,8
26,2010-08-13,1011938.29,No,61.58,2.81,132.63,8.445,2010,August,8,Q3,32,13
26,2010-08-20,1007385.36,No,62.68,2.796,132.6616129,8.445,2010,August,8,Q3,33,20
26,2010-08-27,977322.52,No,57.23,2.77,132.6932258,8.445,2010,August,8,Q3,34,27
26,2010-03-09,1037549.71,No,66.93,2.735,132.7248387,8.445,2010,March,3,Q1,10,9
26,2010-10-09,1042226.3,Yes,54.82,2.717,132.7564516,8.445,2010,October,10,Q4,40,9
26,2010-09-17,923473.7,No,50.08,2.716,132.7670667,8.445,2010,September,9,Q3,37,17
26,2010-09-24,868636.3,No,52.47,2.718,132.7619333,8.445,2010,September,9,Q3,38,24
26,2010-01-10,923221.52,No,57.8,2.717,132.7568,8.149,2010,January,1,Q1,1,10
26,2010-08-10,1001069.52,No,46.81,2.776,132.7516667,8.149,2010,August,8,Q3,32,10
26,2010-10-15,937956.89,No,39.93,2.878,132.7633548,8.149,2010,October,10,Q4,41,15
26,2010-10-22,916522.66,No,36.13,2.919,132.8170968,8.149,2010,October,10,Q4,42,22
26,2010-10-29,895069.88,No,40.3,2.938,132.8708387,8.149,2010,October,10,Q4,43,29
26,2010-05-11,970224.51,No,30.51,2.938,132.9245806,8.149,2010,May,5,Q2,19,11
26,2010-12-11,971193.01,No,37.51,2.961,132.9783226,8.149,2010,December,12,Q4,49,11
26,2010-11-19,901972.7,No,36.73,3.03,132.9172,8.149,2010,November,11,Q4,46,19
26,2010-11-26,1286833.62,Yes,28.11,3.07,132.8369333,8.149,2010,November,11,Q4,47,26
26,2010-03-12,1016143.64,No,27.73,3.065,132.7566667,8.149,2010,March,3,Q1,10,12
26,2010-10-12,1149612.04,No,16.6,3.132,132.6764,8.149,2010,October,10,Q4,41,12
26,2010-12-17,1196813.33,No,20.61,3.139,132.6804516,8.149,2010,December,12,Q4,50,17
26,2010-12-24,1573982.47,No,21.81,3.15,132.7477419,8.149,2010,December,12,Q4,51,24
26,2010-12-31,877268.29,Yes,18.73,3.177,132.8150323,8.149,2010,December,12,Q4,52,31
26,2011-07-01,938149.21,No,21.13,3.193,132.8823226,7.907,2011,July,7,Q3,26,1
26,2011-01-14,812323.29,No,16.7,3.215,132.9510645,7.907,2011,January,1,Q1,2,14
26,2011-01-21,809833.21,No,12.98,3.232,133.0285161,7.907,2011,January,1,Q1,3,21
26,2011-01-28,817485.14,No,5.54,3.243,133.1059677,7.907,2011,January,1,Q1,4,28
26,2011-04-02,911807.02,No,11.17,3.24,133.1834194,7.907,2011,April,4,Q2,13,2
26,2011-11-02,1010711.08,Yes,15.12,3.255,133.260871,7.907,2011,November,11,Q4,44,2
26,2011-02-18,981978.02,No,19.63,3.263,133.3701429,7.907,2011,February,2,Q1,7,18
26,2011-02-25,910298.44,No,16.3,3.281,133.4921429,7.907,2011,February,2,Q1,8,25
26,2011-04-03,945643.17,No,14.31,3.437,133.6141429,7.907,2011,April,4,Q2,13,3
26,2011-11-03,946614.55,No,28.13,3.6,133.7361429,7.907,2011,November,11,Q4,44,3
26,2011-03-18,887426.12,No,31.76,3.634,133.8492258,7.907,2011,March,3,Q1,11,18
26,2011-03-25,866566.54,No,22.99,3.624,133.9587419,7.907,2011,March,3,Q1,12,25
26,2011-01-04,849231.61,No,22.99,3.638,134.0682581,7.818,2011,January,1,Q1,1,4
26,2011-08-04,985229.81,No,29.09,3.72,134.1777742,7.818,2011,August,8,Q3,31,4
26,2011-04-15,863266.12,No,39.46,3.823,134.2784667,7.818,2011,April,4,Q2,15,15
26,2011-04-22,921700.61,No,33.81,3.919,134.3571,7.818,2011,April,4,Q2,16,22
26,2011-04-29,873450.29,No,47.17,3.988,134.4357333,7.818,2011,April,4,Q2,17,29
26,2011-06-05,1024778.23,No,45.0,4.078,134.5143667,7.818,2011,June,6,Q2,22,5
26,2011-05-13,941008.85,No,48.2,4.095,134.593,7.818,2011,May,5,Q2,19,13
26,2011-05-20,938334.62,No,48.86,4.101,134.6803871,7.818,2011,May,5,Q2,20,20
26,2011-05-27,996723.58,No,56.74,4.034,134.7677742,7.818,2011,May,5,Q2,21,27
26,2011-03-06,1054454.4,No,60.49,3.973,134.8551613,7.818,2011,March,3,Q1,9,6
26,2011-10-06,1094058.68,No,59.85,3.924,134.9425484,7.818,2011,October,10,Q4,40,6
26,2011-06-17,981646.46,No,54.5,3.873,135.0837333,7.818,2011,June,6,Q2,24,17
26,2011-06-24,997474.93,No,56.94,3.851,135.2652667,7.818,2011,June,6,Q2,25,24
26,2011-01-07,1070119.09,No,59.89,3.815,135.4468,7.767,2011,January,1,Q1,1,7
26,2011-08-07,1133807.03,No,63.34,3.784,135.6283333,7.767,2011,August,8,Q3,31,7
26,2011-07-15,1021534.7,No,64.43,3.827,135.7837419,7.767,2011,July,7,Q3,28,15
26,2011-07-22,1017867.8,No,69.52,3.882,135.8738387,7.767,2011,July,7,Q3,29,22
26,2011-07-29,1005360.5,No,63.32,3.898,135.9639355,7.767,2011,July,7,Q3,30,29
26,2011-05-08,1107552.43,No,63.16,3.903,136.0540323,7.767,2011,May,5,Q2,18,8
26,2011-12-08,1087644.5,No,62.99,3.88,136.144129,7.767,2011,December,12,Q4,49,8
26,2011-08-19,1021766.75,No,60.58,3.82,136.183129,7.767,2011,August,8,Q3,33,19
26,2011-08-26,1064617.62,No,61.1,3.796,136.2136129,7.767,2011,August,8,Q3,34,26
26,2011-02-09,1040143.14,No,59.67,3.784,136.2440968,7.767,2011,February,2,Q1,6,9
26,2011-09-09,1069710.97,Yes,60.98,3.809,136.2745806,7.767,2011,September,9,Q3,36,9
26,2011-09-16,951569.84,No,55.19,3.809,136.3145,7.767,2011,September,9,Q3,37,16
26,2011-09-23,923644.6,No,50.72,3.758,136.367,7.767,2011,September,9,Q3,38,23
26,2011-09-30,959339.51,No,59.42,3.684,136.4195,7.767,2011,September,9,Q3,39,30
26,2011-07-10,1130022.99,No,46.84,3.633,136.472,7.598,2011,July,7,Q3,27,10
26,2011-10-14,987886.08,No,53.91,3.583,136.5150968,7.598,2011,October,10,Q4,41,14
26,2011-10-21,974907.28,No,45.23,3.618,136.5017742,7.598,2011,October,10,Q4,42,21
26,2011-10-28,972256.98,No,35.06,3.604,136.4884516,7.598,2011,October,10,Q4,43,28
26,2011-04-11,988950.75,No,31.7,3.586,136.475129,7.598,2011,April,4,Q2,15,11
26,2011-11-11,1077640.13,No,40.08,3.57,136.4618065,7.598,2011,November,11,Q4,45,11
26,2011-11-18,946091.79,No,37.78,3.571,136.4666667,7.598,2011,November,11,Q4,46,18
26,2011-11-25,1282320.05,Yes,31.07,3.536,136.4788,7.598,2011,November,11,Q4,47,25
26,2011-02-12,1012498.49,No,36.74,3.501,136.4909333,7.598,2011,February,2,Q1,6,12
26,2011-09-12,1148987.46,No,34.24,3.47,136.5030667,7.598,2011,September,9,Q3,37,12
26,2011-12-16,1204807.83,No,28.24,3.445,136.5335161,7.598,2011,December,12,Q4,50,16
26,2011-12-23,1515175.01,No,22.53,3.413,136.5883871,7.598,2011,December,12,Q4,51,23
26,2011-12-30,972834.42,Yes,18.8,3.402,136.6432581,7.598,2011,December,12,Q4,52,30
26,2012-06-01,971557.62,No,22.94,3.439,136.698129,7.467,2012,June,6,Q2,22,1
26,2012-01-13,836305.65,No,25.55,3.523,136.753,7.467,2012,January,1,Q1,2,13
26,2012-01-20,838751.5,No,15.22,3.542,136.8564194,7.467,2012,January,1,Q1,3,20
26,2012-01-27,820059.89,No,24.16,3.568,136.9598387,7.467,2012,January,1,Q1,4,27
26,2012-03-02,939158.25,No,25.24,3.633,137.0632581,7.467,2012,March,3,Q1,9,2
26,2012-10-02,1081005.64,Yes,23.89,3.655,137.1666774,7.467,2012,October,10,Q4,40,2
26,2012-02-17,965788.76,No,23.9,3.703,137.2583103,7.467,2012,February,2,Q1,7,17
26,2012-02-24,917924.47,No,28.06,3.751,137.3411034,7.467,2012,February,2,Q1,8,24
26,2012-02-03,955641.74,No,22.49,3.827,137.4238966,7.467,2012,February,2,Q1,5,3
26,2012-09-03,1028569.01,No,29.03,3.876,137.5066897,7.467,2012,September,9,Q3,36,3
26,2012-03-16,919503.4,No,35.06,3.867,137.5843871,7.467,2012,March,3,Q1,11,16
26,2012-03-23,874790.68,No,49.97,3.889,137.6552903,7.467,2012,March,3,Q1,12,23
26,2012-03-30,922018.43,No,33.33,3.921,137.7261935,7.467,2012,March,3,Q1,13,30
26,2012-06-04,1116829.23,No,33.35,3.957,137.7970968,7.489,2012,June,6,Q2,23,4
26,2012-04-13,889670.29,No,36.9,4.025,137.868,7.489,2012,April,4,Q2,15,13
26,2012-04-20,923600.02,No,50.81,4.046,137.9230667,7.489,2012,April,4,Q2,16,20
26,2012-04-27,911969.0,No,43.6,4.023,137.9781333,7.489,2012,April,4,Q2,17,27
26,2012-04-05,946573.29,No,40.29,3.991,138.0332,7.489,2012,April,4,Q2,14,5
26,2012-11-05,1062548.73,No,47.11,3.947,138.0882667,7.489,2012,November,11,Q4,45,5
26,2012-05-18,978082.84,No,52.55,3.899,138.1065806,7.489,2012,May,5,Q2,20,18
26,2012-05-25,1067310.74,No,58.2,3.85,138.1101935,7.489,2012,May,5,Q2,21,25
26,2012-01-06,1015853.03,No,58.51,3.798,138.1138065,7.489,2012,January,1,Q1,1,6
26,2012-08-06,1106176.83,No,49.43,3.746,138.1174194,7.489,2012,August,8,Q3,32,6
26,2012-06-15,1029248.22,No,57.84,3.683,138.1295333,7.489,2012,June,6,Q2,24,15
26,2012-06-22,1056282.91,No,63.04,3.629,138.1629,7.489,2012,June,6,Q2,25,22
26,2012-06-29,1051190.44,No,60.71,3.577,138.1962667,7.489,2012,June,6,Q2,26,29
26,2012-06-07,1180470.8,No,64.94,3.538,138.2296333,7.405,2012,June,6,Q2,23,7
26,2012-07-13,1063149.78,No,64.47,3.561,138.263,7.405,2012,July,7,Q3,28,13
26,2012-07-20,1049625.9,No,66.75,3.61,138.2331935,7.405,2012,July,7,Q3,29,20
26,2012-07-27,1031745.14,No,64.12,3.701,138.2033871,7.405,2012,July,7,Q3,30,27
26,2012-03-08,1090915.09,No,65.6,3.698,138.1735806,7.405,2012,March,3,Q1,10,8
26,2012-10-08,1121476.51,No,67.01,3.772,138.1437742,7.405,2012,October,10,Q4,41,8
26,2012-08-17,1068292.56,No,65.54,3.84,138.1857097,7.405,2012,August,8,Q3,33,17
26,2012-08-24,1022704.2,No,62.08,3.874,138.2814516,7.405,2012,August,8,Q3,34,24
26,2012-08-31,1053495.51,No,63.69,3.884,138.3771935,7.405,2012,August,8,Q3,35,31
26,2012-07-09,1081874.03,Yes,61.58,3.921,138.4729355,7.405,2012,July,7,Q3,28,9
26,2012-09-14,986131.94,No,57.69,3.988,138.5673,7.405,2012,September,9,Q3,37,14
26,2012-09-21,961084.08,No,52.68,4.056,138.6534,7.405,2012,September,9,Q3,38,21
26,2012-09-28,964726.37,No,50.66,4.018,138.7395,7.405,2012,September,9,Q3,39,28
26,2012-05-10,1095504.26,No,54.07,4.027,138.8256,7.138,2012,May,5,Q2,19,10
26,2012-12-10,1044639.69,No,45.19,4.029,138.9117,7.138,2012,December,12,Q4,50,10
26,2012-10-19,975578.02,No,43.51,4.0,138.8336129,7.138,2012,October,10,Q4,42,19
26,2012-10-26,958619.8,No,46.95,3.917,138.7281613,7.138,2012,October,10,Q4,43,26
27,2010-05-02,1874289.79,No,27.19,2.954,135.3524608,8.237,2010,May,5,Q2,17,2
27,2010-12-02,1745362.72,Yes,29.81,2.94,135.4113076,8.237,2010,December,12,Q4,48,2
27,2010-02-19,1945070.33,No,32.44,2.909,135.4657781,8.237,2010,February,2,Q1,7,19
27,2010-02-26,1390934.27,No,36.0,2.91,135.5195191,8.237,2010,February,2,Q1,8,26
27,2010-05-03,1313729.72,No,38.07,2.919,135.5732602,8.237,2010,May,5,Q2,18,3
27,2010-12-03,1925113.12,No,45.98,2.938,135.6270013,8.237,2010,December,12,Q4,48,3
27,2010-03-19,1700627.97,No,49.04,2.96,135.6682247,8.237,2010,March,3,Q1,11,19
27,2010-03-26,1836714.84,No,52.34,2.963,135.7073618,8.237,2010,March,3,Q1,12,26
27,2010-02-04,2053952.97,No,46.9,2.957,135.7464988,8.058,2010,February,2,Q1,5,4
27,2010-09-04,1955814.13,No,62.62,2.992,135.7856359,8.058,2010,September,9,Q3,35,4
27,2010-04-16,1857500.96,No,54.95,3.01,135.82725,8.058,2010,April,4,Q2,15,16
27,2010-04-23,1850205.47,No,53.91,3.021,135.8721667,8.058,2010,April,4,Q2,16,23
27,2010-04-30,1805885.04,No,53.55,3.042,135.9170833,8.058,2010,April,4,Q2,17,30
27,2010-07-05,1939458.84,No,69.02,3.095,135.962,8.058,2010,July,7,Q3,27,5
27,2010-05-14,1842465.78,No,53.82,3.112,136.010394,8.058,2010,May,5,Q2,19,14
27,2010-05-21,1836595.58,No,63.31,3.096,136.0796521,8.058,2010,May,5,Q2,20,21
27,2010-05-28,1962468.67,No,67.88,3.046,136.1489101,8.058,2010,May,5,Q2,21,28
27,2010-04-06,2073102.59,No,74.29,3.006,136.2181682,8.058,2010,April,4,Q2,14,6
27,2010-11-06,1873812.93,No,68.9,2.972,136.2874263,8.058,2010,November,11,Q4,44,6
27,2010-06-18,1887182.27,No,70.0,2.942,136.3243393,8.058,2010,June,6,Q2,24,18
27,2010-06-25,1962625.01,No,78.02,2.958,136.3483143,8.058,2010,June,6,Q2,25,25
27,2010-02-07,2024554.1,No,76.25,2.958,136.3722893,7.982,2010,February,2,Q1,5,7
27,2010-09-07,2119163.01,No,82.69,2.94,136.3962643,7.982,2010,September,9,Q3,36,7
27,2010-07-16,1880691.64,No,78.26,2.933,136.4179827,7.982,2010,July,7,Q3,28,16
27,2010-07-23,1808250.71,No,81.56,2.924,136.4366924,7.982,2010,July,7,Q3,29,23
27,2010-07-30,1816489.53,No,79.78,2.932,136.4554021,7.982,2010,July,7,Q3,30,30
27,2010-06-08,1908036.68,No,77.45,2.942,136.4741118,7.982,2010,June,6,Q2,23,8
27,2010-08-13,1864436.12,No,77.36,2.923,136.4928214,7.982,2010,August,8,Q3,32,13
27,2010-08-20,1936878.46,No,75.16,2.913,136.5249182,7.982,2010,August,8,Q3,33,20
27,2010-08-27,1870684.21,No,70.31,2.885,136.557015,7.982,2010,August,8,Q3,34,27
27,2010-03-09,1908110.9,No,78.52,2.86,136.5891118,7.982,2010,March,3,Q1,10,9
27,2010-10-09,1913494.81,Yes,70.38,2.837,136.6212085,7.982,2010,October,10,Q4,40,9
27,2010-09-17,1629978.46,No,64.5,2.846,136.6338071,7.982,2010,September,9,Q3,37,17
27,2010-09-24,1597002.71,No,67.08,2.837,136.6317821,7.982,2010,September,9,Q3,38,24
27,2010-01-10,1543532.83,No,70.19,2.84,136.6297571,8.021,2010,January,1,Q1,1,10
27,2010-08-10,1707662.87,No,57.78,2.903,136.6277321,8.021,2010,August,8,Q3,32,10
27,2010-10-15,1728388.2,No,58.38,2.999,136.6401935,8.021,2010,October,10,Q4,41,15
27,2010-10-22,1693935.29,No,52.82,3.049,136.688871,8.021,2010,October,10,Q4,42,22
27,2010-10-29,1688955.49,No,61.02,3.055,136.7375484,8.021,2010,October,10,Q4,43,29
27,2010-05-11,1686010.02,No,45.91,3.049,136.7862258,8.021,2010,May,5,Q2,19,11
27,2010-12-11,1828010.25,No,45.9,3.065,136.8349032,8.021,2010,December,12,Q4,49,11
27,2010-11-19,1704785.74,No,50.81,3.138,136.7715714,8.021,2010,November,11,Q4,46,19
27,2010-11-26,2627910.75,Yes,46.67,3.186,136.6895714,8.021,2010,November,11,Q4,47,26
27,2010-03-12,1884343.67,No,41.81,3.2,136.6075714,8.021,2010,March,3,Q1,10,12
27,2010-10-12,2139733.68,No,30.83,3.255,136.5255714,8.021,2010,October,10,Q4,41,12
27,2010-12-17,2350098.36,No,31.62,3.301,136.5292811,8.021,2010,December,12,Q4,50,17
27,2010-12-24,3078162.08,No,31.34,3.309,136.597273,8.021,2010,December,12,Q4,51,24
27,2010-12-31,1440963.0,Yes,29.59,3.336,136.665265,8.021,2010,December,12,Q4,52,31
27,2011-07-01,1568159.48,No,34.42,3.351,136.7332569,7.827,2011,July,7,Q3,26,1
27,2011-01-14,1532308.62,No,25.7,3.367,136.803477,7.827,2011,January,1,Q1,2,14
27,2011-01-21,1517029.9,No,30.13,3.391,136.8870657,7.827,2011,January,1,Q1,3,21
27,2011-01-28,1421111.55,No,23.64,3.402,136.9706544,7.827,2011,January,1,Q1,4,28
27,2011-04-02,1628100.79,No,28.7,3.4,137.0542431,7.827,2011,April,4,Q2,13,2
27,2011-11-02,1636224.77,Yes,30.45,3.416,137.1378318,7.827,2011,November,11,Q4,44,2
27,2011-02-18,1709365.19,No,39.32,3.42,137.2511849,7.827,2011,February,2,Q1,7,18
27,2011-02-25,1688935.71,No,33.05,3.452,137.3764439,7.827,2011,February,2,Q1,8,25
27,2011-04-03,1656130.67,No,36.99,3.605,137.5017028,7.827,2011,April,4,Q2,13,3
27,2011-11-03,1613259.77,No,43.64,3.752,137.6269617,7.827,2011,November,11,Q4,44,3
27,2011-03-18,1624539.21,No,46.65,3.796,137.7398929,7.827,2011,March,3,Q1,11,18
27,2011-03-25,1554651.08,No,40.11,3.789,137.8478929,7.827,2011,March,3,Q1,12,25
27,2011-01-04,1628868.28,No,37.27,3.811,137.9558929,7.725,2011,January,1,Q1,1,4
27,2011-08-04,1689844.18,No,46.87,3.895,138.0638929,7.725,2011,August,8,Q3,31,4
27,2011-04-15,1727175.61,No,52.24,3.981,138.1646952,7.725,2011,April,4,Q2,15,15
27,2011-04-22,1921655.48,No,50.02,4.061,138.2475036,7.725,2011,April,4,Q2,16,22
27,2011-04-29,1642074.64,No,61.71,4.117,138.3303119,7.725,2011,April,4,Q2,17,29
27,2011-06-05,1757041.96,No,56.48,4.192,138.4131202,7.725,2011,June,6,Q2,22,5
27,2011-05-13,1763545.32,No,60.07,4.211,138.4959286,7.725,2011,May,5,Q2,19,13
27,2011-05-20,1725268.56,No,60.22,4.202,138.587106,7.725,2011,May,5,Q2,20,20
27,2011-05-27,1820723.17,No,66.43,4.134,138.6782834,7.725,2011,May,5,Q2,21,27
27,2011-03-06,2053708.01,No,74.17,4.069,138.7694608,7.725,2011,March,3,Q1,9,6
27,2011-10-06,1817914.71,No,73.26,4.025,138.8606382,7.725,2011,October,10,Q4,40,6
27,2011-06-17,1814740.09,No,67.03,3.989,139.0028333,7.725,2011,June,6,Q2,24,17
27,2011-06-24,1811455.15,No,72.02,3.964,139.1832917,7.725,2011,June,6,Q2,25,24
27,2011-01-07,1949983.93,No,73.76,3.916,139.36375,7.85,2011,January,1,Q1,1,7
27,2011-08-07,2000055.27,No,76.87,3.886,139.5442083,7.85,2011,August,8,Q3,31,7
27,2011-07-15,1762155.79,No,77.83,3.915,139.7006325,7.85,2011,July,7,Q3,28,15
27,2011-07-22,1754879.45,No,82.28,3.972,139.7969712,7.85,2011,July,7,Q3,29,22
27,2011-07-29,1744879.06,No,79.41,4.004,139.8933099,7.85,2011,July,7,Q3,30,29
27,2011-05-08,1747289.53,No,78.14,4.02,139.9896486,7.85,2011,May,5,Q2,18,8
27,2011-12-08,1758437.96,No,76.67,3.995,140.0859873,7.85,2011,December,12,Q4,49,8
27,2011-08-19,1781905.24,No,72.97,3.942,140.1289205,7.85,2011,August,8,Q3,33,19
27,2011-08-26,2034400.78,No,72.88,3.906,140.1629528,7.85,2011,August,8,Q3,34,26
27,2011-02-09,1511717.53,No,71.44,3.879,140.196985,7.85,2011,February,2,Q1,6,9
27,2011-09-09,1911470.84,Yes,70.93,3.93,140.2310173,7.85,2011,September,9,Q3,36,9
27,2011-09-16,1613773.9,No,69.65,3.937,140.2735,7.85,2011,September,9,Q3,37,16
27,2011-09-23,1606208.68,No,63.61,3.899,140.32725,7.85,2011,September,9,Q3,38,23
27,2011-09-30,1599626.26,No,70.92,3.858,140.381,7.85,2011,September,9,Q3,39,30
27,2011-07-10,1672339.27,No,56.91,3.775,140.43475,7.906,2011,July,7,Q3,27,10
27,2011-10-14,1682652.51,No,64.78,3.744,140.4784194,7.906,2011,October,10,Q4,41,14
27,2011-10-21,1689591.44,No,59.62,3.757,140.4616048,7.906,2011,October,10,Q4,42,21
27,2011-10-28,1710372.4,No,51.81,3.757,140.4447903,7.906,2011,October,10,Q4,43,28
27,2011-04-11,1621109.3,No,44.46,3.738,140.4279758,7.906,2011,April,4,Q2,15,11
27,2011-11-11,1800728.07,No,49.69,3.719,140.4111613,7.906,2011,November,11,Q4,45,11
27,2011-11-18,1723739.44,No,51.42,3.717,140.4127857,7.906,2011,November,11,Q4,46,18
27,2011-11-25,2504400.71,Yes,47.88,3.689,140.4217857,7.906,2011,November,11,Q4,47,25
27,2011-02-12,1806924.74,No,50.55,3.666,140.4307857,7.906,2011,February,2,Q1,6,12
27,2011-09-12,2014665.98,No,46.28,3.627,140.4397857,7.906,2011,September,9,Q3,37,12
27,2011-12-16,2205919.86,No,40.68,3.611,140.4700795,7.906,2011,December,12,Q4,50,16
27,2011-12-23,2739019.75,No,41.59,3.587,140.528765,7.906,2011,December,12,Q4,51,23
27,2011-12-30,1650604.6,Yes,37.85,3.566,140.5874505,7.906,2011,December,12,Q4,52,30
27,2012-06-01,1535287.4,No,35.8,3.585,140.6461359,8.009,2012,June,6,Q2,22,1
27,2012-01-13,1492399.13,No,41.3,3.666,140.7048214,8.009,2012,January,1,Q1,2,13
27,2012-01-20,1542131.05,No,30.35,3.705,140.8086118,8.009,2012,January,1,Q1,3,20
27,2012-01-27,1263534.86,No,36.96,3.737,140.9124021,8.009,2012,January,1,Q1,4,27
27,2012-03-02,1564246.02,No,42.52,3.796,141.0161924,8.009,2012,March,3,Q1,9,2
27,2012-10-02,1651605.35,Yes,37.86,3.826,141.1199827,8.009,2012,October,10,Q4,40,2
27,2012-02-17,1606221.56,No,37.24,3.874,141.2140357,8.009,2012,February,2,Q1,7,17
27,2012-02-24,1648602.39,No,41.74,3.917,141.3007857,8.009,2012,February,2,Q1,8,24
27,2012-02-03,1509323.09,No,40.07,3.983,141.3875357,8.009,2012,February,2,Q1,5,3
27,2012-09-03,1607343.41,No,44.32,4.021,141.4742857,8.009,2012,September,9,Q3,36,3
27,2012-03-16,1635984.07,No,49.6,4.021,141.55478,8.009,2012,March,3,Q1,11,16
27,2012-03-23,1620839.34,No,57.3,4.054,141.6269332,8.009,2012,March,3,Q1,12,23
27,2012-03-30,1615494.14,No,49.4,4.098,141.6990864,8.009,2012,March,3,Q1,13,30
27,2012-06-04,1899013.34,No,48.73,4.143,141.7712396,8.253,2012,June,6,Q2,23,4
27,2012-04-13,1650405.21,No,52.22,4.187,141.8433929,8.253,2012,April,4,Q2,15,13
27,2012-04-20,1639999.47,No,62.62,4.17,141.9015262,8.253,2012,April,4,Q2,16,20
27,2012-04-27,1565498.84,No,52.33,4.163,141.9596595,8.253,2012,April,4,Q2,17,27
27,2012-04-05,1669388.45,No,53.68,4.124,142.0177929,8.253,2012,April,4,Q2,14,5
27,2012-11-05,1674306.31,No,58.97,4.055,142.0759262,8.253,2012,November,11,Q4,45,5
27,2012-05-18,1707158.82,No,65.15,4.029,142.0970115,8.253,2012,May,5,Q2,20,18
27,2012-05-25,1818906.73,No,64.77,3.979,142.1032776,8.253,2012,May,5,Q2,21,25
27,2012-01-06,1900638.6,No,73.4,3.915,142.1095438,8.253,2012,January,1,Q1,1,6
27,2012-08-06,1764756.31,No,64.05,3.871,142.1158099,8.253,2012,August,8,Q3,32,6
27,2012-06-15,1773500.56,No,69.52,3.786,142.1292548,8.253,2012,June,6,Q2,24,15
27,2012-06-22,1837884.79,No,73.23,3.722,142.1606464,8.253,2012,June,6,Q2,25,22
27,2012-06-29,1842555.32,No,73.94,3.667,142.1920381,8.253,2012,June,6,Q2,26,29
27,2012-06-07,2062224.92,No,82.08,3.646,142.2234298,8.239,2012,June,6,Q2,23,7
27,2012-07-13,1755889.53,No,78.95,3.689,142.2548214,8.239,2012,July,7,Q3,28,13
27,2012-07-20,1730913.66,No,78.64,3.732,142.2337569,8.239,2012,July,7,Q3,29,20
27,2012-07-27,1625883.71,No,76.01,3.82,142.2126924,8.239,2012,July,7,Q3,30,27
27,2012-03-08,1705810.84,No,75.22,3.819,142.1916279,8.239,2012,March,3,Q1,10,8
27,2012-10-08,1720537.26,No,78.44,3.863,142.1705634,8.239,2012,October,10,Q4,41,8
27,2012-08-17,1735339.59,No,76.51,3.963,142.2157385,8.239,2012,August,8,Q3,33,17
27,2012-08-24,1780443.36,No,72.93,3.997,142.3105933,8.239,2012,August,8,Q3,34,24
27,2012-08-31,1731935.43,No,75.0,4.026,142.4054482,8.239,2012,August,8,Q3,35,31
27,2012-07-09,1840955.23,Yes,76.0,4.076,142.500303,8.239,2012,July,7,Q3,28,9
27,2012-09-14,1519604.5,No,68.72,4.088,142.5938833,8.239,2012,September,9,Q3,37,14
27,2012-09-21,1557485.75,No,66.1,4.203,142.6798167,8.239,2012,September,9,Q3,38,21
27,2012-09-28,1540687.63,No,64.92,4.158,142.76575,8.239,2012,September,9,Q3,39,28
27,2012-05-10,1591816.88,No,64.5,4.151,142.8516833,8.0,2012,May,5,Q2,19,10
27,2012-12-10,1660081.29,No,55.4,4.186,142.9376167,8.0,2012,December,12,Q4,50,10
27,2012-10-19,1620374.24,No,56.53,4.153,142.8633629,8.0,2012,October,10,Q4,42,19
27,2012-10-26,1703047.74,No,58.99,4.071,142.7624113,8.0,2012,October,10,Q4,43,26
28,2010-05-02,1672352.29,No,49.47,2.962,126.4420645,13.975,2010,May,5,Q2,17,2
28,2010-12-02,1558968.49,Yes,47.87,2.946,126.4962581,13.975,2010,December,12,Q4,48,2
28,2010-02-19,1491300.42,No,54.83,2.915,126.5262857,13.975,2010,February,2,Q1,7,19
28,2010-02-26,1542173.33,No,50.23,2.825,126.5522857,13.975,2010,February,2,Q1,8,26
28,2010-05-03,1608435.45,No,53.77,2.987,126.5782857,13.975,2010,May,5,Q2,18,3
28,2010-12-03,1326877.11,No,50.11,2.925,126.6042857,13.975,2010,December,12,Q4,48,3
28,2010-03-19,1279819.43,No,59.57,3.054,126.6066452,13.975,2010,March,3,Q1,11,19
28,2010-03-26,1245268.77,No,60.06,3.083,126.6050645,13.975,2010,March,3,Q1,12,26
28,2010-02-04,1441559.4,No,59.84,3.086,126.6034839,14.099,2010,February,2,Q1,5,4
28,2010-09-04,1382359.21,No,59.25,3.09,126.6019032,14.099,2010,September,9,Q3,35,4
28,2010-04-16,1268240.66,No,64.95,3.109,126.5621,14.099,2010,April,4,Q2,15,16
28,2010-04-23,1244177.21,No,64.55,3.05,126.4713333,14.099,2010,April,4,Q2,16,23
28,2010-04-30,1186971.02,No,67.38,3.105,126.3805667,14.099,2010,April,4,Q2,17,30
28,2010-07-05,1532893.22,No,70.15,3.127,126.2898,14.099,2010,July,7,Q3,27,5
28,2010-05-14,1245898.73,No,68.44,3.145,126.2085484,14.099,2010,May,5,Q2,19,14
28,2010-05-21,1217923.71,No,76.2,3.12,126.1843871,14.099,2010,May,5,Q2,20,21
28,2010-05-28,1176588.25,No,67.84,3.058,126.1602258,14.099,2010,May,5,Q2,21,28
28,2010-04-06,1543678.02,No,81.39,2.941,126.1360645,14.099,2010,April,4,Q2,14,6
28,2010-11-06,1348995.17,No,90.84,2.949,126.1119032,14.099,2010,November,11,Q4,44,6
28,2010-06-18,1267619.06,No,81.06,3.043,126.114,14.099,2010,June,6,Q2,24,18
28,2010-06-25,1231025.07,No,87.27,3.084,126.1266,14.099,2010,June,6,Q2,25,25
28,2010-02-07,1399960.15,No,91.98,3.105,126.1392,14.18,2010,February,2,Q1,5,7
28,2010-09-07,1340293.87,No,90.37,3.1,126.1518,14.18,2010,September,9,Q3,36,7
28,2010-07-16,1225336.41,No,97.18,3.094,126.1498065,14.18,2010,July,7,Q3,28,16
28,2010-07-23,1205884.98,No,99.22,3.112,126.1283548,14.18,2010,July,7,Q3,29,23
28,2010-07-30,1150204.71,No,96.31,3.017,126.1069032,14.18,2010,July,7,Q3,30,30
28,2010-06-08,1523101.38,No,92.95,3.123,126.0854516,14.18,2010,June,6,Q2,23,8
28,2010-08-13,1218688.09,No,87.01,3.159,126.064,14.18,2010,August,8,Q3,32,13
28,2010-08-20,1195897.6,No,92.81,3.041,126.0766452,14.18,2010,August,8,Q3,33,20
28,2010-08-27,1191585.92,No,93.19,3.129,126.0892903,14.18,2010,August,8,Q3,34,27
28,2010-03-09,1523410.71,No,83.12,3.087,126.1019355,14.18,2010,March,3,Q1,10,9
28,2010-10-09,1246062.17,Yes,83.63,3.044,126.1145806,14.18,2010,October,10,Q4,40,9
28,2010-09-17,1159812.35,No,82.45,3.028,126.1454667,14.18,2010,September,9,Q3,37,17
28,2010-09-24,1111797.21,No,81.77,2.939,126.1900333,14.18,2010,September,9,Q3,38,24
28,2010-01-10,1203080.41,No,85.2,3.001,126.2346,14.313,2010,January,1,Q1,1,10
28,2010-08-10,1334571.87,No,71.82,3.013,126.2791667,14.313,2010,August,8,Q3,32,10
28,2010-10-15,1158062.99,No,75.0,2.976,126.3266774,14.313,2010,October,10,Q4,41,15
28,2010-10-22,1120619.32,No,68.85,3.014,126.3815484,14.313,2010,October,10,Q4,42,22
28,2010-10-29,1231688.48,No,61.09,3.016,126.4364194,14.313,2010,October,10,Q4,43,29
28,2010-05-11,1501663.26,No,65.49,3.129,126.4912903,14.313,2010,May,5,Q2,19,11
28,2010-12-11,1266460.45,No,57.79,3.13,126.5461613,14.313,2010,December,12,Q4,49,11
28,2010-11-19,1179315.72,No,58.18,3.161,126.6072,14.313,2010,November,11,Q4,46,19
28,2010-11-26,1937033.5,Yes,47.66,3.162,126.6692667,14.313,2010,November,11,Q4,47,26
28,2010-03-12,1447916.29,No,43.33,3.041,126.7313333,14.313,2010,March,3,Q1,10,12
28,2010-10-12,1466164.49,No,50.01,3.203,126.7934,14.313,2010,October,10,Q4,41,12
28,2010-12-17,1510443.62,No,52.77,3.236,126.8794839,14.313,2010,December,12,Q4,50,17
28,2010-12-24,2026026.39,No,52.02,3.236,126.9835806,14.313,2010,December,12,Q4,51,24
28,2010-12-31,1090558.57,Yes,45.64,3.148,127.0876774,14.313,2010,December,12,Q4,52,31
28,2011-07-01,1402902.47,No,37.64,3.287,127.1917742,14.021,2011,July,7,Q3,26,1
28,2011-01-14,1098286.61,No,43.15,3.312,127.3009355,14.021,2011,January,1,Q1,2,14
28,2011-01-21,1079669.11,No,53.53,3.223,127.4404839,14.021,2011,January,1,Q1,3,21
28,2011-01-28,1127859.69,No,50.74,3.342,127.5800323,14.021,2011,January,1,Q1,4,28
28,2011-04-02,1564897.32,No,45.14,3.348,127.7195806,14.021,2011,April,4,Q2,13,2
28,2011-11-02,1397301.38,Yes,51.3,3.381,127.859129,14.021,2011,November,11,Q4,44,2
28,2011-02-18,1514828.82,No,53.35,3.43,127.99525,14.021,2011,February,2,Q1,7,18
28,2011-02-25,1311796.91,No,48.45,3.53,128.13,14.021,2011,February,2,Q1,8,25
28,2011-04-03,1723736.91,No,51.72,3.674,128.26475,14.021,2011,April,4,Q2,13,3
28,2011-11-03,1380836.35,No,57.75,3.818,128.3995,14.021,2011,November,11,Q4,44,3
28,2011-03-18,1286413.71,No,64.21,3.692,128.5121935,14.021,2011,March,3,Q1,11,18
28,2011-03-25,1201059.72,No,54.4,3.909,128.6160645,14.021,2011,March,3,Q1,12,25
28,2011-01-04,1336838.41,No,63.63,3.772,128.7199355,13.736,2011,January,1,Q1,1,4
28,2011-08-04,1414713.5,No,64.47,4.003,128.8238065,13.736,2011,August,8,Q3,31,4
28,2011-04-15,1240126.07,No,57.63,3.868,128.9107333,13.736,2011,April,4,Q2,15,15
28,2011-04-22,1297452.0,No,72.12,4.134,128.9553,13.736,2011,April,4,Q2,16,22
28,2011-04-29,1222367.9,No,68.27,4.151,128.9998667,13.736,2011,April,4,Q2,17,29
28,2011-06-05,1515890.38,No,68.4,4.193,129.0444333,13.736,2011,June,6,Q2,22,5
28,2011-05-13,1253316.3,No,70.93,4.202,129.089,13.736,2011,May,5,Q2,19,13
28,2011-05-20,1151282.31,No,66.59,4.169,129.0756774,13.736,2011,May,5,Q2,20,20
28,2011-05-27,1160043.98,No,76.67,4.087,129.0623548,13.736,2011,May,5,Q2,21,27
28,2011-03-06,1403779.25,No,71.81,4.031,129.0490323,13.736,2011,March,3,Q1,9,6
28,2011-10-06,1339972.83,No,78.72,3.981,129.0357097,13.736,2011,October,10,Q4,40,6
28,2011-06-17,1268503.49,No,86.84,3.935,129.0432,13.736,2011,June,6,Q2,24,17
28,2011-06-24,1208809.34,No,88.95,3.898,129.0663,13.736,2011,June,6,Q2,25,24
28,2011-01-07,1319054.57,No,89.85,3.842,129.0894,13.503,2011,January,1,Q1,1,7
28,2011-08-07,1459655.85,No,89.9,3.705,129.1125,13.503,2011,August,8,Q3,31,7
28,2011-07-15,1197373.13,No,88.1,3.692,129.1338387,13.503,2011,July,7,Q3,28,15
28,2011-07-22,1165870.54,No,91.17,3.794,129.1507742,13.503,2011,July,7,Q3,29,22
28,2011-07-29,1114530.29,No,93.29,3.805,129.1677097,13.503,2011,July,7,Q3,30,29
28,2011-05-08,1523870.89,No,90.61,3.803,129.1846452,13.503,2011,May,5,Q2,18,8
28,2011-12-08,1218764.94,No,91.04,3.701,129.2015806,13.503,2011,December,12,Q4,49,8
28,2011-08-19,1200019.74,No,91.74,3.743,129.2405806,13.503,2011,August,8,Q3,33,19
28,2011-08-26,1166479.51,No,94.61,3.74,129.2832581,13.503,2011,August,8,Q3,34,26
28,2011-02-09,1468871.49,No,93.66,3.798,129.3259355,13.503,2011,February,2,Q1,6,9
28,2011-09-09,1310087.0,Yes,88.0,3.913,129.3686129,13.503,2011,September,9,Q3,36,9
28,2011-09-16,1159212.1,No,76.36,3.918,129.4306,13.503,2011,September,9,Q3,37,16
28,2011-09-23,1109105.92,No,82.95,3.789,129.5183333,13.503,2011,September,9,Q3,38,23
28,2011-09-30,1120731.76,No,83.26,3.877,129.6060667,13.503,2011,September,9,Q3,39,30
28,2011-07-10,1557314.58,No,70.44,3.827,129.6938,12.89,2011,July,7,Q3,27,10
28,2011-10-14,1220984.94,No,67.31,3.805,129.7706452,12.89,2011,October,10,Q4,41,14
28,2011-10-21,1203172.05,No,73.05,3.842,129.7821613,12.89,2011,October,10,Q4,42,21
28,2011-10-28,1242746.06,No,67.41,3.727,129.7936774,12.89,2011,October,10,Q4,43,28
28,2011-04-11,1576654.67,No,59.77,3.828,129.8051935,12.89,2011,April,4,Q2,15,11
28,2011-11-11,1402654.95,No,48.76,3.824,129.8167097,12.89,2011,November,11,Q4,45,11
28,2011-11-18,1255081.22,No,54.2,3.813,129.8268333,12.89,2011,November,11,Q4,46,18
28,2011-11-25,1929738.27,Yes,53.25,3.622,129.8364,12.89,2011,November,11,Q4,47,25
28,2011-02-12,1368130.35,No,52.5,3.701,129.8459667,12.89,2011,February,2,Q1,6,12
28,2011-09-12,1467024.3,No,42.17,3.644,129.8555333,12.89,2011,September,9,Q3,37,12
28,2011-12-16,1429954.66,No,43.29,3.6,129.8980645,12.89,2011,December,12,Q4,50,16
28,2011-12-23,1796203.51,No,45.4,3.541,129.9845484,12.89,2011,December,12,Q4,51,23
28,2011-12-30,1270036.53,Yes,44.64,3.428,130.0710323,12.89,2011,December,12,Q4,52,30
28,2012-06-01,1466046.07,No,50.43,3.599,130.1575161,12.187,2012,June,6,Q2,22,1
28,2012-01-13,1161190.29,No,48.07,3.657,130.244,12.187,2012,January,1,Q1,2,13
28,2012-01-20,1129540.48,No,46.2,3.66,130.2792258,12.187,2012,January,1,Q1,3,20
28,2012-01-27,1132948.48,No,50.43,3.675,130.3144516,12.187,2012,January,1,Q1,4,27
28,2012-03-02,1531599.44,No,50.58,3.702,130.3496774,12.187,2012,March,3,Q1,9,2
28,2012-10-02,1572966.15,Yes,52.27,3.722,130.3849032,12.187,2012,October,10,Q4,40,2
28,2012-02-17,1501503.68,No,51.8,3.781,130.4546207,12.187,2012,February,2,Q1,7,17
28,2012-02-24,1323487.91,No,53.13,3.95,130.5502069,12.187,2012,February,2,Q1,8,24
28,2012-02-03,1451740.57,No,52.27,4.178,130.6457931,12.187,2012,February,2,Q1,5,3
28,2012-09-03,1680764.06,No,54.54,4.25,130.7413793,12.187,2012,September,9,Q3,36,3
28,2012-03-16,1337875.49,No,64.44,4.273,130.8261935,12.187,2012,March,3,Q1,11,16
28,2012-03-23,1216059.41,No,56.26,4.038,130.8966452,12.187,2012,March,3,Q1,12,23
28,2012-03-30,1209524.11,No,64.36,4.294,130.9670968,12.187,2012,March,3,Q1,13,30
28,2012-06-04,1559592.79,No,64.05,4.121,131.0375484,11.627,2012,June,6,Q2,23,4
28,2012-04-13,1290684.95,No,64.28,4.254,131.108,11.627,2012,April,4,Q2,15,13
28,2012-04-20,1180797.2,No,66.73,4.222,131.1173333,11.627,2012,April,4,Q2,16,20
28,2012-04-27,1170456.16,No,77.99,4.193,131.1266667,11.627,2012,April,4,Q2,17,27
28,2012-04-05,1450628.85,No,76.03,4.171,131.136,11.627,2012,April,4,Q2,14,5
28,2012-11-05,1264575.18,No,77.27,4.186,131.1453333,11.627,2012,November,11,Q4,45,5
28,2012-05-18,1213310.45,No,84.51,4.11,131.0983226,11.627,2012,May,5,Q2,20,18
28,2012-05-25,1151214.41,No,83.84,4.293,131.0287742,11.627,2012,May,5,Q2,21,25
28,2012-01-06,1245480.95,No,78.11,4.277,130.9592258,11.627,2012,January,1,Q1,1,6
28,2012-08-06,1440687.69,No,84.83,4.103,130.8896774,11.627,2012,August,8,Q3,32,6
28,2012-06-15,1229760.97,No,85.94,4.144,130.8295333,11.627,2012,June,6,Q2,24,15
28,2012-06-22,1180671.55,No,91.61,4.014,130.7929,11.627,2012,June,6,Q2,25,22
28,2012-06-29,1129031.98,No,90.47,3.875,130.7562667,11.627,2012,June,6,Q2,26,29
28,2012-06-07,1500863.54,No,89.13,3.765,130.7196333,10.926,2012,June,6,Q2,23,7
28,2012-07-13,1179915.04,No,95.61,3.723,130.683,10.926,2012,July,7,Q3,28,13
28,2012-07-20,1149427.48,No,85.53,3.726,130.7012903,10.926,2012,July,7,Q3,29,20
28,2012-07-27,1135035.09,No,93.47,3.769,130.7195806,10.926,2012,July,7,Q3,30,27
28,2012-03-08,1376520.1,No,88.16,3.76,130.737871,10.926,2012,March,3,Q1,10,8
28,2012-10-08,1269113.41,No,95.91,3.811,130.7561613,10.926,2012,October,10,Q4,41,8
28,2012-08-17,1184198.41,No,94.87,4.002,130.7909677,10.926,2012,August,8,Q3,33,17
28,2012-08-24,1199309.59,No,85.32,4.055,130.8381613,10.926,2012,August,8,Q3,34,24
28,2012-08-31,1227118.75,No,89.78,4.093,130.8853548,10.926,2012,August,8,Q3,35,31
28,2012-07-09,1469693.99,Yes,88.52,4.124,130.9325484,10.926,2012,July,7,Q3,28,9
28,2012-09-14,1124660.77,No,83.64,4.133,130.9776667,10.926,2012,September,9,Q3,37,14
28,2012-09-21,1135340.19,No,82.97,4.125,131.0103333,10.926,2012,September,9,Q3,38,21
28,2012-09-28,1129508.61,No,81.22,3.966,131.043,10.926,2012,September,9,Q3,39,28
28,2012-05-10,1462941.03,No,81.61,3.966,131.0756667,10.199,2012,May,5,Q2,19,10
28,2012-12-10,1205536.71,No,71.74,4.468,131.1083333,10.199,2012,December,12,Q4,50,10
28,2012-10-19,1143724.48,No,68.66,4.449,131.1499677,10.199,2012,October,10,Q4,42,19
28,2012-10-26,1213860.61,No,65.95,4.301,131.1930968,10.199,2012,October,10,Q4,43,26
29,2010-05-02,538634.46,No,24.36,2.788,131.5279032,10.064,2010,May,5,Q2,17,2
29,2010-12-02,529672.95,Yes,28.14,2.771,131.5866129,10.064,2010,December,12,Q4,48,2
29,2010-02-19,542399.07,No,31.96,2.747,131.637,10.064,2010,February,2,Q1,7,19
29,2010-02-26,488417.61,No,35.98,2.753,131.686,10.064,2010,February,2,Q1,8,26
29,2010-05-03,535087.91,No,36.82,2.766,131.735,10.064,2010,May,5,Q2,18,3
29,2010-12-03,519042.49,No,43.43,2.805,131.784,10.064,2010,December,12,Q4,48,3
29,2010-03-19,496851.6,No,46.03,2.834,131.8242903,10.064,2010,March,3,Q1,11,19
29,2010-03-26,552985.34,No,48.56,2.831,131.863129,10.064,2010,March,3,Q1,12,26
29,2010-02-04,599629.25,No,44.96,2.826,131.9019677,10.16,2010,February,2,Q1,5,4
29,2010-09-04,569937.23,No,57.06,2.849,131.9408065,10.16,2010,September,9,Q3,35,4
29,2010-04-16,509100.84,No,51.14,2.885,131.9809,10.16,2010,April,4,Q2,15,16
29,2010-04-23,505329.66,No,51.04,2.895,132.0226667,10.16,2010,April,4,Q2,16,23
29,2010-04-30,501013.47,No,50.96,2.935,132.0644333,10.16,2010,April,4,Q2,17,30
29,2010-07-05,568497.35,No,63.81,2.981,132.1062,10.16,2010,July,7,Q3,27,5
29,2010-05-14,518940.88,No,50.99,2.983,132.152129,10.16,2010,May,5,Q2,19,14
29,2010-05-21,502021.82,No,59.99,2.961,132.2230323,10.16,2010,May,5,Q2,20,21
29,2010-05-28,577627.66,No,65.64,2.906,132.2939355,10.16,2010,May,5,Q2,21,28
29,2010-04-06,588017.66,No,69.49,2.857,132.3648387,10.16,2010,April,4,Q2,14,6
29,2010-11-06,540716.58,No,65.01,2.83,132.4357419,10.16,2010,November,11,Q4,44,6
29,2010-06-18,558731.74,No,67.13,2.805,132.4733333,10.16,2010,June,6,Q2,24,18
29,2010-06-25,585548.79,No,74.37,2.81,132.4976,10.16,2010,June,6,Q2,25,25
29,2010-02-07,581473.55,No,72.88,2.815,132.5218667,10.409,2010,February,2,Q1,5,7
29,2010-09-07,563449.43,No,79.22,2.806,132.5461333,10.409,2010,September,9,Q3,36,7
29,2010-07-16,512292.01,No,76.3,2.796,132.5667742,10.409,2010,July,7,Q3,28,16
29,2010-07-23,506502.09,No,76.91,2.784,132.5825806,10.409,2010,July,7,Q3,29,23
29,2010-07-30,509872.77,No,76.35,2.792,132.5983871,10.409,2010,July,7,Q3,30,30
29,2010-06-08,519787.93,No,74.37,2.792,132.6141935,10.409,2010,June,6,Q2,23,8
29,2010-08-13,495269.0,No,74.75,2.81,132.63,10.409,2010,August,8,Q3,32,13
29,2010-08-20,531640.19,No,73.21,2.796,132.6616129,10.409,2010,August,8,Q3,33,20
29,2010-08-27,545766.13,No,68.99,2.77,132.6932258,10.409,2010,August,8,Q3,34,27
29,2010-03-09,579272.38,No,75.85,2.735,132.7248387,10.409,2010,March,3,Q1,10,9
29,2010-10-09,491290.37,Yes,68.6,2.717,132.7564516,10.409,2010,October,10,Q4,40,9
29,2010-09-17,463752.89,No,62.49,2.716,132.7670667,10.409,2010,September,9,Q3,37,17
29,2010-09-24,465338.41,No,65.14,2.718,132.7619333,10.409,2010,September,9,Q3,38,24
29,2010-01-10,474698.01,No,69.31,2.717,132.7568,10.524,2010,January,1,Q1,1,10
29,2010-08-10,530059.06,No,56.32,2.776,132.7516667,10.524,2010,August,8,Q3,32,10
29,2010-10-15,483011.69,No,55.23,2.878,132.7633548,10.524,2010,October,10,Q4,41,15
29,2010-10-22,505221.17,No,50.24,2.919,132.8170968,10.524,2010,October,10,Q4,42,22
29,2010-10-29,527058.59,No,57.73,2.938,132.8708387,10.524,2010,October,10,Q4,43,29
29,2010-05-11,521002.97,No,44.34,2.938,132.9245806,10.524,2010,May,5,Q2,19,11
29,2010-12-11,524450.7,No,44.42,2.961,132.9783226,10.524,2010,December,12,Q4,49,11
29,2010-11-19,508174.55,No,48.62,3.03,132.9172,10.524,2010,November,11,Q4,46,19
29,2010-11-26,975268.91,Yes,44.61,3.07,132.8369333,10.524,2010,November,11,Q4,47,26
29,2010-03-12,642678.53,No,39.42,3.065,132.7566667,10.524,2010,March,3,Q1,10,12
29,2010-10-12,713834.74,No,28.43,3.132,132.6764,10.524,2010,October,10,Q4,41,12
29,2010-12-17,850538.25,No,30.46,3.139,132.6804516,10.524,2010,December,12,Q4,50,17
29,2010-12-24,1130926.79,No,29.76,3.15,132.7477419,10.524,2010,December,12,Q4,51,24
29,2010-12-31,465992.02,Yes,28.49,3.177,132.8150323,10.524,2010,December,12,Q4,52,31
29,2011-07-01,455952.18,No,32.56,3.193,132.8823226,10.256,2011,July,7,Q3,26,1
29,2011-01-14,426905.26,No,24.76,3.215,132.9510645,10.256,2011,January,1,Q1,2,14
29,2011-01-21,445134.15,No,26.8,3.232,133.0285161,10.256,2011,January,1,Q1,3,21
29,2011-01-28,410426.97,No,20.61,3.243,133.1059677,10.256,2011,January,1,Q1,4,28
29,2011-04-02,504126.89,No,26.39,3.24,133.1834194,10.256,2011,April,4,Q2,13,2
29,2011-11-02,550387.78,Yes,28.89,3.255,133.260871,10.256,2011,November,11,Q4,44,2
29,2011-02-18,542529.21,No,35.34,3.263,133.3701429,10.256,2011,February,2,Q1,7,18
29,2011-02-25,483660.15,No,30.23,3.281,133.4921429,10.256,2011,February,2,Q1,8,25
29,2011-04-03,536031.67,No,33.52,3.437,133.6141429,10.256,2011,April,4,Q2,13,3
29,2011-11-03,493430.45,No,41.42,3.6,133.7361429,10.256,2011,November,11,Q4,44,3
29,2011-03-18,493653.43,No,43.38,3.634,133.8492258,10.256,2011,March,3,Q1,11,18
29,2011-03-25,478773.05,No,38.77,3.624,133.9587419,10.256,2011,March,3,Q1,12,25
29,2011-01-04,475615.26,No,36.04,3.638,134.0682581,9.966,2011,January,1,Q1,1,4
29,2011-08-04,505304.33,No,44.42,3.72,134.1777742,9.966,2011,August,8,Q3,31,4
29,2011-04-15,518245.97,No,48.88,3.823,134.2784667,9.966,2011,April,4,Q2,15,15
29,2011-04-22,589252.69,No,47.76,3.919,134.3571,9.966,2011,April,4,Q2,16,22
29,2011-04-29,493078.64,No,57.2,3.988,134.4357333,9.966,2011,April,4,Q2,17,29
29,2011-06-05,534372.53,No,53.63,4.078,134.5143667,9.966,2011,June,6,Q2,22,5
29,2011-05-13,549551.02,No,57.71,4.095,134.593,9.966,2011,May,5,Q2,19,13
29,2011-05-20,492932.51,No,58.56,4.101,134.6803871,9.966,2011,May,5,Q2,20,20
29,2011-05-27,550735.64,No,62.59,4.034,134.7677742,9.966,2011,May,5,Q2,21,27
29,2011-03-06,598251.57,No,70.09,3.973,134.8551613,9.966,2011,March,3,Q1,9,6
29,2011-10-06,558431.44,No,69.53,3.924,134.9425484,9.966,2011,October,10,Q4,40,6
29,2011-06-17,536914.17,No,63.97,3.873,135.0837333,9.966,2011,June,6,Q2,24,17
29,2011-06-24,545368.17,No,68.53,3.851,135.2652667,9.966,2011,June,6,Q2,25,24
29,2011-01-07,567114.6,No,70.8,3.815,135.4468,9.863,2011,January,1,Q1,1,7
29,2011-08-07,547586.07,No,74.22,3.784,135.6283333,9.863,2011,August,8,Q3,31,7
29,2011-07-15,505246.15,No,75.2,3.827,135.7837419,9.863,2011,July,7,Q3,28,15
29,2011-07-22,507335.75,No,77.79,3.882,135.8738387,9.863,2011,July,7,Q3,29,22
29,2011-07-29,474653.06,No,75.32,3.898,135.9639355,9.863,2011,July,7,Q3,30,29
29,2011-05-08,503486.37,No,75.33,3.903,136.0540323,9.863,2011,May,5,Q2,18,8
29,2011-12-08,471311.5,No,74.69,3.88,136.144129,9.863,2011,December,12,Q4,49,8
29,2011-08-19,498056.0,No,71.3,3.82,136.183129,9.863,2011,August,8,Q3,33,19
29,2011-08-26,608294.98,No,72.22,3.796,136.2136129,9.863,2011,August,8,Q3,34,26
29,2011-02-09,497085.91,No,69.16,3.784,136.2440968,9.863,2011,February,2,Q1,6,9
29,2011-09-09,505406.72,Yes,69.14,3.809,136.2745806,9.863,2011,September,9,Q3,36,9
29,2011-09-16,474129.35,No,68.08,3.809,136.3145,9.863,2011,September,9,Q3,37,16
29,2011-09-23,475696.37,No,62.36,3.758,136.367,9.863,2011,September,9,Q3,38,23
29,2011-09-30,446516.26,No,69.78,3.684,136.4195,9.863,2011,September,9,Q3,39,30
29,2011-07-10,514993.0,No,56.44,3.633,136.472,9.357,2011,July,7,Q3,27,10
29,2011-10-14,475776.45,No,62.63,3.583,136.5150968,9.357,2011,October,10,Q4,41,14
29,2011-10-21,505068.22,No,59.3,3.618,136.5017742,9.357,2011,October,10,Q4,42,21
29,2011-10-28,515119.64,No,49.31,3.604,136.4884516,9.357,2011,October,10,Q4,43,28
29,2011-04-11,620735.72,No,42.81,3.586,136.475129,9.357,2011,April,4,Q2,15,11
29,2011-11-11,531600.62,No,47.8,3.57,136.4618065,9.357,2011,November,11,Q4,45,11
29,2011-11-18,504601.29,No,50.62,3.571,136.4666667,9.357,2011,November,11,Q4,46,18
29,2011-11-25,913165.19,Yes,46.28,3.536,136.4788,9.357,2011,November,11,Q4,47,25
29,2011-02-12,579874.22,No,49.11,3.501,136.4909333,9.357,2011,February,2,Q1,6,12
29,2011-09-12,633240.53,No,45.35,3.47,136.5030667,9.357,2011,September,9,Q3,37,12
29,2011-12-16,736805.66,No,39.11,3.445,136.5335161,9.357,2011,December,12,Q4,50,16
29,2011-12-23,1016637.39,No,39.83,3.413,136.5883871,9.357,2011,December,12,Q4,51,23
29,2011-12-30,551743.05,Yes,36.28,3.402,136.6432581,9.357,2011,December,12,Q4,52,30
29,2012-06-01,469773.85,No,34.61,3.439,136.698129,8.988,2012,June,6,Q2,22,1
29,2012-01-13,444756.37,No,39.0,3.523,136.753,8.988,2012,January,1,Q1,2,13
29,2012-01-20,446863.31,No,29.16,3.542,136.8564194,8.988,2012,January,1,Q1,3,20
29,2012-01-27,395987.24,No,35.68,3.568,136.9598387,8.988,2012,January,1,Q1,4,27
29,2012-03-02,493159.35,No,40.58,3.633,137.0632581,8.988,2012,March,3,Q1,9,2
29,2012-10-02,545840.05,Yes,35.68,3.655,137.1666774,8.988,2012,October,10,Q4,40,2
29,2012-02-17,559606.91,No,36.25,3.703,137.2583103,8.988,2012,February,2,Q1,7,17
29,2012-02-24,488782.63,No,39.0,3.751,137.3411034,8.988,2012,February,2,Q1,8,24
29,2012-02-03,500801.72,No,37.47,3.827,137.4238966,8.988,2012,February,2,Q1,5,3
29,2012-09-03,504750.35,No,41.72,3.876,137.5066897,8.988,2012,September,9,Q3,36,3
29,2012-03-16,489293.72,No,46.06,3.867,137.5843871,8.988,2012,March,3,Q1,11,16
29,2012-03-23,517408.48,No,54.68,3.889,137.6552903,8.988,2012,March,3,Q1,12,23
29,2012-03-30,504566.28,No,46.4,3.921,137.7261935,8.988,2012,March,3,Q1,13,30
29,2012-06-04,633826.55,No,46.38,3.957,137.7970968,9.14,2012,June,6,Q2,23,4
29,2012-04-13,520493.83,No,49.89,4.025,137.868,9.14,2012,April,4,Q2,15,13
29,2012-04-20,525200.59,No,58.81,4.046,137.9230667,9.14,2012,April,4,Q2,16,20
29,2012-04-27,497250.22,No,51.42,4.023,137.9781333,9.14,2012,April,4,Q2,17,27
29,2012-04-05,504963.84,No,50.75,3.991,138.0332,9.14,2012,April,4,Q2,14,5
29,2012-11-05,529707.87,No,56.72,3.947,138.0882667,9.14,2012,November,11,Q4,45,5
29,2012-05-18,543706.04,No,61.9,3.899,138.1065806,9.14,2012,May,5,Q2,20,18
29,2012-05-25,549665.67,No,62.39,3.85,138.1101935,9.14,2012,May,5,Q2,21,25
29,2012-01-06,576252.35,No,70.01,3.798,138.1138065,9.14,2012,January,1,Q1,1,6
29,2012-08-06,554093.15,No,61.71,3.746,138.1174194,9.14,2012,August,8,Q3,32,6
29,2012-06-15,552338.76,No,66.56,3.683,138.1295333,9.14,2012,June,6,Q2,24,15
29,2012-06-22,581854.5,No,70.61,3.629,138.1629,9.14,2012,June,6,Q2,25,22
29,2012-06-29,555954.13,No,70.99,3.577,138.1962667,9.14,2012,June,6,Q2,26,29
29,2012-06-07,578832.41,No,77.41,3.538,138.2296333,9.419,2012,June,6,Q2,23,7
29,2012-07-13,514709.76,No,75.81,3.561,138.263,9.419,2012,July,7,Q3,28,13
29,2012-07-20,506705.36,No,76.57,3.61,138.2331935,9.419,2012,July,7,Q3,29,20
29,2012-07-27,475158.24,No,73.52,3.701,138.2033871,9.419,2012,July,7,Q3,30,27
29,2012-03-08,504754.74,No,72.99,3.698,138.1735806,9.419,2012,March,3,Q1,10,8
29,2012-10-08,518628.42,No,76.74,3.772,138.1437742,9.419,2012,October,10,Q4,41,8
29,2012-08-17,416881.66,No,74.92,3.84,138.1857097,9.419,2012,August,8,Q3,33,17
29,2012-08-24,615026.15,No,70.42,3.874,138.2814516,9.419,2012,August,8,Q3,34,24
29,2012-08-31,545844.91,No,71.93,3.884,138.3771935,9.419,2012,August,8,Q3,35,31
29,2012-07-09,540811.85,Yes,73.3,3.921,138.4729355,9.419,2012,July,7,Q3,28,9
29,2012-09-14,475127.18,No,66.42,3.988,138.5673,9.419,2012,September,9,Q3,37,14
29,2012-09-21,489079.23,No,63.38,4.056,138.6534,9.419,2012,September,9,Q3,38,21
29,2012-09-28,489674.23,No,62.17,4.018,138.7395,9.419,2012,September,9,Q3,39,28
29,2012-05-10,520632.8,No,62.09,4.027,138.8256,9.151,2012,May,5,Q2,19,10
29,2012-12-10,513737.0,No,54.18,4.029,138.9117,9.151,2012,December,12,Q4,50,10
29,2012-10-19,516909.24,No,55.28,4.0,138.8336129,9.151,2012,October,10,Q4,42,19
29,2012-10-26,534970.68,No,57.58,3.917,138.7281613,9.151,2012,October,10,Q4,43,26
30,2010-05-02,465108.52,No,39.05,2.572,210.7526053,8.324,2010,May,5,Q2,17,2
30,2010-12-02,497374.57,Yes,37.77,2.548,210.8979935,8.324,2010,December,12,Q4,48,2
30,2010-02-19,463513.26,No,39.75,2.514,210.9451605,8.324,2010,February,2,Q1,7,19
30,2010-02-26,472330.71,No,45.31,2.561,210.9759573,8.324,2010,February,2,Q1,8,26
30,2010-05-03,472591.07,No,48.61,2.625,211.0067542,8.324,2010,May,5,Q2,18,3
30,2010-12-03,468189.93,No,57.1,2.667,211.037551,8.324,2010,December,12,Q4,48,3
30,2010-03-19,445736.36,No,54.68,2.72,210.8733316,8.324,2010,March,3,Q1,11,19
30,2010-03-26,442457.35,No,51.66,2.732,210.6766095,8.324,2010,March,3,Q1,12,26
30,2010-02-04,457884.06,No,64.12,2.719,210.4798874,8.2,2010,February,2,Q1,5,4
30,2010-09-04,454800.96,No,65.74,2.77,210.2831653,8.2,2010,September,9,Q3,35,4
30,2010-04-16,471054.16,No,67.87,2.808,210.1495463,8.2,2010,April,4,Q2,15,16
30,2010-04-23,462454.39,No,64.21,2.795,210.1000648,8.2,2010,April,4,Q2,16,23
30,2010-04-30,456140.34,No,66.93,2.78,210.0505833,8.2,2010,April,4,Q2,17,30
30,2010-07-05,457883.94,No,70.87,2.835,210.0011018,8.2,2010,July,7,Q3,27,5
30,2010-05-14,461868.09,No,73.08,2.854,209.9984585,8.2,2010,May,5,Q2,19,14
30,2010-05-21,455751.84,No,74.24,2.826,210.2768443,8.2,2010,May,5,Q2,20,21
30,2010-05-28,462474.16,No,80.94,2.759,210.5552301,8.2,2010,May,5,Q2,21,28
30,2010-04-06,458343.7,No,82.68,2.705,210.833616,8.2,2010,April,4,Q2,14,6
30,2010-11-06,445530.16,No,83.51,2.668,211.1120018,8.2,2010,November,11,Q4,44,6
30,2010-06-18,447727.52,No,86.18,2.637,211.1096543,8.2,2010,June,6,Q2,24,18
30,2010-06-25,453210.24,No,87.01,2.653,210.9950134,8.2,2010,June,6,Q2,25,25
30,2010-02-07,450337.47,No,82.29,2.669,210.8803726,8.099,2010,February,2,Q1,5,7
30,2010-09-07,436293.4,No,81.67,2.642,210.7657317,8.099,2010,September,9,Q3,36,7
30,2010-07-16,438068.71,No,85.61,2.623,210.7577954,8.099,2010,July,7,Q3,28,16
30,2010-07-23,440491.33,No,87.17,2.608,210.8921319,8.099,2010,July,7,Q3,29,23
30,2010-07-30,437893.76,No,83.59,2.64,211.0264684,8.099,2010,July,7,Q3,30,30
30,2010-06-08,441407.06,No,90.3,2.627,211.1608049,8.099,2010,June,6,Q2,23,8
30,2010-08-13,444160.07,No,89.65,2.692,211.2951413,8.099,2010,August,8,Q3,32,13
30,2010-08-20,447139.8,No,89.58,2.664,211.2596586,8.099,2010,August,8,Q3,33,20
30,2010-08-27,443810.78,No,86.2,2.619,211.2241759,8.099,2010,August,8,Q3,34,27
30,2010-03-09,461548.98,No,82.57,2.577,211.1886931,8.099,2010,March,3,Q1,10,9
30,2010-10-09,455162.92,Yes,79.3,2.565,211.1532104,8.099,2010,October,10,Q4,40,9
30,2010-09-17,462058.19,No,83.03,2.582,211.1806415,8.099,2010,September,9,Q3,37,17
30,2010-09-24,448392.17,No,80.79,2.624,211.2552578,8.099,2010,September,9,Q3,38,24
30,2010-01-10,445475.3,No,70.28,2.603,211.3298742,8.163,2010,January,1,Q1,1,10
30,2010-08-10,462080.47,No,65.76,2.633,211.4044906,8.163,2010,August,8,Q3,32,10
30,2010-10-15,453943.89,No,68.61,2.72,211.4713286,8.163,2010,October,10,Q4,41,15
30,2010-10-22,459631.74,No,70.72,2.725,211.5187208,8.163,2010,October,10,Q4,42,22
30,2010-10-29,438334.39,No,67.51,2.716,211.5661131,8.163,2010,October,10,Q4,43,29
30,2010-05-11,484661.87,No,58.71,2.689,211.6135053,8.163,2010,May,5,Q2,19,11
30,2010-12-11,431266.64,No,60.95,2.728,211.6608975,8.163,2010,December,12,Q4,49,11
30,2010-11-19,423707.69,No,51.71,2.771,211.5470304,8.163,2010,November,11,Q4,46,19
30,2010-11-26,462732.36,Yes,62.96,2.735,211.4062867,8.163,2010,November,11,Q4,47,26
30,2010-03-12,407112.22,No,50.43,2.708,211.265543,8.163,2010,March,3,Q1,10,12
30,2010-10-12,428631.91,No,46.35,2.843,211.1247993,8.163,2010,October,10,Q4,41,12
30,2010-12-17,445332.28,No,48.63,2.869,211.0645458,8.163,2010,December,12,Q4,50,17
30,2010-12-24,519354.88,No,51.29,2.886,211.0646599,8.163,2010,December,12,Q4,51,24
30,2010-12-31,397631.02,Yes,47.19,2.943,211.064774,8.163,2010,December,12,Q4,52,31
30,2011-07-01,451077.21,No,44.24,2.976,211.0648881,8.028,2011,July,7,Q3,26,1
30,2011-01-14,465408.72,No,34.14,2.983,211.1176713,8.028,2011,January,1,Q1,2,14
30,2011-01-21,439132.62,No,42.72,3.016,211.4864691,8.028,2011,January,1,Q1,3,21
30,2011-01-28,425989.04,No,44.04,3.01,211.8552668,8.028,2011,January,1,Q1,4,28
30,2011-04-02,490970.95,No,36.33,2.989,212.2240646,8.028,2011,April,4,Q2,13,2
30,2011-11-02,470921.24,Yes,34.61,3.022,212.5928624,8.028,2011,November,11,Q4,44,2
30,2011-02-18,417070.51,No,59.87,3.045,212.9033115,8.028,2011,February,2,Q1,7,18
30,2011-02-25,432687.97,No,61.27,3.065,213.190421,8.028,2011,February,2,Q1,8,25
30,2011-04-03,443334.71,No,59.52,3.288,213.4775305,8.028,2011,April,4,Q2,13,3
30,2011-11-03,438529.81,No,54.69,3.459,213.7646401,8.028,2011,November,11,Q4,44,3
30,2011-03-18,425470.84,No,63.26,3.488,214.0156238,8.028,2011,March,3,Q1,11,18
30,2011-03-25,431754.01,No,70.33,3.473,214.2521573,8.028,2011,March,3,Q1,12,25
30,2011-01-04,437926.79,No,56.36,3.524,214.4886908,7.931,2011,January,1,Q1,1,4
30,2011-08-04,443889.5,No,68.62,3.622,214.7252242,7.931,2011,August,8,Q3,31,4
30,2011-04-15,426666.92,No,71.01,3.743,214.9420631,7.931,2011,April,4,Q2,15,15
30,2011-04-22,445358.73,No,70.79,3.807,215.1096657,7.931,2011,April,4,Q2,16,22
30,2011-04-29,423687.2,No,70.19,3.81,215.2772683,7.931,2011,April,4,Q2,17,29
30,2011-06-05,438789.52,No,61.87,3.906,215.4448709,7.931,2011,June,6,Q2,22,5
30,2011-05-13,424614.59,No,75.04,3.899,215.6124735,7.931,2011,May,5,Q2,19,13
30,2011-05-20,435102.2,No,68.36,3.907,215.3834778,7.931,2011,May,5,Q2,20,20
30,2011-05-27,429305.82,No,76.86,3.786,215.1544822,7.931,2011,May,5,Q2,21,27
30,2011-03-06,432808.48,No,83.82,3.699,214.9254865,7.931,2011,March,3,Q1,9,6
30,2011-10-06,424697.05,No,84.71,3.648,214.6964908,7.931,2011,October,10,Q4,40,6
30,2011-06-17,435481.03,No,87.54,3.637,214.6513538,7.931,2011,June,6,Q2,24,17
30,2011-06-24,422715.74,No,85.72,3.594,214.7441108,7.931,2011,June,6,Q2,25,24
30,2011-01-07,428782.38,No,87.57,3.524,214.8368678,7.852,2011,January,1,Q1,1,7
30,2011-08-07,419764.37,No,89.16,3.48,214.9296249,7.852,2011,August,8,Q3,31,7
30,2011-07-15,420515.63,No,91.05,3.575,215.0134426,7.852,2011,July,7,Q3,28,15
30,2011-07-22,423441.76,No,90.27,3.651,215.0749122,7.852,2011,July,7,Q3,29,22
30,2011-07-29,414245.96,No,91.56,3.682,215.1363819,7.852,2011,July,7,Q3,30,29
30,2011-05-08,431798.64,No,94.22,3.684,215.1978515,7.852,2011,May,5,Q2,18,8
30,2011-12-08,412224.67,No,92.32,3.638,215.2593211,7.852,2011,December,12,Q4,49,8
30,2011-08-19,414450.61,No,90.11,3.554,215.3229307,7.852,2011,August,8,Q3,33,19
30,2011-08-26,387944.83,No,92.07,3.523,215.386897,7.852,2011,August,8,Q3,34,26
30,2011-02-09,369722.32,No,91.94,3.533,215.4508632,7.852,2011,February,2,Q1,6,9
30,2011-09-09,370897.82,Yes,78.87,3.546,215.5148295,7.852,2011,September,9,Q3,36,9
30,2011-09-16,382914.66,No,80.62,3.526,215.6944378,7.852,2011,September,9,Q3,37,16
30,2011-09-23,391837.56,No,75.68,3.467,216.0282356,7.852,2011,September,9,Q3,38,23
30,2011-09-30,387001.13,No,78.91,3.355,216.3620333,7.852,2011,September,9,Q3,39,30
30,2011-07-10,417528.26,No,71.64,3.285,216.6958311,7.441,2011,July,7,Q3,27,10
30,2011-10-14,410711.99,No,69.79,3.274,217.0048261,7.441,2011,October,10,Q4,41,14
30,2011-10-21,428958.53,No,65.16,3.353,217.1650042,7.441,2011,October,10,Q4,42,21
30,2011-10-28,426151.88,No,65.46,3.372,217.3251824,7.441,2011,October,10,Q4,43,28
30,2011-04-11,432359.04,No,56.01,3.332,217.4853605,7.441,2011,April,4,Q2,15,11
30,2011-11-11,409686.63,No,59.8,3.297,217.6455387,7.441,2011,November,11,Q4,45,11
30,2011-11-18,436462.63,No,61.9,3.308,217.8670218,7.441,2011,November,11,Q4,46,18
30,2011-11-25,452163.93,Yes,56.43,3.236,218.1130269,7.441,2011,November,11,Q4,47,25
30,2011-02-12,412385.75,No,48.72,3.172,218.3590319,7.441,2011,February,2,Q1,6,12
30,2011-09-12,436741.02,No,41.44,3.158,218.605037,7.441,2011,September,9,Q3,37,12
30,2011-12-16,441265.08,No,50.56,3.159,218.8217928,7.441,2011,December,12,Q4,50,16
30,2011-12-23,492022.68,No,46.54,3.112,218.9995495,7.441,2011,December,12,Q4,51,23
30,2011-12-30,376777.45,Yes,45.16,3.129,219.1773063,7.441,2011,December,12,Q4,52,30
30,2012-06-01,457030.86,No,48.1,3.157,219.355063,7.057,2012,June,6,Q2,22,1
30,2012-01-13,447023.91,No,45.0,3.261,219.5328198,7.057,2012,January,1,Q1,2,13
30,2012-01-20,438760.62,No,52.21,3.268,219.6258417,7.057,2012,January,1,Q1,3,20
30,2012-01-27,433037.66,No,50.79,3.29,219.7188636,7.057,2012,January,1,Q1,4,27
30,2012-03-02,434080.74,No,55.83,3.36,219.8118854,7.057,2012,March,3,Q1,9,2
30,2012-10-02,451365.99,Yes,46.52,3.409,219.9049073,7.057,2012,October,10,Q4,40,2
30,2012-02-17,435109.11,No,45.03,3.51,220.0651993,7.057,2012,February,2,Q1,7,17
30,2012-02-24,425215.71,No,54.81,3.555,220.275944,7.057,2012,February,2,Q1,8,24
30,2012-02-03,438640.61,No,59.3,3.63,220.4866886,7.057,2012,February,2,Q1,5,3
30,2012-09-03,446617.89,No,57.16,3.669,220.6974332,7.057,2012,September,9,Q3,36,3
30,2012-03-16,413617.45,No,63.39,3.734,220.8498468,7.057,2012,March,3,Q1,11,16
30,2012-03-23,430222.97,No,62.96,3.787,220.9244858,7.057,2012,March,3,Q1,12,23
30,2012-03-30,449603.91,No,67.87,3.845,220.9991248,7.057,2012,March,3,Q1,13,30
30,2012-06-04,461511.92,No,69.02,3.891,221.0737638,6.891,2012,June,6,Q2,23,4
30,2012-04-13,428784.7,No,69.03,3.891,221.1484028,6.891,2012,April,4,Q2,15,13
30,2012-04-20,462909.41,No,66.97,3.877,221.2021074,6.891,2012,April,4,Q2,16,20
30,2012-04-27,433744.83,No,69.21,3.814,221.255812,6.891,2012,April,4,Q2,17,27
30,2012-04-05,454477.54,No,77.53,3.749,221.3095166,6.891,2012,April,4,Q2,14,5
30,2012-11-05,436070.45,No,74.14,3.688,221.3632212,6.891,2012,November,11,Q4,45,5
30,2012-05-18,460945.14,No,72.42,3.63,221.380331,6.891,2012,May,5,Q2,20,18
30,2012-05-25,449355.91,No,79.49,3.561,221.3828029,6.891,2012,May,5,Q2,21,25
30,2012-01-06,427021.18,No,79.24,3.501,221.3852748,6.891,2012,January,1,Q1,1,6
30,2012-08-06,437222.94,No,79.47,3.452,221.3877467,6.891,2012,August,8,Q3,32,6
30,2012-06-15,438523.24,No,81.51,3.393,221.4009901,6.891,2012,June,6,Q2,24,15
30,2012-06-22,428554.63,No,81.78,3.346,221.4411622,6.891,2012,June,6,Q2,25,22
30,2012-06-29,423192.4,No,88.05,3.286,221.4813343,6.891,2012,June,6,Q2,26,29
30,2012-06-07,440553.42,No,85.26,3.227,221.5215064,6.565,2012,June,6,Q2,23,7
30,2012-07-13,417640.34,No,82.51,3.256,221.5616784,6.565,2012,July,7,Q3,28,13
30,2012-07-20,427491.04,No,84.25,3.311,221.5701123,6.565,2012,July,7,Q3,29,20
30,2012-07-27,424581.17,No,88.09,3.407,221.5785461,6.565,2012,July,7,Q3,30,27
30,2012-03-08,425136.55,No,91.57,3.417,221.5869799,6.565,2012,March,3,Q1,10,8
30,2012-10-08,430878.28,No,89.57,3.494,221.5954138,6.565,2012,October,10,Q4,41,8
30,2012-08-17,423351.15,No,85.55,3.571,221.6751459,6.565,2012,August,8,Q3,33,17
30,2012-08-24,425296.65,No,77.72,3.62,221.8083518,6.565,2012,August,8,Q3,34,24
30,2012-08-31,439132.5,No,83.58,3.638,221.9415576,6.565,2012,August,8,Q3,35,31
30,2012-07-09,433565.77,Yes,88.4,3.73,222.0747635,6.565,2012,July,7,Q3,28,9
30,2012-09-14,437773.31,No,76.1,3.717,222.2174395,6.565,2012,September,9,Q3,37,14
30,2012-09-21,443891.64,No,71.54,3.721,222.4169362,6.565,2012,September,9,Q3,38,21
30,2012-09-28,425410.04,No,80.38,3.666,222.6164329,6.565,2012,September,9,Q3,39,28
30,2012-05-10,446751.45,No,70.28,3.617,222.8159296,6.17,2012,May,5,Q2,19,10
30,2012-12-10,434593.26,No,61.53,3.601,223.0154263,6.17,2012,December,12,Q4,50,10
30,2012-10-19,437537.29,No,68.52,3.594,223.0598077,6.17,2012,October,10,Q4,42,19
30,2012-10-26,439424.5,No,70.5,3.506,223.0783366,6.17,2012,October,10,Q4,43,26
31,2010-05-02,1469252.05,No,39.05,2.572,210.7526053,8.324,2010,May,5,Q2,17,2
31,2010-12-02,1543947.23,Yes,37.77,2.548,210.8979935,8.324,2010,December,12,Q4,48,2
31,2010-02-19,1473386.75,No,39.75,2.514,210.9451605,8.324,2010,February,2,Q1,7,19
31,2010-02-26,1344354.41,No,45.31,2.561,210.9759573,8.324,2010,February,2,Q1,8,26
31,2010-05-03,1384870.51,No,48.61,2.625,211.0067542,8.324,2010,May,5,Q2,18,3
31,2010-12-03,1366193.35,No,57.1,2.667,211.037551,8.324,2010,December,12,Q4,48,3
31,2010-03-19,1332261.01,No,54.68,2.72,210.8733316,8.324,2010,March,3,Q1,11,19
31,2010-03-26,1229635.7,No,51.66,2.732,210.6766095,8.324,2010,March,3,Q1,12,26
31,2010-02-04,1357600.68,No,64.12,2.719,210.4798874,8.2,2010,February,2,Q1,5,4
31,2010-09-04,1395710.09,No,65.74,2.77,210.2831653,8.2,2010,September,9,Q3,35,4
31,2010-04-16,1367448.28,No,67.87,2.808,210.1495463,8.2,2010,April,4,Q2,15,16
31,2010-04-23,1280465.8,No,64.21,2.795,210.1000648,8.2,2010,April,4,Q2,16,23
31,2010-04-30,1243200.24,No,66.93,2.78,210.0505833,8.2,2010,April,4,Q2,17,30
31,2010-07-05,1381796.8,No,70.87,2.835,210.0011018,8.2,2010,July,7,Q3,27,5
31,2010-05-14,1287288.59,No,73.08,2.854,209.9984585,8.2,2010,May,5,Q2,19,14
31,2010-05-21,1337405.6,No,74.24,2.826,210.2768443,8.2,2010,May,5,Q2,20,21
31,2010-05-28,1309437.17,No,80.94,2.759,210.5552301,8.2,2010,May,5,Q2,21,28
31,2010-04-06,1427624.5,No,82.68,2.705,210.833616,8.2,2010,April,4,Q2,14,6
31,2010-11-06,1377092.33,No,83.51,2.668,211.1120018,8.2,2010,November,11,Q4,44,6
31,2010-06-18,1368090.08,No,86.18,2.637,211.1096543,8.2,2010,June,6,Q2,24,18
31,2010-06-25,1303523.73,No,87.01,2.653,210.9950134,8.2,2010,June,6,Q2,25,25
31,2010-02-07,1311704.92,No,82.29,2.669,210.8803726,8.099,2010,February,2,Q1,5,7
31,2010-09-07,1315118.4,No,81.67,2.642,210.7657317,8.099,2010,September,9,Q3,36,7
31,2010-07-16,1335433.72,No,85.61,2.623,210.7577954,8.099,2010,July,7,Q3,28,16
31,2010-07-23,1276031.84,No,87.17,2.608,210.8921319,8.099,2010,July,7,Q3,29,23
31,2010-07-30,1231993.14,No,83.59,2.64,211.0264684,8.099,2010,July,7,Q3,30,30
31,2010-06-08,1352401.08,No,90.3,2.627,211.1608049,8.099,2010,June,6,Q2,23,8
31,2010-08-13,1327719.34,No,89.65,2.692,211.2951413,8.099,2010,August,8,Q3,32,13
31,2010-08-20,1376571.21,No,89.58,2.664,211.2596586,8.099,2010,August,8,Q3,33,20
31,2010-08-27,1326621.98,No,86.2,2.619,211.2241759,8.099,2010,August,8,Q3,34,27
31,2010-03-09,1302047.48,No,82.57,2.577,211.1886931,8.099,2010,March,3,Q1,10,9
31,2010-10-09,1308179.02,Yes,79.3,2.565,211.1532104,8.099,2010,October,10,Q4,40,9
31,2010-09-17,1294105.01,No,83.03,2.582,211.1806415,8.099,2010,September,9,Q3,37,17
31,2010-09-24,1230250.25,No,80.79,2.624,211.2552578,8.099,2010,September,9,Q3,38,24
31,2010-01-10,1213981.64,No,70.28,2.603,211.3298742,8.163,2010,January,1,Q1,1,10
31,2010-08-10,1300131.68,No,65.76,2.633,211.4044906,8.163,2010,August,8,Q3,32,10
31,2010-10-15,1265852.43,No,68.61,2.72,211.4713286,8.163,2010,October,10,Q4,41,15
31,2010-10-22,1262289.29,No,70.72,2.725,211.5187208,8.163,2010,October,10,Q4,42,22
31,2010-10-29,1257921.28,No,67.51,2.716,211.5661131,8.163,2010,October,10,Q4,43,29
31,2010-05-11,1324455.72,No,58.71,2.689,211.6135053,8.163,2010,May,5,Q2,19,11
31,2010-12-11,1352780.76,No,60.95,2.728,211.6608975,8.163,2010,December,12,Q4,49,11
31,2010-11-19,1359158.57,No,51.71,2.771,211.5470304,8.163,2010,November,11,Q4,46,19
31,2010-11-26,1858856.06,Yes,62.96,2.735,211.4062867,8.163,2010,November,11,Q4,47,26
31,2010-03-12,1338716.37,No,50.43,2.708,211.265543,8.163,2010,March,3,Q1,10,12
31,2010-10-12,1475685.1,No,46.35,2.843,211.1247993,8.163,2010,October,10,Q4,41,12
31,2010-12-17,1714667.0,No,48.63,2.869,211.0645458,8.163,2010,December,12,Q4,50,17
31,2010-12-24,2068942.97,No,51.29,2.886,211.0646599,8.163,2010,December,12,Q4,51,24
31,2010-12-31,1198071.6,Yes,47.19,2.943,211.064774,8.163,2010,December,12,Q4,52,31
31,2011-07-01,1311986.87,No,44.24,2.976,211.0648881,8.028,2011,July,7,Q3,26,1
31,2011-01-14,1350730.31,No,34.14,2.983,211.1176713,8.028,2011,January,1,Q1,2,14
31,2011-01-21,1344167.13,No,42.72,3.016,211.4864691,8.028,2011,January,1,Q1,3,21
31,2011-01-28,1254955.68,No,44.04,3.01,211.8552668,8.028,2011,January,1,Q1,4,28
31,2011-04-02,1443206.46,No,36.33,2.989,212.2240646,8.028,2011,April,4,Q2,13,2
31,2011-11-02,1539230.32,Yes,34.61,3.022,212.5928624,8.028,2011,November,11,Q4,44,2
31,2011-02-18,1539063.91,No,59.87,3.045,212.9033115,8.028,2011,February,2,Q1,7,18
31,2011-02-25,1365678.22,No,61.27,3.065,213.190421,8.028,2011,February,2,Q1,8,25
31,2011-04-03,1412721.18,No,59.52,3.288,213.4775305,8.028,2011,April,4,Q2,13,3
31,2011-11-03,1405572.93,No,54.69,3.459,213.7646401,8.028,2011,November,11,Q4,44,3
31,2011-03-18,1425559.02,No,63.26,3.488,214.0156238,8.028,2011,March,3,Q1,11,18
31,2011-03-25,1357036.1,No,70.33,3.473,214.2521573,8.028,2011,March,3,Q1,12,25
31,2011-01-04,1344890.73,No,56.36,3.524,214.4886908,7.931,2011,January,1,Q1,1,4
31,2011-08-04,1416790.17,No,68.62,3.622,214.7252242,7.931,2011,August,8,Q3,31,4
31,2011-04-15,1408464.08,No,71.01,3.743,214.9420631,7.931,2011,April,4,Q2,15,15
31,2011-04-22,1461393.91,No,70.79,3.807,215.1096657,7.931,2011,April,4,Q2,16,22
31,2011-04-29,1331137.96,No,70.19,3.81,215.2772683,7.931,2011,April,4,Q2,17,29
31,2011-06-05,1388755.61,No,61.87,3.906,215.4448709,7.931,2011,June,6,Q2,22,5
31,2011-05-13,1408118.22,No,75.04,3.899,215.6124735,7.931,2011,May,5,Q2,19,13
31,2011-05-20,1387365.19,No,68.36,3.907,215.3834778,7.931,2011,May,5,Q2,20,20
31,2011-05-27,1342273.64,No,76.86,3.786,215.1544822,7.931,2011,May,5,Q2,21,27
31,2011-03-06,1430348.1,No,83.82,3.699,214.9254865,7.931,2011,March,3,Q1,9,6
31,2011-10-06,1425299.37,No,84.71,3.648,214.6964908,7.931,2011,October,10,Q4,40,6
31,2011-06-17,1491039.14,No,87.54,3.637,214.6513538,7.931,2011,June,6,Q2,24,17
31,2011-06-24,1375962.46,No,85.72,3.594,214.7441108,7.931,2011,June,6,Q2,25,24
31,2011-01-07,1371889.27,No,87.57,3.524,214.8368678,7.852,2011,January,1,Q1,1,7
31,2011-08-07,1423144.47,No,89.16,3.48,214.9296249,7.852,2011,August,8,Q3,31,7
31,2011-07-15,1415473.91,No,91.05,3.575,215.0134426,7.852,2011,July,7,Q3,28,15
31,2011-07-22,1401944.8,No,90.27,3.651,215.0749122,7.852,2011,July,7,Q3,29,22
31,2011-07-29,1308122.15,No,91.56,3.682,215.1363819,7.852,2011,July,7,Q3,30,29
31,2011-05-08,1428993.33,No,94.22,3.684,215.1978515,7.852,2011,May,5,Q2,18,8
31,2011-12-08,1443311.49,No,92.32,3.638,215.2593211,7.852,2011,December,12,Q4,49,8
31,2011-08-19,1487542.53,No,90.11,3.554,215.3229307,7.852,2011,August,8,Q3,33,19
31,2011-08-26,1417267.07,No,92.07,3.523,215.386897,7.852,2011,August,8,Q3,34,26
31,2011-02-09,1385769.03,No,91.94,3.533,215.4508632,7.852,2011,February,2,Q1,6,9
31,2011-09-09,1376670.27,Yes,78.87,3.546,215.5148295,7.852,2011,September,9,Q3,36,9
31,2011-09-16,1363460.86,No,80.62,3.526,215.6944378,7.852,2011,September,9,Q3,37,16
31,2011-09-23,1347607.74,No,75.68,3.467,216.0282356,7.852,2011,September,9,Q3,38,23
31,2011-09-30,1285534.74,No,78.91,3.355,216.3620333,7.852,2011,September,9,Q3,39,30
31,2011-07-10,1427383.24,No,71.64,3.285,216.6958311,7.441,2011,July,7,Q3,27,10
31,2011-10-14,1378340.18,No,69.79,3.274,217.0048261,7.441,2011,October,10,Q4,41,14
31,2011-10-21,1409310.4,No,65.16,3.353,217.1650042,7.441,2011,October,10,Q4,42,21
31,2011-10-28,1346862.72,No,65.46,3.372,217.3251824,7.441,2011,October,10,Q4,43,28
31,2011-04-11,1426405.46,No,56.01,3.332,217.4853605,7.441,2011,April,4,Q2,15,11
31,2011-11-11,1444783.64,No,59.8,3.297,217.6455387,7.441,2011,November,11,Q4,45,11
31,2011-11-18,1445174.79,No,61.9,3.308,217.8670218,7.441,2011,November,11,Q4,46,18
31,2011-11-25,1934099.65,Yes,56.43,3.236,218.1130269,7.441,2011,November,11,Q4,47,25
31,2011-02-12,1388809.43,No,48.72,3.172,218.3590319,7.441,2011,February,2,Q1,6,12
31,2011-09-12,1556798.94,No,41.44,3.158,218.605037,7.441,2011,September,9,Q3,37,12
31,2011-12-16,1611196.61,No,50.56,3.159,218.8217928,7.441,2011,December,12,Q4,50,16
31,2011-12-23,2026176.14,No,46.54,3.112,218.9995495,7.441,2011,December,12,Q4,51,23
31,2011-12-30,1355405.95,Yes,45.16,3.129,219.1773063,7.441,2011,December,12,Q4,52,30
31,2012-06-01,1401232.52,No,48.1,3.157,219.355063,7.057,2012,June,6,Q2,22,1
31,2012-01-13,1377485.12,No,45.0,3.261,219.5328198,7.057,2012,January,1,Q1,2,13
31,2012-01-20,1372504.9,No,52.21,3.268,219.6258417,7.057,2012,January,1,Q1,3,20
31,2012-01-27,1259941.48,No,50.79,3.29,219.7188636,7.057,2012,January,1,Q1,4,27
31,2012-03-02,1391479.91,No,55.83,3.36,219.8118854,7.057,2012,March,3,Q1,9,2
31,2012-10-02,1527688.58,Yes,46.52,3.409,219.9049073,7.057,2012,October,10,Q4,40,2
31,2012-02-17,1570813.52,No,45.03,3.51,220.0651993,7.057,2012,February,2,Q1,7,17
31,2012-02-24,1392543.37,No,54.81,3.555,220.275944,7.057,2012,February,2,Q1,8,24
31,2012-02-03,1427881.22,No,59.3,3.63,220.4866886,7.057,2012,February,2,Q1,5,3
31,2012-09-03,1439034.86,No,57.16,3.669,220.6974332,7.057,2012,September,9,Q3,36,3
31,2012-03-16,1481728.13,No,63.39,3.734,220.8498468,7.057,2012,March,3,Q1,11,16
31,2012-03-23,1365824.97,No,62.96,3.787,220.9244858,7.057,2012,March,3,Q1,12,23
31,2012-03-30,1318854.22,No,67.87,3.845,220.9991248,7.057,2012,March,3,Q1,13,30
31,2012-06-04,1496169.81,No,69.02,3.891,221.0737638,6.891,2012,June,6,Q2,23,4
31,2012-04-13,1407842.91,No,69.03,3.891,221.1484028,6.891,2012,April,4,Q2,15,13
31,2012-04-20,1407036.59,No,66.97,3.877,221.2021074,6.891,2012,April,4,Q2,16,20
31,2012-04-27,1311352.25,No,69.21,3.814,221.255812,6.891,2012,April,4,Q2,17,27
31,2012-04-05,1391257.28,No,77.53,3.749,221.3095166,6.891,2012,April,4,Q2,14,5
31,2012-11-05,1392938.06,No,74.14,3.688,221.3632212,6.891,2012,November,11,Q4,45,5
31,2012-05-18,1441473.82,No,72.42,3.63,221.380331,6.891,2012,May,5,Q2,20,18
31,2012-05-25,1397094.26,No,79.49,3.561,221.3828029,6.891,2012,May,5,Q2,21,25
31,2012-01-06,1404516.29,No,79.24,3.501,221.3852748,6.891,2012,January,1,Q1,1,6
31,2012-08-06,1443285.79,No,79.47,3.452,221.3877467,6.891,2012,August,8,Q3,32,6
31,2012-06-15,1431003.43,No,81.51,3.393,221.4009901,6.891,2012,June,6,Q2,24,15
31,2012-06-22,1394065.76,No,81.78,3.346,221.4411622,6.891,2012,June,6,Q2,25,22
31,2012-06-29,1349202.25,No,88.05,3.286,221.4813343,6.891,2012,June,6,Q2,26,29
31,2012-06-07,1458059.42,No,85.26,3.227,221.5215064,6.565,2012,June,6,Q2,23,7
31,2012-07-13,1374301.34,No,82.51,3.256,221.5616784,6.565,2012,July,7,Q3,28,13
31,2012-07-20,1392395.2,No,84.25,3.311,221.5701123,6.565,2012,July,7,Q3,29,20
31,2012-07-27,1303732.36,No,88.09,3.407,221.5785461,6.565,2012,July,7,Q3,30,27
31,2012-03-08,1390174.63,No,91.57,3.417,221.5869799,6.565,2012,March,3,Q1,10,8
31,2012-10-08,1386472.59,No,89.57,3.494,221.5954138,6.565,2012,October,10,Q4,41,8
31,2012-08-17,1410181.7,No,85.55,3.571,221.6751459,6.565,2012,August,8,Q3,33,17
31,2012-08-24,1379783.21,No,77.72,3.62,221.8083518,6.565,2012,August,8,Q3,34,24
31,2012-08-31,1373651.49,No,83.58,3.638,221.9415576,6.565,2012,August,8,Q3,35,31
31,2012-07-09,1358111.62,Yes,88.4,3.73,222.0747635,6.565,2012,July,7,Q3,28,9
31,2012-09-14,1327705.44,No,76.1,3.717,222.2174395,6.565,2012,September,9,Q3,37,14
31,2012-09-21,1373064.87,No,71.54,3.721,222.4169362,6.565,2012,September,9,Q3,38,21
31,2012-09-28,1279080.58,No,80.38,3.666,222.6164329,6.565,2012,September,9,Q3,39,28
31,2012-05-10,1363365.05,No,70.28,3.617,222.8159296,6.17,2012,May,5,Q2,19,10
31,2012-12-10,1401113.42,No,61.53,3.601,223.0154263,6.17,2012,December,12,Q4,50,10
31,2012-10-19,1378730.45,No,68.52,3.594,223.0598077,6.17,2012,October,10,Q4,42,19
31,2012-10-26,1340232.55,No,70.5,3.506,223.0783366,6.17,2012,October,10,Q4,43,26
32,2010-05-02,1087616.19,No,34.43,2.58,189.3816974,9.014,2010,May,5,Q2,17,2
32,2010-12-02,1123566.12,Yes,28.09,2.572,189.4642725,9.014,2010,December,12,Q4,48,2
32,2010-02-19,1082559.06,No,29.16,2.55,189.5340998,9.014,2010,February,2,Q1,7,19
32,2010-02-26,1053247.1,No,26.64,2.586,189.6018023,9.014,2010,February,2,Q1,8,26
32,2010-05-03,1066566.74,No,37.72,2.62,189.6695049,9.014,2010,May,5,Q2,18,3
32,2010-12-03,1093319.37,No,39.88,2.684,189.7372075,9.014,2010,December,12,Q4,48,3
32,2010-03-19,1059781.78,No,42.43,2.692,189.734262,9.014,2010,March,3,Q1,11,19
32,2010-03-26,1076021.58,No,36.59,2.717,189.7195417,9.014,2010,March,3,Q1,12,26
32,2010-02-04,1131732.94,No,48.28,2.725,189.7048215,8.963,2010,February,2,Q1,5,4
32,2010-09-04,1095889.22,No,44.88,2.75,189.6901012,8.963,2010,September,9,Q3,35,4
32,2010-04-16,1082763.27,No,53.49,2.765,189.6628845,8.963,2010,April,4,Q2,15,16
32,2010-04-23,1072474.8,No,50.06,2.776,189.6190057,8.963,2010,April,4,Q2,16,23
32,2010-04-30,1066792.63,No,47.51,2.766,189.575127,8.963,2010,April,4,Q2,17,30
32,2010-07-05,1133657.58,No,48.94,2.771,189.5312483,8.963,2010,July,7,Q3,27,5
32,2010-05-14,1079314.52,No,46.42,2.788,189.4904116,8.963,2010,May,5,Q2,19,14
32,2010-05-21,1143819.35,No,55.89,2.776,189.467827,8.963,2010,May,5,Q2,20,21
32,2010-05-28,1205662.85,No,64.69,2.737,189.4452425,8.963,2010,May,5,Q2,21,28
32,2010-04-06,1149234.96,No,66.69,2.7,189.422658,8.963,2010,April,4,Q2,14,6
32,2010-11-06,1192074.09,No,70.86,2.684,189.4000734,8.963,2010,November,11,Q4,44,6
32,2010-06-18,1150191.72,No,60.94,2.674,189.4185259,8.963,2010,June,6,Q2,24,18
32,2010-06-25,1124763.74,No,72.42,2.715,189.4533931,8.963,2010,June,6,Q2,25,25
32,2010-02-07,1187988.64,No,74.74,2.728,189.4882603,9.017,2010,February,2,Q1,5,7
32,2010-09-07,1077253.67,No,67.55,2.711,189.5231276,9.017,2010,September,9,Q3,36,7
32,2010-07-16,1120172.24,No,76.2,2.699,189.6125456,9.017,2010,July,7,Q3,28,16
32,2010-07-23,1109574.11,No,75.69,2.691,189.774698,9.017,2010,July,7,Q3,29,23
32,2010-07-30,1065350.56,No,75.62,2.69,189.9368504,9.017,2010,July,7,Q3,30,30
32,2010-06-08,1144552.09,No,72.95,2.69,190.0990028,9.017,2010,June,6,Q2,23,8
32,2010-08-13,1157975.68,No,74.97,2.723,190.2611552,9.017,2010,August,8,Q3,32,13
32,2010-08-20,1189887.86,No,71.46,2.732,190.2948237,9.017,2010,August,8,Q3,33,20
32,2010-08-27,1140501.03,No,74.95,2.731,190.3284922,9.017,2010,August,8,Q3,34,27
32,2010-03-09,1095932.51,No,70.2,2.773,190.3621607,9.017,2010,March,3,Q1,10,9
32,2010-10-09,1028635.39,Yes,68.44,2.78,190.3958293,9.017,2010,October,10,Q4,40,9
32,2010-09-17,1043962.36,No,67.17,2.8,190.4688287,9.017,2010,September,9,Q3,37,17
32,2010-09-24,1067432.1,No,64.19,2.793,190.5713264,9.017,2010,September,9,Q3,38,24
32,2010-01-10,1061089.56,No,66.14,2.759,190.6738241,9.137,2010,January,1,Q1,1,10
32,2010-08-10,1085483.44,No,61.81,2.745,190.7763218,9.137,2010,August,8,Q3,32,10
32,2010-10-15,1096692.88,No,52.96,2.762,190.8623087,9.137,2010,October,10,Q4,41,15
32,2010-10-22,1102185.0,No,52.3,2.762,190.9070184,9.137,2010,October,10,Q4,42,22
32,2010-10-29,1115138.51,No,45.45,2.748,190.951728,9.137,2010,October,10,Q4,43,29
32,2010-05-11,1063056.21,No,49.2,2.729,190.9964377,9.137,2010,May,5,Q2,19,11
32,2010-12-11,1141019.11,No,42.3,2.737,191.0411474,9.137,2010,December,12,Q4,49,11
32,2010-11-19,1150729.89,No,36.24,2.758,191.0312172,9.137,2010,November,11,Q4,46,19
32,2010-11-26,1634635.86,Yes,29.97,2.742,191.0121805,9.137,2010,November,11,Q4,47,26
32,2010-03-12,1200892.56,No,35.18,2.712,190.9931437,9.137,2010,March,3,Q1,10,12
32,2010-10-12,1377322.73,No,36.62,2.728,190.9741069,9.137,2010,October,10,Q4,41,12
32,2010-12-17,1557776.1,No,36.07,2.778,191.0303376,9.137,2010,December,12,Q4,50,17
32,2010-12-24,1949183.14,No,30.72,2.781,191.1430189,9.137,2010,December,12,Q4,51,24
32,2010-12-31,955463.84,Yes,27.7,2.829,191.2557002,9.137,2010,December,12,Q4,52,31
32,2011-07-01,1046416.17,No,23.78,2.882,191.3683815,8.818,2011,July,7,Q3,26,1
32,2011-01-14,1028206.51,No,21.69,2.911,191.4784939,8.818,2011,January,1,Q1,2,14
32,2011-01-21,1078348.91,No,34.54,2.973,191.5731924,8.818,2011,January,1,Q1,3,21
32,2011-01-28,1006814.85,No,34.86,3.008,191.667891,8.818,2011,January,1,Q1,4,28
32,2011-04-02,1070457.8,No,15.47,3.011,191.7625895,8.818,2011,April,4,Q2,13,2
32,2011-11-02,1124357.2,Yes,18.51,3.037,191.8572881,8.818,2011,November,11,Q4,44,2
32,2011-02-18,1183528.58,No,42.09,3.051,191.9178331,8.818,2011,February,2,Q1,7,18
32,2011-02-25,1054754.67,No,33.0,3.101,191.9647167,8.818,2011,February,2,Q1,8,25
32,2011-04-03,1106847.62,No,39.17,3.232,192.0116004,8.818,2011,April,4,Q2,13,3
32,2011-11-03,1101458.21,No,36.51,3.372,192.058484,8.818,2011,November,11,Q4,44,3
32,2011-03-18,1100765.5,No,45.25,3.406,192.1237981,8.818,2011,March,3,Q1,11,18
32,2011-03-25,1068719.22,No,46.7,3.414,192.1964844,8.818,2011,March,3,Q1,12,25
32,2011-01-04,1051121.02,No,44.83,3.461,192.2691707,8.595,2011,January,1,Q1,1,4
32,2011-08-04,1102975.59,No,48.81,3.532,192.3418571,8.595,2011,August,8,Q3,31,4
32,2011-04-15,1120508.14,No,45.97,3.611,192.4225954,8.595,2011,April,4,Q2,15,15
32,2011-04-22,1210602.91,No,48.69,3.636,192.5234638,8.595,2011,April,4,Q2,16,22
32,2011-04-29,1107494.55,No,44.86,3.663,192.6243322,8.595,2011,April,4,Q2,17,29
32,2011-06-05,1181793.55,No,46.65,3.735,192.7252006,8.595,2011,June,6,Q2,22,5
32,2011-05-13,1138162.76,No,56.09,3.767,192.826069,8.595,2011,May,5,Q2,19,13
32,2011-05-20,1145084.76,No,45.71,3.828,192.831317,8.595,2011,May,5,Q2,20,20
32,2011-05-27,1175447.49,No,55.13,3.795,192.8365651,8.595,2011,May,5,Q2,21,27
32,2011-03-06,1167757.0,No,61.25,3.763,192.8418131,8.595,2011,March,3,Q1,9,6
32,2011-10-06,1239741.34,No,65.49,3.735,192.8470612,8.595,2011,October,10,Q4,40,6
32,2011-06-17,1192031.38,No,67.38,3.697,192.9034759,8.595,2011,June,6,Q2,24,17
32,2011-06-24,1163869.52,No,65.06,3.661,192.9982655,8.595,2011,June,6,Q2,25,24
32,2011-01-07,1199845.29,No,72.86,3.597,193.0930552,8.622,2011,January,1,Q1,1,7
32,2011-08-07,1110244.52,No,72.56,3.54,193.1878448,8.622,2011,August,8,Q3,31,7
32,2011-07-15,1144254.26,No,70.55,3.532,193.3125484,8.622,2011,July,7,Q3,28,15
32,2011-07-22,1185674.48,No,76.0,3.545,193.5120367,8.622,2011,July,7,Q3,29,22
32,2011-07-29,1169988.62,No,75.91,3.547,193.711525,8.622,2011,July,7,Q3,30,29
32,2011-05-08,1201694.14,No,74.83,3.554,193.9110133,8.622,2011,May,5,Q2,18,8
32,2011-12-08,1206795.74,No,74.2,3.542,194.1105017,8.622,2011,December,12,Q4,49,8
32,2011-08-19,1221318.17,No,73.72,3.499,194.2500634,8.622,2011,August,8,Q3,33,19
32,2011-08-26,1183740.91,No,75.64,3.485,194.3796374,8.622,2011,August,8,Q3,34,26
32,2011-02-09,1152117.5,No,74.6,3.511,194.5092113,8.622,2011,February,2,Q1,6,9
32,2011-09-09,1128237.3,Yes,61.24,3.566,194.6387853,8.622,2011,September,9,Q3,36,9
32,2011-09-16,1142499.25,No,60.88,3.596,194.7419707,8.622,2011,September,9,Q3,37,16
32,2011-09-23,1116140.29,No,58.66,3.581,194.8099713,8.622,2011,September,9,Q3,38,23
32,2011-09-30,1088943.98,No,65.04,3.538,194.8779718,8.622,2011,September,9,Q3,39,30
32,2011-07-10,1149448.02,No,62.62,3.498,194.9459724,8.513,2011,July,7,Q3,27,10
32,2011-10-14,1175420.26,No,50.15,3.491,195.0261012,8.513,2011,October,10,Q4,41,14
32,2011-10-21,1151258.74,No,48.87,3.548,195.1789994,8.513,2011,October,10,Q4,42,21
32,2011-10-28,1185391.96,No,42.76,3.55,195.3318977,8.513,2011,October,10,Q4,43,28
32,2011-04-11,1204628.28,No,37.95,3.527,195.4847959,8.513,2011,April,4,Q2,15,11
32,2011-11-11,1182733.0,No,38.1,3.505,195.6376941,8.513,2011,November,11,Q4,45,11
32,2011-11-18,1181651.55,No,42.61,3.479,195.7184713,8.513,2011,November,11,Q4,46,18
32,2011-11-25,1684468.66,Yes,40.22,3.424,195.7704,8.513,2011,November,11,Q4,47,25
32,2011-02-12,1179773.88,No,33.8,3.378,195.8223287,8.513,2011,February,2,Q1,6,12
32,2011-09-12,1415746.91,No,17.94,3.331,195.8742575,8.513,2011,September,9,Q3,37,12
32,2011-12-16,1556017.91,No,26.23,3.266,195.9841685,8.513,2011,December,12,Q4,50,16
32,2011-12-23,1959526.96,No,25.97,3.173,196.1713893,8.513,2011,December,12,Q4,51,23
32,2011-12-30,1102367.65,Yes,32.99,3.119,196.3586101,8.513,2011,December,12,Q4,52,30
32,2012-06-01,1099937.25,No,36.75,3.095,196.5458309,8.256,2012,June,6,Q2,22,1
32,2012-01-13,1071598.36,No,28.99,3.077,196.7330517,8.256,2012,January,1,Q1,2,13
32,2012-01-20,1080012.04,No,36.86,3.055,196.7796652,8.256,2012,January,1,Q1,3,20
32,2012-01-27,1051864.6,No,36.67,3.038,196.8262786,8.256,2012,January,1,Q1,4,27
32,2012-03-02,1156826.31,No,35.89,3.031,196.8728921,8.256,2012,March,3,Q1,9,2
32,2012-10-02,1129422.86,Yes,23.34,3.103,196.9195056,8.256,2012,October,10,Q4,40,2
32,2012-02-17,1243812.59,No,24.26,3.113,196.9432711,8.256,2012,February,2,Q1,7,17
32,2012-02-24,1091822.72,No,33.41,3.129,196.9499007,8.256,2012,February,2,Q1,8,24
32,2012-02-03,1153332.89,No,33.4,3.191,196.9565303,8.256,2012,February,2,Q1,5,3
32,2012-09-03,1124537.97,No,39.9,3.286,196.9631599,8.256,2012,September,9,Q3,36,3
32,2012-03-16,1138101.18,No,51.51,3.486,197.0457208,8.256,2012,March,3,Q1,11,16
32,2012-03-23,1146632.46,No,47.64,3.664,197.2295234,8.256,2012,March,3,Q1,12,23
32,2012-03-30,1108686.87,No,56.09,3.75,197.4133259,8.256,2012,March,3,Q1,13,30
32,2012-06-04,1270577.01,No,51.49,3.854,197.5971285,8.09,2012,June,6,Q2,23,4
32,2012-04-13,1171834.47,No,52.1,3.901,197.780931,8.09,2012,April,4,Q2,15,13
32,2012-04-20,1121405.91,No,49.15,3.936,197.7227385,8.09,2012,April,4,Q2,16,20
32,2012-04-27,1126962.44,No,61.76,3.927,197.664546,8.09,2012,April,4,Q2,17,27
32,2012-04-05,1187384.53,No,58.29,3.903,197.6063534,8.09,2012,April,4,Q2,14,5
32,2012-11-05,1187051.07,No,55.4,3.87,197.5481609,8.09,2012,November,11,Q4,45,5
32,2012-05-18,1177539.71,No,57.46,3.837,197.5553137,8.09,2012,May,5,Q2,20,18
32,2012-05-25,1232784.22,No,59.74,3.804,197.5886046,8.09,2012,May,5,Q2,21,25
32,2012-01-06,1157557.79,No,62.84,3.764,197.6218954,8.09,2012,January,1,Q1,1,6
32,2012-08-06,1246322.44,No,71.14,3.741,197.6551863,8.09,2012,August,8,Q3,32,6
32,2012-06-15,1234759.54,No,70.91,3.723,197.692292,8.09,2012,June,6,Q2,24,15
32,2012-06-22,1196880.11,No,74.85,3.735,197.7389345,8.09,2012,June,6,Q2,25,22
32,2012-06-29,1178211.81,No,81.95,3.693,197.785577,8.09,2012,June,6,Q2,26,29
32,2012-06-07,1214183.97,No,78.68,3.646,197.8322195,7.872,2012,June,6,Q2,23,7
32,2012-07-13,1141184.66,No,71.57,3.613,197.8788621,7.872,2012,July,7,Q3,28,13
32,2012-07-20,1167829.33,No,77.76,3.585,197.9290378,7.872,2012,July,7,Q3,29,20
32,2012-07-27,1144901.52,No,77.56,3.57,197.9792136,7.872,2012,July,7,Q3,30,27
32,2012-03-08,1183571.35,No,75.09,3.528,198.0293893,7.872,2012,March,3,Q1,10,8
32,2012-10-08,1227469.2,No,75.93,3.509,198.0795651,7.872,2012,October,10,Q4,41,8
32,2012-08-17,1261306.37,No,70.75,3.545,198.1001057,7.872,2012,August,8,Q3,33,17
32,2012-08-24,1272809.11,No,70.12,3.558,198.0984199,7.872,2012,August,8,Q3,34,24
32,2012-08-31,1183979.27,No,76.12,3.556,198.0967341,7.872,2012,August,8,Q3,35,31
32,2012-07-09,1126685.95,Yes,72.56,3.596,198.0950484,7.872,2012,July,7,Q3,28,9
32,2012-09-14,1156377.47,No,64.05,3.659,198.1267184,7.872,2012,September,9,Q3,37,14
32,2012-09-21,1159119.6,No,63.49,3.765,198.358523,7.872,2012,September,9,Q3,38,21
32,2012-09-28,1157111.15,No,60.62,3.789,198.5903276,7.872,2012,September,9,Q3,39,28
32,2012-05-10,1202775.24,No,55.34,3.779,198.8221322,7.557,2012,May,5,Q2,19,10
32,2012-12-10,1176681.31,No,43.49,3.76,199.0539368,7.557,2012,December,12,Q4,50,10
32,2012-10-19,1199292.06,No,53.57,3.75,199.1481963,7.557,2012,October,10,Q4,42,19
32,2012-10-26,1219979.29,No,47.22,3.686,199.2195317,7.557,2012,October,10,Q4,43,26
33,2010-05-02,274593.43,No,58.4,2.962,126.4420645,10.115,2010,May,5,Q2,17,2
33,2010-12-02,294882.83,Yes,55.47,2.828,126.4962581,10.115,2010,December,12,Q4,48,2
33,2010-02-19,296850.83,No,62.16,2.915,126.5262857,10.115,2010,February,2,Q1,7,19
33,2010-02-26,284052.77,No,56.5,2.825,126.5522857,10.115,2010,February,2,Q1,8,26
33,2010-05-03,291484.89,No,59.17,2.877,126.5782857,10.115,2010,May,5,Q2,18,3
33,2010-12-03,312161.0,No,55.61,3.034,126.6042857,10.115,2010,December,12,Q4,48,3
33,2010-03-19,282235.73,No,64.6,3.054,126.6066452,10.115,2010,March,3,Q1,11,19
33,2010-03-26,262893.76,No,64.09,2.98,126.6050645,10.115,2010,March,3,Q1,12,26
33,2010-02-04,274634.52,No,66.79,3.086,126.6034839,9.849,2010,February,2,Q1,5,4
33,2010-09-04,325201.05,No,68.43,3.004,126.6019032,9.849,2010,September,9,Q3,35,4
33,2010-04-16,307779.64,No,72.44,3.109,126.5621,9.849,2010,April,4,Q2,15,16
33,2010-04-23,263263.02,No,71.59,3.05,126.4713333,9.849,2010,April,4,Q2,16,23
33,2010-04-30,275883.23,No,73.29,3.105,126.3805667,9.849,2010,April,4,Q2,17,30
33,2010-07-05,326870.13,No,75.4,3.127,126.2898,9.849,2010,July,7,Q3,27,5
33,2010-05-14,331173.51,No,76.8,3.145,126.2085484,9.849,2010,May,5,Q2,19,14
33,2010-05-21,294264.2,No,82.8,3.12,126.1843871,9.849,2010,May,5,Q2,20,21
33,2010-05-28,279246.33,No,78.47,3.058,126.1602258,9.849,2010,May,5,Q2,21,28
33,2010-04-06,285100.0,No,86.06,2.941,126.1360645,9.849,2010,April,4,Q2,14,6
33,2010-11-06,310800.79,No,93.52,3.057,126.1119032,9.849,2010,November,11,Q4,44,6
33,2010-06-18,272399.08,No,87.69,2.935,126.114,9.849,2010,June,6,Q2,24,18
33,2010-06-25,259419.91,No,93.66,3.084,126.1266,9.849,2010,June,6,Q2,25,25
33,2010-02-07,267495.76,No,97.66,2.978,126.1392,9.495,2010,February,2,Q1,5,7
33,2010-09-07,302423.93,No,95.88,3.1,126.1518,9.495,2010,September,9,Q3,36,7
33,2010-07-16,280937.84,No,100.14,2.971,126.1498065,9.495,2010,July,7,Q3,28,16
33,2010-07-23,252734.31,No,97.04,3.112,126.1283548,9.495,2010,July,7,Q3,29,23
33,2010-07-30,242047.03,No,92.71,3.017,126.1069032,9.495,2010,July,7,Q3,30,30
33,2010-06-08,262789.95,No,92.51,3.123,126.0854516,9.495,2010,June,6,Q2,23,8
33,2010-08-13,265367.51,No,95.57,3.049,126.064,9.495,2010,August,8,Q3,32,13
33,2010-08-20,230519.49,No,96.46,3.041,126.0766452,9.495,2010,August,8,Q3,33,20
33,2010-08-27,224031.19,No,94.0,3.022,126.0892903,9.495,2010,August,8,Q3,34,27
33,2010-03-09,237405.82,No,90.82,3.087,126.1019355,9.495,2010,March,3,Q1,10,9
33,2010-10-09,272834.88,Yes,91.77,2.961,126.1145806,9.495,2010,October,10,Q4,40,9
33,2010-09-17,246277.18,No,89.43,3.028,126.1454667,9.495,2010,September,9,Q3,37,17
33,2010-09-24,231976.84,No,91.18,2.939,126.1900333,9.495,2010,September,9,Q3,38,24
33,2010-01-10,224294.39,No,91.45,3.001,126.2346,9.265,2010,January,1,Q1,1,10
33,2010-08-10,266484.19,No,79.02,2.924,126.2791667,9.265,2010,August,8,Q3,32,10
33,2010-10-15,251732.92,No,80.49,3.08,126.3266774,9.265,2010,October,10,Q4,41,15
33,2010-10-22,234175.92,No,74.2,3.014,126.3815484,9.265,2010,October,10,Q4,42,22
33,2010-10-29,213538.32,No,71.34,3.13,126.4364194,9.265,2010,October,10,Q4,43,29
33,2010-05-11,246124.61,No,74.23,3.009,126.4912903,9.265,2010,May,5,Q2,19,11
33,2010-12-11,272803.94,No,65.21,3.13,126.5461613,9.265,2010,December,12,Q4,49,11
33,2010-11-19,224639.76,No,61.95,3.047,126.6072,9.265,2010,November,11,Q4,46,19
33,2010-11-26,240044.57,Yes,56.87,3.162,126.6692667,9.265,2010,November,11,Q4,47,26
33,2010-03-12,209986.25,No,52.82,3.041,126.7313333,9.265,2010,March,3,Q1,10,12
33,2010-10-12,253050.1,No,60.72,3.091,126.7934,9.265,2010,October,10,Q4,41,12
33,2010-12-17,238875.26,No,61.12,3.125,126.8794839,9.265,2010,December,12,Q4,50,17
33,2010-12-24,249246.8,No,60.43,3.236,126.9835806,9.265,2010,December,12,Q4,51,24
33,2010-12-31,219804.85,Yes,52.91,3.148,127.0876774,9.265,2010,December,12,Q4,52,31
33,2011-07-01,243948.82,No,46.25,3.287,127.1917742,8.951,2011,July,7,Q3,26,1
33,2011-01-14,259527.75,No,53.63,3.312,127.3009355,8.951,2011,January,1,Q1,2,14
33,2011-01-21,244856.44,No,59.46,3.336,127.4404839,8.951,2011,January,1,Q1,3,21
33,2011-01-28,231155.9,No,56.62,3.231,127.5800323,8.951,2011,January,1,Q1,4,28
33,2011-04-02,234218.03,No,49.26,3.348,127.7195806,8.951,2011,April,4,Q2,13,2
33,2011-11-02,276198.74,Yes,53.35,3.381,127.859129,8.951,2011,November,11,Q4,44,2
33,2011-02-18,252349.6,No,62.03,3.43,127.99525,8.951,2011,February,2,Q1,7,18
33,2011-02-25,242901.21,No,54.89,3.398,128.13,8.951,2011,February,2,Q1,8,25
33,2011-04-03,245435.8,No,59.51,3.674,128.26475,8.951,2011,April,4,Q2,13,3
33,2011-11-03,270921.44,No,66.51,3.63,128.3995,8.951,2011,November,11,Q4,44,3
33,2011-03-18,247234.47,No,72.72,3.892,128.5121935,8.951,2011,March,3,Q1,11,18
33,2011-03-25,238084.08,No,63.34,3.716,128.6160645,8.951,2011,March,3,Q1,12,25
33,2011-01-04,232769.09,No,71.41,3.772,128.7199355,8.687,2011,January,1,Q1,1,4
33,2011-08-04,271924.73,No,75.11,3.818,128.8238065,8.687,2011,August,8,Q3,31,4
33,2011-04-15,275749.56,No,64.64,4.089,128.9107333,8.687,2011,April,4,Q2,15,15
33,2011-04-22,248603.3,No,79.46,3.917,128.9553,8.687,2011,April,4,Q2,16,22
33,2011-04-29,248561.86,No,77.44,4.151,128.9998667,8.687,2011,April,4,Q2,17,29
33,2011-06-05,257031.19,No,77.92,4.193,129.0444333,8.687,2011,June,6,Q2,22,5
33,2011-05-13,279466.87,No,78.24,4.202,129.089,8.687,2011,May,5,Q2,19,13
33,2011-05-20,239206.26,No,76.07,3.99,129.0756774,8.687,2011,May,5,Q2,20,20
33,2011-05-27,239431.85,No,82.32,3.933,129.0623548,8.687,2011,May,5,Q2,21,27
33,2011-03-06,243477.03,No,82.93,3.893,129.0490323,8.687,2011,March,3,Q1,9,6
33,2011-10-06,258427.39,No,87.02,3.981,129.0357097,8.687,2011,October,10,Q4,40,6
33,2011-06-17,238172.66,No,91.11,3.935,129.0432,8.687,2011,June,6,Q2,24,17
33,2011-06-24,238433.53,No,94.11,3.807,129.0663,8.687,2011,June,6,Q2,25,24
33,2011-01-07,226702.36,No,98.43,3.842,129.0894,8.442,2011,January,1,Q1,1,7
33,2011-08-07,262717.71,No,96.44,3.793,129.1125,8.442,2011,August,8,Q3,31,7
33,2011-07-15,265003.47,No,92.83,3.779,129.1338387,8.442,2011,July,7,Q3,28,15
33,2011-07-22,238915.05,No,97.17,3.697,129.1507742,8.442,2011,July,7,Q3,29,22
33,2011-07-29,224806.96,No,95.28,3.694,129.1677097,8.442,2011,July,7,Q3,30,29
33,2011-05-08,242456.39,No,96.93,3.803,129.1846452,8.442,2011,May,5,Q2,18,8
33,2011-12-08,274721.85,No,96.0,3.794,129.2015806,8.442,2011,December,12,Q4,49,8
33,2011-08-19,242771.37,No,95.89,3.743,129.2405806,8.442,2011,August,8,Q3,33,19
33,2011-08-26,237095.82,No,99.66,3.663,129.2832581,8.442,2011,August,8,Q3,34,26
33,2011-02-09,239198.36,No,99.2,3.798,129.3259355,8.442,2011,February,2,Q1,6,9
33,2011-09-09,281842.28,Yes,96.22,3.771,129.3686129,8.442,2011,September,9,Q3,36,9
33,2011-09-16,262407.57,No,85.79,3.784,129.4306,8.442,2011,September,9,Q3,37,16
33,2011-09-23,234793.12,No,88.93,3.789,129.5183333,8.442,2011,September,9,Q3,38,23
33,2011-09-30,229731.98,No,89.1,3.877,129.6060667,8.442,2011,September,9,Q3,39,30
33,2011-07-10,262159.13,No,81.16,3.827,129.6938,8.01,2011,July,7,Q3,27,10
33,2011-10-14,272487.33,No,76.49,3.698,129.7706452,8.01,2011,October,10,Q4,41,14
33,2011-10-21,233543.08,No,81.74,3.842,129.7821613,8.01,2011,October,10,Q4,42,21
33,2011-10-28,231319.96,No,76.73,3.843,129.7936774,8.01,2011,October,10,Q4,43,28
33,2011-04-11,236157.12,No,71.91,3.828,129.8051935,8.01,2011,April,4,Q2,15,11
33,2011-11-11,271961.04,No,58.75,3.677,129.8167097,8.01,2011,November,11,Q4,45,11
33,2011-11-18,251294.5,No,63.35,3.669,129.8268333,8.01,2011,November,11,Q4,46,18
33,2011-11-25,255996.47,Yes,62.35,3.76,129.8364,8.01,2011,November,11,Q4,47,25
33,2011-02-12,220060.35,No,59.12,3.701,129.8459667,8.01,2011,February,2,Q1,6,12
33,2011-09-12,270373.05,No,47.7,3.644,129.8555333,8.01,2011,September,9,Q3,37,12
33,2011-12-16,259638.35,No,53.18,3.489,129.8980645,8.01,2011,December,12,Q4,50,16
33,2011-12-23,256235.19,No,53.39,3.541,129.9845484,8.01,2011,December,12,Q4,51,23
33,2011-12-30,215359.21,Yes,51.6,3.428,130.0710323,8.01,2011,December,12,Q4,52,30
33,2012-06-01,267058.08,No,60.92,3.443,130.1575161,7.603,2012,June,6,Q2,22,1
33,2012-01-13,279447.22,No,54.61,3.477,130.244,7.603,2012,January,1,Q1,2,13
33,2012-01-20,244899.2,No,55.99,3.66,130.2792258,7.603,2012,January,1,Q1,3,20
33,2012-01-27,236920.49,No,56.33,3.675,130.3144516,7.603,2012,January,1,Q1,4,27
33,2012-03-02,256091.32,No,59.53,3.543,130.3496774,7.603,2012,March,3,Q1,9,2
33,2012-10-02,282552.58,Yes,59.94,3.722,130.3849032,7.603,2012,October,10,Q4,40,2
33,2012-02-17,266300.98,No,57.8,3.781,130.4546207,7.603,2012,February,2,Q1,7,17
33,2012-02-24,242526.7,No,59.41,3.95,130.5502069,7.603,2012,February,2,Q1,8,24
33,2012-02-03,248051.53,No,60.91,3.882,130.6457931,7.603,2012,February,2,Q1,5,3
33,2012-09-03,287346.29,No,62.2,3.963,130.7413793,7.603,2012,September,9,Q3,36,3
33,2012-03-16,278067.73,No,65.99,4.273,130.8261935,7.603,2012,March,3,Q1,11,16
33,2012-03-23,246970.97,No,60.82,4.288,130.8966452,7.603,2012,March,3,Q1,12,23
33,2012-03-30,251327.67,No,71.34,4.294,130.9670968,7.603,2012,March,3,Q1,13,30
33,2012-06-04,275911.97,No,70.75,4.282,131.0375484,7.396,2012,June,6,Q2,23,4
33,2012-04-13,312698.67,No,73.17,4.254,131.108,7.396,2012,April,4,Q2,15,13
33,2012-04-20,261837.2,No,72.94,4.111,131.1173333,7.396,2012,April,4,Q2,16,20
33,2012-04-27,249798.75,No,83.07,4.088,131.1266667,7.396,2012,April,4,Q2,17,27
33,2012-04-05,270497.51,No,82.43,4.058,131.136,7.396,2012,April,4,Q2,14,5
33,2012-11-05,295841.84,No,81.02,4.186,131.1453333,7.396,2012,November,11,Q4,45,5
33,2012-05-18,276899.95,No,89.81,4.308,131.0983226,7.396,2012,May,5,Q2,20,18
33,2012-05-25,261851.74,No,88.89,4.127,131.0287742,7.396,2012,May,5,Q2,21,25
33,2012-01-06,261131.09,No,83.57,4.277,130.9592258,7.396,2012,January,1,Q1,1,6
33,2012-08-06,286082.76,No,90.94,4.103,130.8896774,7.396,2012,August,8,Q3,32,6
33,2012-06-15,290444.31,No,92.44,4.144,130.8295333,7.396,2012,June,6,Q2,24,15
33,2012-06-22,261666.29,No,95.75,4.014,130.7929,7.396,2012,June,6,Q2,25,22
33,2012-06-29,244338.31,No,98.15,3.875,130.7562667,7.396,2012,June,6,Q2,26,29
33,2012-06-07,273690.37,No,93.21,3.666,130.7196333,7.147,2012,June,6,Q2,23,7
33,2012-07-13,287033.64,No,97.6,3.723,130.683,7.147,2012,July,7,Q3,28,13
33,2012-07-20,253205.89,No,91.49,3.589,130.7012903,7.147,2012,July,7,Q3,29,20
33,2012-07-27,249134.32,No,93.95,3.769,130.7195806,7.147,2012,July,7,Q3,30,27
33,2012-03-08,258533.12,No,92.13,3.595,130.737871,7.147,2012,March,3,Q1,10,8
33,2012-10-08,297753.49,No,100.07,3.811,130.7561613,7.147,2012,October,10,Q4,41,8
33,2012-08-17,270097.76,No,96.79,4.002,130.7909677,7.147,2012,August,8,Q3,33,17
33,2012-08-24,247672.56,No,89.62,4.055,130.8381613,7.147,2012,August,8,Q3,34,24
33,2012-08-31,237129.81,No,94.55,3.886,130.8853548,7.147,2012,August,8,Q3,35,31
33,2012-07-09,286428.78,Yes,92.02,4.124,130.9325484,7.147,2012,July,7,Q3,28,9
33,2012-09-14,277417.53,No,83.4,3.966,130.9776667,7.147,2012,September,9,Q3,37,14
33,2012-09-21,252709.58,No,86.53,4.125,131.0103333,7.147,2012,September,9,Q3,38,21
33,2012-09-28,242813.51,No,86.42,3.966,131.043,7.147,2012,September,9,Q3,39,28
33,2012-05-10,265444.9,No,85.18,4.132,131.0756667,6.895,2012,May,5,Q2,19,10
33,2012-12-10,291781.15,No,79.64,4.468,131.1083333,6.895,2012,December,12,Q4,50,10
33,2012-10-19,254412.34,No,75.55,4.449,131.1499677,6.895,2012,October,10,Q4,42,19
33,2012-10-26,253731.13,No,73.7,4.301,131.1930968,6.895,2012,October,10,Q4,43,26
34,2010-05-02,956228.96,No,35.44,2.598,126.4420645,9.521,2010,May,5,Q2,17,2
34,2010-12-02,994610.99,Yes,36.13,2.573,126.4962581,9.521,2010,December,12,Q4,48,2
34,2010-02-19,983963.07,No,38.36,2.54,126.5262857,9.521,2010,February,2,Q1,7,19
34,2010-02-26,905756.13,No,37.28,2.59,126.5522857,9.521,2010,February,2,Q1,8,26
34,2010-05-03,918295.79,No,42.65,2.654,126.5782857,9.521,2010,May,5,Q2,18,3
34,2010-12-03,921247.88,No,42.26,2.704,126.6042857,9.521,2010,December,12,Q4,48,3
34,2010-03-19,892070.82,No,45.86,2.743,126.6066452,9.521,2010,March,3,Q1,11,19
34,2010-03-26,880742.35,No,42.91,2.752,126.6050645,9.521,2010,March,3,Q1,12,26
34,2010-02-04,979428.66,No,50.07,2.74,126.6034839,9.593,2010,February,2,Q1,5,4
34,2010-09-04,950684.2,No,51.26,2.773,126.6019032,9.593,2010,September,9,Q3,35,4
34,2010-04-16,923344.54,No,59.18,2.81,126.5621,9.593,2010,April,4,Q2,15,16
34,2010-04-23,910240.68,No,55.04,2.805,126.4713333,9.593,2010,April,4,Q2,16,23
34,2010-04-30,859922.19,No,56.58,2.787,126.3805667,9.593,2010,April,4,Q2,17,30
34,2010-07-05,953495.48,No,57.39,2.836,126.2898,9.593,2010,July,7,Q3,27,5
34,2010-05-14,933924.44,No,60.74,2.845,126.2085484,9.593,2010,May,5,Q2,19,14
34,2010-05-21,913616.32,No,63.99,2.82,126.1843871,9.593,2010,May,5,Q2,20,21
34,2010-05-28,942868.38,No,68.68,2.756,126.1602258,9.593,2010,May,5,Q2,21,28
34,2010-04-06,966187.51,No,72.17,2.701,126.1360645,9.593,2010,April,4,Q2,14,6
34,2010-11-06,954681.56,No,80.84,2.668,126.1119032,9.593,2010,November,11,Q4,44,6
34,2010-06-18,941612.04,No,73.48,2.635,126.114,9.593,2010,June,6,Q2,24,18
34,2010-06-25,895800.07,No,78.47,2.654,126.1266,9.593,2010,June,6,Q2,25,25
34,2010-02-07,919229.36,No,73.66,2.668,126.1392,9.816,2010,February,2,Q1,5,7
34,2010-09-07,911210.81,No,75.0,2.637,126.1518,9.816,2010,September,9,Q3,36,7
34,2010-07-16,930269.79,No,78.53,2.621,126.1498065,9.816,2010,July,7,Q3,28,16
34,2010-07-23,902050.95,No,79.58,2.612,126.1283548,9.816,2010,July,7,Q3,29,23
34,2010-07-30,875976.83,No,72.26,2.65,126.1069032,9.816,2010,July,7,Q3,30,30
34,2010-06-08,987435.35,No,73.8,2.64,126.0854516,9.816,2010,June,6,Q2,23,8
34,2010-08-13,951208.65,No,76.72,2.698,126.064,9.816,2010,August,8,Q3,32,13
34,2010-08-20,985152.94,No,76.45,2.671,126.0766452,9.816,2010,August,8,Q3,33,20
34,2010-08-27,855421.39,No,72.87,2.621,126.0892903,9.816,2010,August,8,Q3,34,27
34,2010-03-09,964356.74,No,72.59,2.584,126.1019355,9.816,2010,March,3,Q1,10,9
34,2010-10-09,932240.96,Yes,72.61,2.574,126.1145806,9.816,2010,October,10,Q4,40,9
34,2010-09-17,885445.47,No,70.71,2.594,126.1454667,9.816,2010,September,9,Q3,37,17
34,2010-09-24,867539.07,No,69.78,2.642,126.1900333,9.816,2010,September,9,Q3,38,24
34,2010-01-10,865709.11,No,70.13,2.619,126.2346,10.21,2010,January,1,Q1,1,10
34,2010-08-10,931710.67,No,65.21,2.645,126.2791667,10.21,2010,August,8,Q3,32,10
34,2010-10-15,888703.62,No,59.57,2.732,126.3266774,10.21,2010,October,10,Q4,41,15
34,2010-10-22,936293.6,No,58.11,2.736,126.3815484,10.21,2010,October,10,Q4,42,22
34,2010-10-29,926294.02,No,50.78,2.718,126.4364194,10.21,2010,October,10,Q4,43,29
34,2010-05-11,972292.31,No,52.43,2.699,126.4912903,10.21,2010,May,5,Q2,19,11
34,2010-12-11,979730.78,No,47.2,2.741,126.5461613,10.21,2010,December,12,Q4,49,11
34,2010-11-19,955766.33,No,40.93,2.78,126.6072,10.21,2010,November,11,Q4,46,19
34,2010-11-26,1309476.68,Yes,41.13,2.752,126.6692667,10.21,2010,November,11,Q4,47,26
34,2010-03-12,1001512.21,No,34.7,2.727,126.7313333,10.21,2010,March,3,Q1,10,12
34,2010-10-12,1086661.02,No,41.93,2.86,126.7934,10.21,2010,October,10,Q4,41,12
34,2010-12-17,1227148.13,No,42.64,2.884,126.8794839,10.21,2010,December,12,Q4,50,17
34,2010-12-24,1620748.25,No,42.74,2.887,126.9835806,10.21,2010,December,12,Q4,51,24
34,2010-12-31,902109.69,Yes,34.11,2.955,127.0876774,10.21,2010,December,12,Q4,52,31
34,2011-07-01,900646.94,No,24.5,2.98,127.1917742,10.398,2011,July,7,Q3,26,1
34,2011-01-14,898610.33,No,30.75,2.992,127.3009355,10.398,2011,January,1,Q1,2,14
34,2011-01-21,891025.39,No,39.57,3.017,127.4404839,10.398,2011,January,1,Q1,3,21
34,2011-01-28,836717.75,No,34.68,3.022,127.5800323,10.398,2011,January,1,Q1,4,28
34,2011-04-02,971932.87,No,23.82,2.996,127.7195806,10.398,2011,April,4,Q2,13,2
34,2011-11-02,1015654.6,Yes,28.66,3.033,127.859129,10.398,2011,November,11,Q4,44,2
34,2011-02-18,1062629.3,No,45.12,3.058,127.99525,10.398,2011,February,2,Q1,7,18
34,2011-02-25,953331.45,No,44.57,3.087,128.13,10.398,2011,February,2,Q1,8,25
34,2011-04-03,963910.81,No,46.21,3.305,128.26475,10.398,2011,April,4,Q2,13,3
34,2011-11-03,943951.67,No,45.87,3.461,128.3995,10.398,2011,November,11,Q4,44,3
34,2011-03-18,1014218.8,No,55.58,3.495,128.5121935,10.398,2011,March,3,Q1,11,18
34,2011-03-25,922898.38,No,53.11,3.48,128.6160645,10.398,2011,March,3,Q1,12,25
34,2011-01-04,884233.67,No,55.46,3.521,128.7199355,10.581,2011,January,1,Q1,1,4
34,2011-08-04,975479.83,No,58.59,3.605,128.8238065,10.581,2011,August,8,Q3,31,4
34,2011-04-15,941829.0,No,53.3,3.724,128.9107333,10.581,2011,April,4,Q2,15,15
34,2011-04-22,1051518.45,No,63.83,3.781,128.9553,10.581,2011,April,4,Q2,16,22
34,2011-04-29,895973.02,No,57.73,3.781,128.9998667,10.581,2011,April,4,Q2,17,29
34,2011-06-05,965853.58,No,54.4,3.866,129.0444333,10.581,2011,June,6,Q2,22,5
34,2011-05-13,966232.69,No,63.05,3.872,129.089,10.581,2011,May,5,Q2,19,13
34,2011-05-20,945018.83,No,61.47,3.881,129.0756774,10.581,2011,May,5,Q2,20,20
34,2011-05-27,941311.83,No,65.99,3.771,129.0623548,10.581,2011,May,5,Q2,21,27
34,2011-03-06,947229.24,No,74.64,3.683,129.0490323,10.581,2011,March,3,Q1,9,6
34,2011-10-06,943912.77,No,74.57,3.64,129.0357097,10.581,2011,October,10,Q4,40,6
34,2011-06-17,968258.09,No,76.58,3.618,129.0432,10.581,2011,June,6,Q2,24,17
34,2011-06-24,923795.04,No,77.16,3.57,129.0663,10.581,2011,June,6,Q2,25,24
34,2011-01-07,911106.22,No,81.96,3.504,129.0894,10.641,2011,January,1,Q1,1,7
34,2011-08-07,926934.57,No,80.84,3.469,129.1125,10.641,2011,August,8,Q3,31,7
34,2011-07-15,903882.96,No,78.09,3.563,129.1338387,10.641,2011,July,7,Q3,28,15
34,2011-07-22,913236.62,No,80.75,3.627,129.1507742,10.641,2011,July,7,Q3,29,22
34,2011-07-29,851461.9,No,78.04,3.659,129.1677097,10.641,2011,July,7,Q3,30,29
34,2011-05-08,942236.45,No,76.71,3.662,129.1846452,10.641,2011,May,5,Q2,18,8
34,2011-12-08,956251.18,No,80.23,3.617,129.2015806,10.641,2011,December,12,Q4,49,8
34,2011-08-19,960418.54,No,77.08,3.55,129.2405806,10.641,2011,August,8,Q3,33,19
34,2011-08-26,871404.6,No,77.27,3.523,129.2832581,10.641,2011,August,8,Q3,34,26
34,2011-02-09,926455.64,No,78.24,3.533,129.3259355,10.641,2011,February,2,Q1,6,9
34,2011-09-09,930506.14,Yes,70.05,3.554,129.3686129,10.641,2011,September,9,Q3,36,9
34,2011-09-16,927249.61,No,64.94,3.532,129.4306,10.641,2011,September,9,Q3,37,16
34,2011-09-23,902852.73,No,66.23,3.473,129.5183333,10.641,2011,September,9,Q3,38,23
34,2011-09-30,871847.85,No,69.44,3.371,129.6060667,10.641,2011,September,9,Q3,39,30
34,2011-07-10,954069.45,No,60.42,3.299,129.6938,10.148,2011,July,7,Q3,27,10
34,2011-10-14,911788.79,No,54.72,3.283,129.7706452,10.148,2011,October,10,Q4,41,14
34,2011-10-21,953693.23,No,58.93,3.361,129.7821613,10.148,2011,October,10,Q4,42,21
34,2011-10-28,958063.87,No,54.56,3.362,129.7936774,10.148,2011,October,10,Q4,43,28
34,2011-04-11,992621.93,No,48.04,3.322,129.8051935,10.148,2011,April,4,Q2,15,11
34,2011-11-11,991570.02,No,41.04,3.286,129.8167097,10.148,2011,November,11,Q4,45,11
34,2011-11-18,947552.44,No,46.0,3.294,129.8268333,10.148,2011,November,11,Q4,46,18
34,2011-11-25,1345595.82,Yes,45.99,3.225,129.8364,10.148,2011,November,11,Q4,47,25
34,2011-02-12,988742.08,No,39.75,3.176,129.8459667,10.148,2011,February,2,Q1,6,12
34,2011-09-12,1084243.91,No,24.69,3.153,129.8555333,10.148,2011,September,9,Q3,37,12
34,2011-12-16,1151052.86,No,32.31,3.149,129.8980645,10.148,2011,December,12,Q4,50,16
34,2011-12-23,1593655.96,No,32.45,3.103,129.9845484,10.148,2011,December,12,Q4,51,23
34,2011-12-30,965512.36,Yes,28.84,3.119,130.0710323,10.148,2011,December,12,Q4,52,30
34,2012-06-01,953844.85,No,36.39,3.158,130.1575161,9.653,2012,June,6,Q2,22,1
34,2012-01-13,913755.12,No,33.99,3.263,130.244,9.653,2012,January,1,Q1,2,13
34,2012-01-20,910899.05,No,39.28,3.273,130.2792258,9.653,2012,January,1,Q1,3,20
34,2012-01-27,872450.37,No,39.81,3.29,130.3144516,9.653,2012,January,1,Q1,4,27
34,2012-03-02,939367.14,No,38.64,3.354,130.3496774,9.653,2012,March,3,Q1,9,2
34,2012-10-02,1047658.09,Yes,36.7,3.411,130.3849032,9.653,2012,October,10,Q4,40,2
34,2012-02-17,1123446.51,No,37.25,3.493,130.4546207,9.653,2012,February,2,Q1,7,17
34,2012-02-24,950154.24,No,39.89,3.541,130.5502069,9.653,2012,February,2,Q1,8,24
34,2012-02-03,990263.7,No,42.74,3.619,130.6457931,9.653,2012,February,2,Q1,5,3
34,2012-09-03,976393.43,No,42.7,3.667,130.7413793,9.653,2012,September,9,Q3,36,3
34,2012-03-16,999298.43,No,48.09,3.707,130.8261935,9.653,2012,March,3,Q1,11,16
34,2012-03-23,945143.33,No,47.93,3.759,130.8966452,9.653,2012,March,3,Q1,12,23
34,2012-03-30,938861.77,No,59.29,3.82,130.9670968,9.653,2012,March,3,Q1,13,30
34,2012-06-04,1091020.37,No,54.42,3.864,131.0375484,9.575,2012,June,6,Q2,23,4
34,2012-04-13,987353.65,No,59.12,3.881,131.108,9.575,2012,April,4,Q2,15,13
34,2012-04-20,977628.78,No,55.34,3.864,131.1173333,9.575,2012,April,4,Q2,16,20
34,2012-04-27,940299.87,No,66.49,3.81,131.1266667,9.575,2012,April,4,Q2,17,27
34,2012-04-05,991104.4,No,65.04,3.747,131.136,9.575,2012,April,4,Q2,14,5
34,2012-11-05,949625.52,No,61.92,3.685,131.1453333,9.575,2012,November,11,Q4,45,5
34,2012-05-18,998672.85,No,64.97,3.62,131.0983226,9.575,2012,May,5,Q2,20,18
34,2012-05-25,1015737.61,No,72.42,3.551,131.0287742,9.575,2012,May,5,Q2,21,25
34,2012-01-06,977062.44,No,70.41,3.483,130.9592258,9.575,2012,January,1,Q1,1,6
34,2012-08-06,999511.29,No,75.35,3.433,130.8896774,9.575,2012,August,8,Q3,32,6
34,2012-06-15,982345.51,No,76.48,3.372,130.8295333,9.575,2012,June,6,Q2,24,15
34,2012-06-22,1000285.1,No,78.85,3.329,130.7929,9.575,2012,June,6,Q2,25,22
34,2012-06-29,942970.63,No,81.91,3.257,130.7562667,9.575,2012,June,6,Q2,26,29
34,2012-06-07,1007867.68,No,77.95,3.187,130.7196333,9.285,2012,June,6,Q2,23,7
34,2012-07-13,954677.75,No,74.02,3.224,130.683,9.285,2012,July,7,Q3,28,13
34,2012-07-20,950929.59,No,77.7,3.263,130.7012903,9.285,2012,July,7,Q3,29,20
34,2012-07-27,917883.79,No,77.3,3.356,130.7195806,9.285,2012,July,7,Q3,30,27
34,2012-03-08,973250.41,No,78.93,3.374,130.737871,9.285,2012,March,3,Q1,10,8
34,2012-10-08,1004523.59,No,78.26,3.476,130.7561613,9.285,2012,October,10,Q4,41,8
34,2012-08-17,1013820.86,No,77.78,3.552,130.7909677,9.285,2012,August,8,Q3,33,17
34,2012-08-24,926250.21,No,72.44,3.61,130.8381613,9.285,2012,August,8,Q3,34,24
34,2012-08-31,933487.71,No,75.89,3.646,130.8853548,9.285,2012,August,8,Q3,35,31
34,2012-07-09,976415.56,Yes,78.26,3.709,130.9325484,9.285,2012,July,7,Q3,28,9
34,2012-09-14,955211.7,No,64.28,3.706,130.9776667,9.285,2012,September,9,Q3,37,14
34,2012-09-21,943047.78,No,66.08,3.721,131.0103333,9.285,2012,September,9,Q3,38,21
34,2012-09-28,928629.31,No,67.06,3.666,131.043,9.285,2012,September,9,Q3,39,28
34,2012-05-10,968896.68,No,65.41,3.62,131.0756667,8.839,2012,May,5,Q2,19,10
34,2012-12-10,948613.39,No,59.94,3.603,131.1083333,8.839,2012,December,12,Q4,50,10
34,2012-10-19,963516.28,No,58.47,3.61,131.1499677,8.839,2012,October,10,Q4,42,19
34,2012-10-26,956987.81,No,57.95,3.514,131.1930968,8.839,2012,October,10,Q4,43,26
35,2010-05-02,1230613.5,No,27.19,2.784,135.3524608,9.262,2010,May,5,Q2,17,2
35,2010-12-02,1168815.31,Yes,29.81,2.773,135.4113076,9.262,2010,December,12,Q4,48,2
35,2010-02-19,1270658.64,No,32.44,2.745,135.4657781,9.262,2010,February,2,Q1,7,19
35,2010-02-26,1020651.74,No,36.0,2.754,135.5195191,9.262,2010,February,2,Q1,8,26
35,2010-05-03,1162610.27,No,38.07,2.777,135.5732602,9.262,2010,May,5,Q2,18,3
35,2010-12-03,1150344.39,No,45.98,2.818,135.6270013,9.262,2010,December,12,Q4,48,3
35,2010-03-19,1117536.09,No,49.04,2.844,135.6682247,9.262,2010,March,3,Q1,11,19
35,2010-03-26,1078900.44,No,52.34,2.854,135.7073618,9.262,2010,March,3,Q1,12,26
35,2010-02-04,1189556.47,No,46.9,2.85,135.7464988,9.051,2010,February,2,Q1,5,4
35,2010-09-04,1198014.97,No,62.62,2.869,135.7856359,9.051,2010,September,9,Q3,35,4
35,2010-04-16,1084487.55,No,54.95,2.899,135.82725,9.051,2010,April,4,Q2,15,16
35,2010-04-23,1110827.48,No,53.91,2.902,135.8721667,9.051,2010,April,4,Q2,16,23
35,2010-04-30,1096930.65,No,53.55,2.921,135.9170833,9.051,2010,April,4,Q2,17,30
35,2010-07-05,1182099.88,No,69.02,2.966,135.962,9.051,2010,July,7,Q3,27,5
35,2010-05-14,1104277.57,No,53.82,2.982,136.010394,9.051,2010,May,5,Q2,19,14
35,2010-05-21,1078182.18,No,63.31,2.958,136.0796521,9.051,2010,May,5,Q2,20,21
35,2010-05-28,1223777.48,No,67.88,2.899,136.1489101,9.051,2010,May,5,Q2,21,28
35,2010-04-06,1282378.71,No,74.29,2.847,136.2181682,9.051,2010,April,4,Q2,14,6
35,2010-11-06,1160412.71,No,68.9,2.809,136.2874263,9.051,2010,November,11,Q4,44,6
35,2010-06-18,1198025.76,No,70.0,2.78,136.3243393,9.051,2010,June,6,Q2,24,18
35,2010-06-25,1230245.74,No,78.02,2.808,136.3483143,9.051,2010,June,6,Q2,25,25
35,2010-02-07,1245827.08,No,76.25,2.815,136.3722893,8.861,2010,February,2,Q1,5,7
35,2010-09-07,1268766.76,No,82.69,2.793,136.3962643,8.861,2010,September,9,Q3,36,7
35,2010-07-16,1124414.87,No,78.26,2.783,136.4179827,8.861,2010,July,7,Q3,28,16
35,2010-07-23,1121756.43,No,81.56,2.771,136.4366924,8.861,2010,July,7,Q3,29,23
35,2010-07-30,1139131.78,No,79.78,2.781,136.4554021,8.861,2010,July,7,Q3,30,30
35,2010-06-08,1180183.39,No,77.45,2.784,136.4741118,8.861,2010,June,6,Q2,23,8
35,2010-08-13,1090587.5,No,77.36,2.805,136.4928214,8.861,2010,August,8,Q3,32,13
35,2010-08-20,1033719.5,No,75.16,2.779,136.5249182,8.861,2010,August,8,Q3,33,20
35,2010-08-27,917693.06,No,70.31,2.755,136.557015,8.861,2010,August,8,Q3,34,27
35,2010-03-09,948660.79,No,78.52,2.715,136.5891118,8.861,2010,March,3,Q1,10,9
35,2010-10-09,961685.98,Yes,70.38,2.699,136.6212085,8.861,2010,October,10,Q4,40,9
35,2010-09-17,831443.61,No,64.5,2.706,136.6338071,8.861,2010,September,9,Q3,37,17
35,2010-09-24,758069.78,No,67.08,2.713,136.6317821,8.861,2010,September,9,Q3,38,24
35,2010-01-10,771065.21,No,70.19,2.707,136.6297571,8.763,2010,January,1,Q1,1,10
35,2010-08-10,874615.32,No,57.78,2.764,136.6277321,8.763,2010,August,8,Q3,32,10
35,2010-10-15,798376.99,No,58.38,2.868,136.6401935,8.763,2010,October,10,Q4,41,15
35,2010-10-22,827705.82,No,52.82,2.917,136.688871,8.763,2010,October,10,Q4,42,22
35,2010-10-29,857797.33,No,61.02,2.921,136.7375484,8.763,2010,October,10,Q4,43,29
35,2010-05-11,843755.12,No,45.91,2.917,136.7862258,8.763,2010,May,5,Q2,19,11
35,2010-12-11,870914.69,No,45.9,2.931,136.8349032,8.763,2010,December,12,Q4,49,11
35,2010-11-19,846850.35,No,50.81,3.0,136.7715714,8.763,2010,November,11,Q4,46,19
35,2010-11-26,1781866.98,Yes,46.67,3.039,136.6895714,8.763,2010,November,11,Q4,47,26
35,2010-03-12,982598.88,No,41.81,3.046,136.6075714,8.763,2010,March,3,Q1,10,12
35,2010-10-12,1108580.19,No,30.83,3.109,136.5255714,8.763,2010,October,10,Q4,41,12
35,2010-12-17,1314987.4,No,31.62,3.14,136.5292811,8.763,2010,December,12,Q4,50,17
35,2010-12-24,1779236.54,No,31.34,3.141,136.597273,8.763,2010,December,12,Q4,51,24
35,2010-12-31,576332.05,Yes,29.59,3.179,136.665265,8.763,2010,December,12,Q4,52,31
35,2011-07-01,649289.75,No,34.42,3.193,136.7332569,8.549,2011,July,7,Q3,26,1
35,2011-01-14,687670.78,No,25.7,3.205,136.803477,8.549,2011,January,1,Q1,2,14
35,2011-01-21,659902.07,No,30.13,3.229,136.8870657,8.549,2011,January,1,Q1,3,21
35,2011-01-28,633289.78,No,23.64,3.237,136.9706544,8.549,2011,January,1,Q1,4,28
35,2011-04-02,747577.05,No,28.7,3.231,137.0542431,8.549,2011,April,4,Q2,13,2
35,2011-11-02,859258.17,Yes,30.45,3.239,137.1378318,8.549,2011,November,11,Q4,44,2
35,2011-02-18,865305.88,No,39.32,3.245,137.2511849,8.549,2011,February,2,Q1,7,18
35,2011-02-25,841129.26,No,33.05,3.274,137.3764439,8.549,2011,February,2,Q1,8,25
35,2011-04-03,850448.54,No,36.99,3.433,137.5017028,8.549,2011,April,4,Q2,13,3
35,2011-11-03,830601.39,No,43.64,3.582,137.6269617,8.549,2011,November,11,Q4,44,3
35,2011-03-18,800662.82,No,46.65,3.631,137.7398929,8.549,2011,March,3,Q1,11,18
35,2011-03-25,762184.1,No,40.11,3.625,137.8478929,8.549,2011,March,3,Q1,12,25
35,2011-01-04,762620.94,No,37.27,3.638,137.9558929,8.512,2011,January,1,Q1,1,4
35,2011-08-04,813352.41,No,46.87,3.72,138.0638929,8.512,2011,August,8,Q3,31,4
35,2011-04-15,795157.2,No,52.24,3.821,138.1646952,8.512,2011,April,4,Q2,15,15
35,2011-04-22,841778.34,No,50.02,3.892,138.2475036,8.512,2011,April,4,Q2,16,22
35,2011-04-29,811824.06,No,61.71,3.962,138.3303119,8.512,2011,April,4,Q2,17,29
35,2011-06-05,835181.18,No,56.48,4.046,138.4131202,8.512,2011,June,6,Q2,22,5
35,2011-05-13,826155.95,No,60.07,4.066,138.4959286,8.512,2011,May,5,Q2,19,13
35,2011-05-20,776838.56,No,60.22,4.062,138.587106,8.512,2011,May,5,Q2,20,20
35,2011-05-27,850708.6,No,66.43,3.985,138.6782834,8.512,2011,May,5,Q2,21,27
35,2011-03-06,955466.84,No,74.17,3.922,138.7694608,8.512,2011,March,3,Q1,9,6
35,2011-10-06,855130.21,No,73.26,3.881,138.8606382,8.512,2011,October,10,Q4,40,6
35,2011-06-17,828594.86,No,67.03,3.842,139.0028333,8.512,2011,June,6,Q2,24,17
35,2011-06-24,849397.57,No,72.02,3.804,139.1832917,8.512,2011,June,6,Q2,25,24
35,2011-01-07,874453.88,No,73.76,3.748,139.36375,8.684,2011,January,1,Q1,1,7
35,2011-08-07,827717.85,No,76.87,3.711,139.5442083,8.684,2011,August,8,Q3,31,7
35,2011-07-15,813845.5,No,77.83,3.76,139.7006325,8.684,2011,July,7,Q3,28,15
35,2011-07-22,820188.42,No,82.28,3.811,139.7969712,8.684,2011,July,7,Q3,29,22
35,2011-07-29,770820.27,No,79.41,3.829,139.8933099,8.684,2011,July,7,Q3,30,29
35,2011-05-08,826820.71,No,78.14,3.842,139.9896486,8.684,2011,May,5,Q2,18,8
35,2011-12-08,819911.89,No,76.67,3.812,140.0859873,8.684,2011,December,12,Q4,49,8
35,2011-08-19,820288.35,No,72.97,3.747,140.1289205,8.684,2011,August,8,Q3,33,19
35,2011-08-26,897037.25,No,72.88,3.704,140.1629528,8.684,2011,August,8,Q3,34,26
35,2011-02-09,813486.55,No,71.44,3.703,140.196985,8.684,2011,February,2,Q1,6,9
35,2011-09-09,922440.64,Yes,70.93,3.738,140.2310173,8.684,2011,September,9,Q3,36,9
35,2011-09-16,738792.11,No,69.65,3.742,140.2735,8.684,2011,September,9,Q3,37,16
35,2011-09-23,705802.45,No,63.61,3.711,140.32725,8.684,2011,September,9,Q3,38,23
35,2011-09-30,749676.95,No,70.92,3.645,140.381,8.684,2011,September,9,Q3,39,30
35,2011-07-10,791637.53,No,56.91,3.583,140.43475,8.745,2011,July,7,Q3,27,10
35,2011-10-14,772859.25,No,64.78,3.541,140.4784194,8.745,2011,October,10,Q4,41,14
35,2011-10-21,811328.4,No,59.62,3.57,140.4616048,8.745,2011,October,10,Q4,42,21
35,2011-10-28,808821.5,No,51.81,3.569,140.4447903,8.745,2011,October,10,Q4,43,28
35,2011-04-11,653468.75,No,44.46,3.551,140.4279758,8.745,2011,April,4,Q2,15,11
35,2011-11-11,880576.33,No,49.69,3.53,140.4111613,8.745,2011,November,11,Q4,45,11
35,2011-11-18,820964.1,No,51.42,3.53,140.4127857,8.745,2011,November,11,Q4,46,18
35,2011-11-25,1733822.4,Yes,47.88,3.492,140.4217857,8.745,2011,November,11,Q4,47,25
35,2011-02-12,903606.03,No,50.55,3.452,140.4307857,8.745,2011,February,2,Q1,6,12
35,2011-09-12,948964.99,No,46.28,3.415,140.4397857,8.745,2011,September,9,Q3,37,12
35,2011-12-16,1115255.65,No,40.68,3.413,140.4700795,8.745,2011,December,12,Q4,50,16
35,2011-12-23,1550214.02,No,41.59,3.389,140.528765,8.745,2011,December,12,Q4,51,23
35,2011-12-30,904650.55,Yes,37.85,3.389,140.5874505,8.745,2011,December,12,Q4,52,30
35,2012-06-01,671708.09,No,35.8,3.422,140.6461359,8.744,2012,June,6,Q2,22,1
35,2012-01-13,625135.11,No,41.3,3.513,140.7048214,8.744,2012,January,1,Q1,2,13
35,2012-01-20,669850.04,No,30.35,3.533,140.8086118,8.744,2012,January,1,Q1,3,20
35,2012-01-27,588722.99,No,36.96,3.567,140.9124021,8.744,2012,January,1,Q1,4,27
35,2012-03-02,746901.03,No,42.52,3.617,141.0161924,8.744,2012,March,3,Q1,9,2
35,2012-10-02,849779.14,Yes,37.86,3.64,141.1199827,8.744,2012,October,10,Q4,40,2
35,2012-02-17,824568.39,No,37.24,3.695,141.2140357,8.744,2012,February,2,Q1,7,17
35,2012-02-24,805028.74,No,41.74,3.739,141.3007857,8.744,2012,February,2,Q1,8,24
35,2012-02-03,766571.1,No,40.07,3.816,141.3875357,8.744,2012,February,2,Q1,5,3
35,2012-09-03,796351.35,No,44.32,3.848,141.4742857,8.744,2012,September,9,Q3,36,3
35,2012-03-16,793045.82,No,49.6,3.862,141.55478,8.744,2012,March,3,Q1,11,16
35,2012-03-23,760671.1,No,57.3,3.9,141.6269332,8.744,2012,March,3,Q1,12,23
35,2012-03-30,744525.69,No,49.4,3.953,141.6990864,8.744,2012,March,3,Q1,13,30
35,2012-06-04,860293.46,No,48.73,3.996,141.7712396,8.876,2012,June,6,Q2,23,4
35,2012-04-13,788633.42,No,52.22,4.044,141.8433929,8.876,2012,April,4,Q2,15,13
35,2012-04-20,794660.24,No,62.62,4.027,141.9015262,8.876,2012,April,4,Q2,16,20
35,2012-04-27,721212.45,No,52.33,4.004,141.9596595,8.876,2012,April,4,Q2,17,27
35,2012-04-05,772036.6,No,53.68,3.951,142.0177929,8.876,2012,April,4,Q2,14,5
35,2012-11-05,802383.63,No,58.97,3.889,142.0759262,8.876,2012,November,11,Q4,45,5
35,2012-05-18,819196.68,No,65.15,3.848,142.0970115,8.876,2012,May,5,Q2,20,18
35,2012-05-25,822167.17,No,64.77,3.798,142.1032776,8.876,2012,May,5,Q2,21,25
35,2012-01-06,932195.52,No,73.4,3.742,142.1095438,8.876,2012,January,1,Q1,1,6
35,2012-08-06,873415.01,No,64.05,3.689,142.1158099,8.876,2012,August,8,Q3,32,6
35,2012-06-15,848289.41,No,69.52,3.62,142.1292548,8.876,2012,June,6,Q2,24,15
35,2012-06-22,911696.0,No,73.23,3.564,142.1606464,8.876,2012,June,6,Q2,25,22
35,2012-06-29,892133.41,No,73.94,3.506,142.1920381,8.876,2012,June,6,Q2,26,29
35,2012-06-07,985479.64,No,82.08,3.475,142.2234298,8.839,2012,June,6,Q2,23,7
35,2012-07-13,825763.48,No,78.95,3.523,142.2548214,8.839,2012,July,7,Q3,28,13
35,2012-07-20,841224.74,No,78.64,3.567,142.2337569,8.839,2012,July,7,Q3,29,20
35,2012-07-27,808030.15,No,76.01,3.647,142.2126924,8.839,2012,July,7,Q3,30,27
35,2012-03-08,866216.36,No,75.22,3.654,142.1916279,8.839,2012,March,3,Q1,10,8
35,2012-10-08,888368.8,No,78.44,3.722,142.1705634,8.839,2012,October,10,Q4,41,8
35,2012-08-17,887979.47,No,76.51,3.807,142.2157385,8.839,2012,August,8,Q3,33,17
35,2012-08-24,895274.72,No,72.93,3.834,142.3105933,8.839,2012,August,8,Q3,34,24
35,2012-08-31,931278.97,No,75.0,3.867,142.4054482,8.839,2012,August,8,Q3,35,31
35,2012-07-09,984833.35,Yes,76.0,3.911,142.500303,8.839,2012,July,7,Q3,28,9
35,2012-09-14,821568.64,No,68.72,3.948,142.5938833,8.839,2012,September,9,Q3,37,14
35,2012-09-21,772302.94,No,66.1,4.038,142.6798167,8.839,2012,September,9,Q3,38,21
35,2012-09-28,814099.86,No,64.92,3.997,142.76575,8.839,2012,September,9,Q3,39,28
35,2012-05-10,866064.4,No,64.5,3.985,142.8516833,8.665,2012,May,5,Q2,19,10
35,2012-12-10,873643.14,No,55.4,4.0,142.9376167,8.665,2012,December,12,Q4,50,10
35,2012-10-19,829284.67,No,56.53,3.969,142.8633629,8.665,2012,October,10,Q4,42,19
35,2012-10-26,865137.6,No,58.99,3.882,142.7624113,8.665,2012,October,10,Q4,43,26
36,2010-05-02,467546.74,No,45.97,2.545,209.8529663,8.554,2010,May,5,Q2,17,2
36,2010-12-02,469563.7,Yes,46.11,2.539,209.9970208,8.554,2010,December,12,Q4,48,2
36,2010-02-19,470281.03,No,45.66,2.472,210.0451024,8.554,2010,February,2,Q1,7,19
36,2010-02-26,447519.44,No,50.87,2.52,210.0771885,8.554,2010,February,2,Q1,8,26
36,2010-05-03,480203.43,No,51.33,2.574,210.1092746,8.554,2010,May,5,Q2,18,3
36,2010-12-03,441434.2,No,61.96,2.619,210.1413607,8.554,2010,December,12,Q4,48,3
36,2010-03-19,428851.99,No,59.56,2.701,209.9803208,8.554,2010,March,3,Q1,11,19
36,2010-03-26,404438.51,No,55.76,2.711,209.7870932,8.554,2010,March,3,Q1,12,26
36,2010-02-04,435972.82,No,63.43,2.708,209.5938656,8.464,2010,February,2,Q1,5,4
36,2010-09-04,453016.91,No,68.54,2.743,209.400638,8.464,2010,September,9,Q3,35,4
36,2010-04-16,483699.56,No,66.74,2.769,209.2691428,8.464,2010,April,4,Q2,15,16
36,2010-04-23,434116.8,No,68.03,2.762,209.2199574,8.464,2010,April,4,Q2,16,23
36,2010-04-30,457899.64,No,70.9,2.725,209.170772,8.464,2010,April,4,Q2,17,30
36,2010-07-05,489372.02,No,75.56,2.786,209.1215867,8.464,2010,July,7,Q3,27,5
36,2010-05-14,476733.74,No,77.53,2.805,209.118536,8.464,2010,May,5,Q2,19,14
36,2010-05-21,474917.98,No,77.34,2.767,209.3922937,8.464,2010,May,5,Q2,20,21
36,2010-05-28,447050.42,No,80.87,2.716,209.6660514,8.464,2010,May,5,Q2,21,28
36,2010-04-06,471088.88,No,79.93,2.664,209.9398091,8.464,2010,April,4,Q2,14,6
36,2010-11-06,467711.18,No,82.3,2.615,210.2135668,8.464,2010,November,11,Q4,44,6
36,2010-06-18,485694.72,No,84.37,2.572,210.2108417,8.464,2010,June,6,Q2,24,18
36,2010-06-25,434879.87,No,84.14,2.601,210.0975233,8.464,2010,June,6,Q2,25,25
36,2010-02-07,434252.15,No,81.85,2.606,209.984205,8.36,2010,February,2,Q1,5,7
36,2010-09-07,471713.59,No,81.74,2.596,209.8708867,8.36,2010,September,9,Q3,36,7
36,2010-07-16,466962.04,No,84.43,2.561,209.8630532,8.36,2010,July,7,Q3,28,16
36,2010-07-23,452021.2,No,82.6,2.542,209.9958663,8.36,2010,July,7,Q3,29,23
36,2010-07-30,432451.91,No,81.88,2.602,210.1286794,8.36,2010,July,7,Q3,30,30
36,2010-06-08,467442.94,No,85.49,2.573,210.2614925,8.36,2010,June,6,Q2,23,8
36,2010-08-13,470436.8,No,86.06,2.644,210.3943056,8.36,2010,August,8,Q3,32,13
36,2010-08-20,437949.9,No,85.54,2.604,210.3617581,8.36,2010,August,8,Q3,33,20
36,2010-08-27,412050.73,No,84.62,2.562,210.3292106,8.36,2010,August,8,Q3,34,27
36,2010-03-09,431294.45,No,82.29,2.533,210.2966631,8.36,2010,March,3,Q1,10,9
36,2010-10-09,434471.38,Yes,80.58,2.513,210.2641156,8.36,2010,October,10,Q4,40,9
36,2010-09-17,454694.21,No,82.1,2.55,210.2924504,8.36,2010,September,9,Q3,37,17
36,2010-09-24,419348.59,No,79.17,2.578,210.3664469,8.36,2010,September,9,Q3,38,24
36,2010-01-10,422169.47,No,74.66,2.567,210.4404433,8.476,2010,January,1,Q1,1,10
36,2010-08-10,444351.61,No,66.34,2.595,210.5144398,8.476,2010,August,8,Q3,32,10
36,2010-10-15,453308.15,No,71.57,2.705,210.5805944,8.476,2010,October,10,Q4,41,15
36,2010-10-22,424956.3,No,72.24,2.698,210.6271444,8.476,2010,October,10,Q4,42,22
36,2010-10-29,392654.26,No,76.22,2.68,210.6736944,8.476,2010,October,10,Q4,43,29
36,2010-05-11,405860.37,No,62.72,2.655,210.7202444,8.476,2010,May,5,Q2,19,11
36,2010-12-11,425804.8,No,61.97,2.705,210.7667944,8.476,2010,December,12,Q4,49,11
36,2010-11-19,411615.71,No,56.73,2.741,210.65429,8.476,2010,November,11,Q4,46,19
36,2010-11-26,408891.49,Yes,67.73,2.725,210.5152765,8.476,2010,November,11,Q4,47,26
36,2010-03-12,360266.09,No,54.44,2.694,210.376263,8.476,2010,March,3,Q1,10,12
36,2010-10-12,404545.03,No,51.83,2.813,210.2372494,8.476,2010,October,10,Q4,41,12
36,2010-12-17,410214.7,No,56.73,2.852,210.1787224,8.476,2010,December,12,Q4,50,17
36,2010-12-24,422093.59,No,59.1,2.863,210.1805602,8.476,2010,December,12,Q4,51,24
36,2010-12-31,359310.65,Yes,52.88,2.949,210.182398,8.476,2010,December,12,Q4,52,31
36,2011-07-01,384659.85,No,54.11,2.942,210.1842358,8.395,2011,July,7,Q3,26,1
36,2011-01-14,410497.73,No,42.87,2.971,210.2379731,8.395,2011,January,1,Q1,2,14
36,2011-01-21,399191.05,No,51.18,2.98,210.6031072,8.395,2011,January,1,Q1,3,21
36,2011-01-28,372174.12,No,48.74,2.995,210.9682412,8.395,2011,January,1,Q1,4,28
36,2011-04-02,417521.7,No,46.68,2.98,211.3333753,8.395,2011,April,4,Q2,13,2
36,2011-11-02,401501.2,Yes,41.16,3.009,211.6985093,8.395,2011,November,11,Q4,44,2
36,2011-02-18,427175.03,No,57.48,3.017,212.0063522,8.395,2011,February,2,Q1,7,18
36,2011-02-25,380279.44,No,67.73,3.053,212.2912786,8.395,2011,February,2,Q1,8,25
36,2011-04-03,402579.84,No,64.55,3.282,212.576205,8.395,2011,April,4,Q2,13,3
36,2011-11-03,407506.78,No,59.15,3.448,212.8611313,8.395,2011,November,11,Q4,44,3
36,2011-03-18,431412.22,No,64.9,3.487,213.1096787,8.395,2011,March,3,Q1,11,18
36,2011-03-25,390732.02,No,71.07,3.488,213.3436744,8.395,2011,March,3,Q1,12,25
36,2011-01-04,385672.11,No,67.31,3.529,213.5776701,8.3,2011,January,1,Q1,1,4
36,2011-08-04,428727.61,No,69.39,3.645,213.8116658,8.3,2011,August,8,Q3,31,4
36,2011-04-15,414986.54,No,73.25,3.763,214.026217,8.3,2011,April,4,Q2,15,15
36,2011-04-22,374574.72,No,74.57,3.805,214.1921572,8.3,2011,April,4,Q2,16,22
36,2011-04-29,340708.78,No,76.1,3.837,214.3580974,8.3,2011,April,4,Q2,17,29
36,2011-06-05,393401.4,No,69.56,3.917,214.5240376,8.3,2011,June,6,Q2,22,5
36,2011-05-13,395316.65,No,76.73,3.92,214.6899778,8.3,2011,May,5,Q2,19,13
36,2011-05-20,376183.44,No,73.02,3.925,214.465412,8.3,2011,May,5,Q2,20,20
36,2011-05-27,348655.2,No,81.28,3.786,214.2408462,8.3,2011,May,5,Q2,21,27
36,2011-03-06,373703.95,No,82.96,3.69,214.0162805,8.3,2011,March,3,Q1,9,6
36,2011-10-06,374182.04,No,82.41,3.633,213.7917147,8.3,2011,October,10,Q4,40,6
36,2011-06-17,394645.25,No,84.43,3.599,213.7481256,8.3,2011,June,6,Q2,24,17
36,2011-06-24,360009.94,No,83.95,3.569,213.8402689,8.3,2011,June,6,Q2,25,24
36,2011-01-07,354270.77,No,85.33,3.502,213.9324122,8.177,2011,January,1,Q1,1,7
36,2011-08-07,377464.62,No,84.71,3.44,214.0245556,8.177,2011,August,8,Q3,31,7
36,2011-07-15,385631.48,No,85.63,3.55,214.1083654,8.177,2011,July,7,Q3,28,15
36,2011-07-22,361311.41,No,83.31,3.637,214.1713416,8.177,2011,July,7,Q3,29,22
36,2011-07-29,354361.08,No,84.99,3.66,214.2343177,8.177,2011,July,7,Q3,30,29
36,2011-05-08,381017.75,No,86.71,3.652,214.2972939,8.177,2011,May,5,Q2,18,8
36,2011-12-08,380188.69,No,87.64,3.608,214.3602701,8.177,2011,December,12,Q4,49,8
36,2011-08-19,373267.58,No,87.24,3.534,214.4239935,8.177,2011,August,8,Q3,33,19
36,2011-08-26,344964.2,No,86.02,3.501,214.4878416,8.177,2011,August,8,Q3,34,26
36,2011-02-09,350276.29,No,87.5,3.481,214.5516896,8.177,2011,February,2,Q1,6,9
36,2011-09-09,352960.64,Yes,77.94,3.499,214.6155376,8.177,2011,September,9,Q3,36,9
36,2011-09-16,343108.12,No,82.06,3.473,214.7934111,8.177,2011,September,9,Q3,37,16
36,2011-09-23,322405.13,No,78.35,3.441,215.1233185,8.177,2011,September,9,Q3,38,23
36,2011-09-30,314910.37,No,81.52,3.328,215.4532259,8.177,2011,September,9,Q3,39,30
36,2011-07-10,346137.87,No,71.2,3.262,215.7831333,7.716,2011,July,7,Q3,27,10
36,2011-10-14,342076.99,No,74.16,3.234,216.0885258,7.716,2011,October,10,Q4,41,14
36,2011-10-21,328633.34,No,67.89,3.308,216.2468287,7.716,2011,October,10,Q4,42,21
36,2011-10-28,306193.81,No,71.31,3.306,216.4051315,7.716,2011,October,10,Q4,43,28
36,2011-04-11,313387.11,No,58.97,3.287,216.5634344,7.716,2011,April,4,Q2,15,11
36,2011-11-11,328498.92,No,63.5,3.254,216.7217373,7.716,2011,November,11,Q4,45,11
36,2011-11-18,332901.94,No,66.28,3.26,216.9395861,7.716,2011,November,11,Q4,46,18
36,2011-11-25,332811.55,Yes,66.41,3.181,217.1812533,7.716,2011,November,11,Q4,47,25
36,2011-02-12,293350.51,No,53.57,3.164,217.4229206,7.716,2011,February,2,Q1,6,12
36,2011-09-12,312298.37,No,50.64,3.147,217.6645878,7.716,2011,September,9,Q3,37,12
36,2011-12-16,341503.92,No,58.31,3.133,217.8781339,7.716,2011,December,12,Q4,50,16
36,2011-12-23,325262.46,No,55.41,3.098,218.0541851,7.716,2011,December,12,Q4,51,23
36,2011-12-30,287425.22,Yes,48.26,3.132,218.2302364,7.716,2011,December,12,Q4,52,30
36,2012-06-01,329467.82,No,57.18,3.129,218.4062876,7.244,2012,June,6,Q2,22,1
36,2012-01-13,325976.34,No,56.28,3.254,218.5823389,7.244,2012,January,1,Q1,2,13
36,2012-01-20,330927.21,No,58.9,3.275,218.6755292,7.244,2012,January,1,Q1,3,20
36,2012-01-27,301444.94,No,62.73,3.313,218.7687195,7.244,2012,January,1,Q1,4,27
36,2012-03-02,310982.87,No,61.33,3.421,218.8619099,7.244,2012,March,3,Q1,9,2
36,2012-10-02,335741.9,Yes,54.49,3.462,218.9551002,7.244,2012,October,10,Q4,40,2
36,2012-02-17,326316.73,No,54.38,3.503,219.1148297,7.244,2012,February,2,Q1,7,17
36,2012-02-24,313270.45,No,62.21,3.55,219.3244636,7.244,2012,February,2,Q1,8,24
36,2012-02-03,315396.72,No,64.54,3.619,219.5340975,7.244,2012,February,2,Q1,5,3
36,2012-09-03,318674.93,No,63.19,3.647,219.7437314,7.244,2012,September,9,Q3,36,3
36,2012-03-16,335345.82,No,67.48,3.779,219.8956335,7.244,2012,March,3,Q1,11,16
36,2012-03-23,317872.51,No,69.18,3.845,219.9705599,7.244,2012,March,3,Q1,12,23
36,2012-03-30,304144.9,No,70.48,3.891,220.0454862,7.244,2012,March,3,Q1,13,30
36,2012-06-04,331026.11,No,73.95,3.934,220.1204125,6.989,2012,June,6,Q2,23,4
36,2012-04-13,339407.94,No,72.54,3.919,220.1953389,6.989,2012,April,4,Q2,15,13
36,2012-04-20,323915.32,No,70.87,3.918,220.2483937,6.989,2012,April,4,Q2,16,20
36,2012-04-27,308389.82,No,70.06,3.888,220.3014485,6.989,2012,April,4,Q2,17,27
36,2012-04-05,312467.52,No,77.17,3.835,220.3545033,6.989,2012,April,4,Q2,14,5
36,2012-11-05,330518.34,No,76.55,3.764,220.4075581,6.989,2012,November,11,Q4,45,5
36,2012-05-18,324801.13,No,73.7,3.713,220.4252149,6.989,2012,May,5,Q2,20,18
36,2012-05-25,306098.17,No,78.94,3.636,220.4287124,6.989,2012,May,5,Q2,21,25
36,2012-01-06,306005.53,No,80.74,3.567,220.4322099,6.989,2012,January,1,Q1,1,6
36,2012-08-06,338273.38,No,81.5,3.513,220.4357073,6.989,2012,August,8,Q3,32,6
36,2012-06-15,333146.88,No,82.15,3.407,220.4494148,6.989,2012,June,6,Q2,24,15
36,2012-06-22,306411.01,No,80.4,3.358,220.4886472,6.989,2012,June,6,Q2,25,22
36,2012-06-29,291530.43,No,86.68,3.273,220.5278796,6.989,2012,June,6,Q2,26,29
36,2012-06-07,306578.89,No,81.52,3.232,220.567112,6.623,2012,June,6,Q2,23,7
36,2012-07-13,298337.41,No,78.15,3.245,220.6063444,6.623,2012,July,7,Q3,28,13
36,2012-07-20,303289.55,No,81.76,3.301,220.6148749,6.623,2012,July,7,Q3,29,20
36,2012-07-27,279643.43,No,84.0,3.392,220.6234054,6.623,2012,July,7,Q3,30,27
36,2012-03-08,304989.97,No,85.56,3.404,220.6319358,6.623,2012,March,3,Q1,10,8
36,2012-10-08,298947.51,No,84.41,3.49,220.6404663,6.623,2012,October,10,Q4,41,8
36,2012-08-17,314607.22,No,85.89,3.571,220.7199609,6.623,2012,August,8,Q3,33,17
36,2012-08-24,282545.55,No,81.26,3.574,220.8526787,6.623,2012,August,8,Q3,34,24
36,2012-08-31,282647.48,No,84.79,3.608,220.9853964,6.623,2012,August,8,Q3,35,31
36,2012-07-09,293728.57,Yes,84.19,3.697,221.1181142,6.623,2012,July,7,Q3,28,9
36,2012-09-14,301893.63,No,78.16,3.692,221.2601207,6.623,2012,September,9,Q3,37,14
36,2012-09-21,293804.45,No,75.98,3.709,221.4578604,6.623,2012,September,9,Q3,38,21
36,2012-09-28,270677.98,No,79.49,3.66,221.6556,6.623,2012,September,9,Q3,39,28
36,2012-05-10,277137.86,No,73.57,3.611,221.8533396,6.228,2012,May,5,Q2,19,10
36,2012-12-10,300236.85,No,71.28,3.576,222.0510793,6.228,2012,December,12,Q4,50,10
36,2012-10-19,287360.05,No,74.06,3.57,222.0951719,6.228,2012,October,10,Q4,42,19
36,2012-10-26,272489.41,No,74.39,3.494,222.1136566,6.228,2012,October,10,Q4,43,26
37,2010-05-02,536006.73,No,45.97,2.572,209.8529663,8.554,2010,May,5,Q2,17,2
37,2010-12-02,529852.7,Yes,46.11,2.548,209.9970208,8.554,2010,December,12,Q4,48,2
37,2010-02-19,510382.5,No,45.66,2.514,210.0451024,8.554,2010,February,2,Q1,7,19
37,2010-02-26,513615.82,No,50.87,2.561,210.0771885,8.554,2010,February,2,Q1,8,26
37,2010-05-03,519255.68,No,51.33,2.625,210.1092746,8.554,2010,May,5,Q2,18,3
37,2010-12-03,513015.35,No,61.96,2.667,210.1413607,8.554,2010,December,12,Q4,48,3
37,2010-03-19,460020.74,No,59.56,2.72,209.9803208,8.554,2010,March,3,Q1,11,19
37,2010-03-26,515777.97,No,55.76,2.732,209.7870932,8.554,2010,March,3,Q1,12,26
37,2010-02-04,540189.7,No,63.43,2.719,209.5938656,8.464,2010,February,2,Q1,5,4
37,2010-09-04,513327.55,No,68.54,2.77,209.400638,8.464,2010,September,9,Q3,35,4
37,2010-04-16,524544.83,No,66.74,2.808,209.2691428,8.464,2010,April,4,Q2,15,16
37,2010-04-23,527019.78,No,68.03,2.795,209.2199574,8.464,2010,April,4,Q2,16,23
37,2010-04-30,517850.83,No,70.9,2.78,209.170772,8.464,2010,April,4,Q2,17,30
37,2010-07-05,543234.77,No,75.56,2.835,209.1215867,8.464,2010,July,7,Q3,27,5
37,2010-05-14,505196.08,No,77.53,2.854,209.118536,8.464,2010,May,5,Q2,19,14
37,2010-05-21,510494.7,No,77.34,2.826,209.3922937,8.464,2010,May,5,Q2,20,21
37,2010-05-28,532241.22,No,80.87,2.759,209.6660514,8.464,2010,May,5,Q2,21,28
37,2010-04-06,479195.02,No,79.93,2.705,209.9398091,8.464,2010,April,4,Q2,14,6
37,2010-11-06,481915.11,No,82.3,2.668,210.2135668,8.464,2010,November,11,Q4,44,6
37,2010-06-18,505761.62,No,84.37,2.637,210.2108417,8.464,2010,June,6,Q2,24,18
37,2010-06-25,485419.39,No,84.14,2.653,210.0975233,8.464,2010,June,6,Q2,25,25
37,2010-02-07,498292.53,No,81.85,2.669,209.984205,8.36,2010,February,2,Q1,5,7
37,2010-09-07,502456.04,No,81.74,2.642,209.8708867,8.36,2010,September,9,Q3,36,7
37,2010-07-16,485150.01,No,84.43,2.623,209.8630532,8.36,2010,July,7,Q3,28,16
37,2010-07-23,491998.12,No,82.6,2.608,209.9958663,8.36,2010,July,7,Q3,29,23
37,2010-07-30,487912.95,No,81.88,2.64,210.1286794,8.36,2010,July,7,Q3,30,30
37,2010-06-08,508576.62,No,85.49,2.627,210.2614925,8.36,2010,June,6,Q2,23,8
37,2010-08-13,491815.83,No,86.06,2.692,210.3943056,8.36,2010,August,8,Q3,32,13
37,2010-08-20,486930.72,No,85.54,2.664,210.3617581,8.36,2010,August,8,Q3,33,20
37,2010-08-27,512157.25,No,84.62,2.619,210.3292106,8.36,2010,August,8,Q3,34,27
37,2010-03-09,510427.53,No,82.29,2.577,210.2966631,8.36,2010,March,3,Q1,10,9
37,2010-10-09,510296.07,Yes,80.58,2.565,210.2641156,8.36,2010,October,10,Q4,40,9
37,2010-09-17,501251.4,No,82.1,2.582,210.2924504,8.36,2010,September,9,Q3,37,17
37,2010-09-24,494265.48,No,79.17,2.624,210.3664469,8.36,2010,September,9,Q3,38,24
37,2010-01-10,529877.93,No,74.66,2.603,210.4404433,8.476,2010,January,1,Q1,1,10
37,2010-08-10,524483.65,No,66.34,2.633,210.5144398,8.476,2010,August,8,Q3,32,10
37,2010-10-15,498925.86,No,71.57,2.72,210.5805944,8.476,2010,October,10,Q4,41,15
37,2010-10-22,510425.4,No,72.24,2.725,210.6271444,8.476,2010,October,10,Q4,42,22
37,2010-10-29,514485.9,No,76.22,2.716,210.6736944,8.476,2010,October,10,Q4,43,29
37,2010-05-11,539683.42,No,62.72,2.689,210.7202444,8.476,2010,May,5,Q2,19,11
37,2010-12-11,517546.69,No,61.97,2.728,210.7667944,8.476,2010,December,12,Q4,49,11
37,2010-11-19,518124.16,No,56.73,2.771,210.65429,8.476,2010,November,11,Q4,46,19
37,2010-11-26,518220.72,Yes,67.73,2.735,210.5152765,8.476,2010,November,11,Q4,47,26
37,2010-03-12,508213.14,No,54.44,2.708,210.376263,8.476,2010,March,3,Q1,10,12
37,2010-10-12,511207.52,No,51.83,2.843,210.2372494,8.476,2010,October,10,Q4,41,12
37,2010-12-17,534285.21,No,56.73,2.869,210.1787224,8.476,2010,December,12,Q4,50,17
37,2010-12-24,576809.92,No,59.1,2.886,210.1805602,8.476,2010,December,12,Q4,51,24
37,2010-12-31,460331.7,Yes,52.88,2.943,210.182398,8.476,2010,December,12,Q4,52,31
37,2011-07-01,542464.02,No,54.11,2.976,210.1842358,8.395,2011,July,7,Q3,26,1
37,2011-01-14,525616.9,No,42.87,2.983,210.2379731,8.395,2011,January,1,Q1,2,14
37,2011-01-21,526486.82,No,51.18,3.016,210.6031072,8.395,2011,January,1,Q1,3,21
37,2011-01-28,513672.36,No,48.74,3.01,210.9682412,8.395,2011,January,1,Q1,4,28
37,2011-04-02,583835.18,No,46.68,2.989,211.3333753,8.395,2011,April,4,Q2,13,2
37,2011-11-02,522514.32,Yes,41.16,3.022,211.6985093,8.395,2011,November,11,Q4,44,2
37,2011-02-18,536840.69,No,57.48,3.045,212.0063522,8.395,2011,February,2,Q1,7,18
37,2011-02-25,514758.19,No,67.73,3.065,212.2912786,8.395,2011,February,2,Q1,8,25
37,2011-04-03,527572.25,No,64.55,3.288,212.576205,8.395,2011,April,4,Q2,13,3
37,2011-11-03,505610.4,No,59.15,3.459,212.8611313,8.395,2011,November,11,Q4,44,3
37,2011-03-18,478503.06,No,64.9,3.488,213.1096787,8.395,2011,March,3,Q1,11,18
37,2011-03-25,522105.93,No,71.07,3.473,213.3436744,8.395,2011,March,3,Q1,12,25
37,2011-01-04,534578.78,No,67.31,3.524,213.5776701,8.3,2011,January,1,Q1,1,4
37,2011-08-04,543703.16,No,69.39,3.622,213.8116658,8.3,2011,August,8,Q3,31,4
37,2011-04-15,543775.87,No,73.25,3.743,214.026217,8.3,2011,April,4,Q2,15,15
37,2011-04-22,526434.37,No,74.57,3.807,214.1921572,8.3,2011,April,4,Q2,16,22
37,2011-04-29,502918.18,No,76.1,3.81,214.3580974,8.3,2011,April,4,Q2,17,29
37,2011-06-05,547513.3,No,69.56,3.906,214.5240376,8.3,2011,June,6,Q2,22,5
37,2011-05-13,511871.63,No,76.73,3.899,214.6899778,8.3,2011,May,5,Q2,19,13
37,2011-05-20,533564.42,No,73.02,3.907,214.465412,8.3,2011,May,5,Q2,20,20
37,2011-05-27,507086.75,No,81.28,3.786,214.2408462,8.3,2011,May,5,Q2,21,27
37,2011-03-06,500381.23,No,82.96,3.699,214.0162805,8.3,2011,March,3,Q1,9,6
37,2011-10-06,509647.25,No,82.41,3.648,213.7917147,8.3,2011,October,10,Q4,40,6
37,2011-06-17,525132.36,No,84.43,3.637,213.7481256,8.3,2011,June,6,Q2,24,17
37,2011-06-24,509276.22,No,83.95,3.594,213.8402689,8.3,2011,June,6,Q2,25,24
37,2011-01-07,517021.3,No,85.33,3.524,213.9324122,8.177,2011,January,1,Q1,1,7
37,2011-08-07,489059.93,No,84.71,3.48,214.0245556,8.177,2011,August,8,Q3,31,7
37,2011-07-15,498749.62,No,85.63,3.575,214.1083654,8.177,2011,July,7,Q3,28,15
37,2011-07-22,505543.53,No,83.31,3.651,214.1713416,8.177,2011,July,7,Q3,29,22
37,2011-07-29,504974.95,No,84.99,3.682,214.2343177,8.177,2011,July,7,Q3,30,29
37,2011-05-08,510787.46,No,86.71,3.684,214.2972939,8.177,2011,May,5,Q2,18,8
37,2011-12-08,502504.39,No,87.64,3.638,214.3602701,8.177,2011,December,12,Q4,49,8
37,2011-08-19,506897.98,No,87.24,3.554,214.4239935,8.177,2011,August,8,Q3,33,19
37,2011-08-26,527947.21,No,86.02,3.523,214.4878416,8.177,2011,August,8,Q3,34,26
37,2011-02-09,530367.83,No,87.5,3.533,214.5516896,8.177,2011,February,2,Q1,6,9
37,2011-09-09,506273.74,Yes,77.94,3.546,214.6155376,8.177,2011,September,9,Q3,36,9
37,2011-09-16,513341.94,No,82.06,3.526,214.7934111,8.177,2011,September,9,Q3,37,16
37,2011-09-23,516556.94,No,78.35,3.467,215.1233185,8.177,2011,September,9,Q3,38,23
37,2011-09-30,516402.1,No,81.52,3.355,215.4532259,8.177,2011,September,9,Q3,39,30
37,2011-07-10,522816.85,No,71.2,3.285,215.7831333,7.716,2011,July,7,Q3,27,10
37,2011-10-14,513636.01,No,74.16,3.274,216.0885258,7.716,2011,October,10,Q4,41,14
37,2011-10-21,522784.33,No,67.89,3.353,216.2468287,7.716,2011,October,10,Q4,42,21
37,2011-10-28,517355.44,No,71.31,3.372,216.4051315,7.716,2011,October,10,Q4,43,28
37,2011-04-11,555925.6,No,58.97,3.332,216.5634344,7.716,2011,April,4,Q2,15,11
37,2011-11-11,501268.78,No,63.5,3.297,216.7217373,7.716,2011,November,11,Q4,45,11
37,2011-11-18,527495.09,No,66.28,3.308,216.9395861,7.716,2011,November,11,Q4,46,18
37,2011-11-25,522554.04,Yes,66.41,3.236,217.1812533,7.716,2011,November,11,Q4,47,25
37,2011-02-12,527117.81,No,53.57,3.172,217.4229206,7.716,2011,February,2,Q1,6,12
37,2011-09-12,537224.52,No,50.64,3.158,217.6645878,7.716,2011,September,9,Q3,37,12
37,2011-12-16,533905.67,No,58.31,3.159,217.8781339,7.716,2011,December,12,Q4,50,16
37,2011-12-23,605791.46,No,55.41,3.112,218.0541851,7.716,2011,December,12,Q4,51,23
37,2011-12-30,451327.61,Yes,48.26,3.129,218.2302364,7.716,2011,December,12,Q4,52,30
37,2012-06-01,558343.57,No,57.18,3.157,218.4062876,7.244,2012,June,6,Q2,22,1
37,2012-01-13,546221.4,No,56.28,3.261,218.5823389,7.244,2012,January,1,Q1,2,13
37,2012-01-20,543894.07,No,58.9,3.268,218.6755292,7.244,2012,January,1,Q1,3,20
37,2012-01-27,514116.58,No,62.73,3.29,218.7687195,7.244,2012,January,1,Q1,4,27
37,2012-03-02,555424.24,No,61.33,3.36,218.8619099,7.244,2012,March,3,Q1,9,2
37,2012-10-02,527041.46,Yes,54.49,3.409,218.9551002,7.244,2012,October,10,Q4,40,2
37,2012-02-17,541071.29,No,54.38,3.51,219.1148297,7.244,2012,February,2,Q1,7,17
37,2012-02-24,518696.89,No,62.21,3.555,219.3244636,7.244,2012,February,2,Q1,8,24
37,2012-02-03,525559.17,No,64.54,3.63,219.5340975,7.244,2012,February,2,Q1,5,3
37,2012-09-03,535937.25,No,63.19,3.669,219.7437314,7.244,2012,September,9,Q3,36,3
37,2012-03-16,484588.34,No,67.48,3.734,219.8956335,7.244,2012,March,3,Q1,11,16
37,2012-03-23,520887.23,No,69.18,3.787,219.9705599,7.244,2012,March,3,Q1,12,23
37,2012-03-30,533734.94,No,70.48,3.845,220.0454862,7.244,2012,March,3,Q1,13,30
37,2012-06-04,564848.78,No,73.95,3.891,220.1204125,6.989,2012,June,6,Q2,23,4
37,2012-04-13,506973.17,No,72.54,3.891,220.1953389,6.989,2012,April,4,Q2,15,13
37,2012-04-20,523483.19,No,70.87,3.877,220.2483937,6.989,2012,April,4,Q2,16,20
37,2012-04-27,528807.45,No,70.06,3.814,220.3014485,6.989,2012,April,4,Q2,17,27
37,2012-04-05,535311.64,No,77.17,3.749,220.3545033,6.989,2012,April,4,Q2,14,5
37,2012-11-05,527983.04,No,76.55,3.688,220.4075581,6.989,2012,November,11,Q4,45,5
37,2012-05-18,534847.96,No,73.7,3.63,220.4252149,6.989,2012,May,5,Q2,20,18
37,2012-05-25,540625.79,No,78.94,3.561,220.4287124,6.989,2012,May,5,Q2,21,25
37,2012-01-06,531811.85,No,80.74,3.501,220.4322099,6.989,2012,January,1,Q1,1,6
37,2012-08-06,528940.78,No,81.5,3.452,220.4357073,6.989,2012,August,8,Q3,32,6
37,2012-06-15,508573.16,No,82.15,3.393,220.4494148,6.989,2012,June,6,Q2,24,15
37,2012-06-22,484032.75,No,80.4,3.346,220.4886472,6.989,2012,June,6,Q2,25,22
37,2012-06-29,508309.81,No,86.68,3.286,220.5278796,6.989,2012,June,6,Q2,26,29
37,2012-06-07,519498.32,No,81.52,3.227,220.567112,6.623,2012,June,6,Q2,23,7
37,2012-07-13,506005.47,No,78.15,3.256,220.6063444,6.623,2012,July,7,Q3,28,13
37,2012-07-20,503744.56,No,81.76,3.311,220.6148749,6.623,2012,July,7,Q3,29,20
37,2012-07-27,514489.17,No,84.0,3.407,220.6234054,6.623,2012,July,7,Q3,30,27
37,2012-03-08,521959.28,No,85.56,3.417,220.6319358,6.623,2012,March,3,Q1,10,8
37,2012-10-08,500964.59,No,84.41,3.494,220.6404663,6.623,2012,October,10,Q4,41,8
37,2012-08-17,509633.71,No,85.89,3.571,220.7199609,6.623,2012,August,8,Q3,33,17
37,2012-08-24,522665.04,No,81.26,3.62,220.8526787,6.623,2012,August,8,Q3,34,24
37,2012-08-31,538344.1,No,84.79,3.638,220.9853964,6.623,2012,August,8,Q3,35,31
37,2012-07-09,526838.14,Yes,84.19,3.73,221.1181142,6.623,2012,July,7,Q3,28,9
37,2012-09-14,514651.74,No,78.16,3.717,221.2601207,6.623,2012,September,9,Q3,37,14
37,2012-09-21,521320.98,No,75.98,3.721,221.4578604,6.623,2012,September,9,Q3,38,21
37,2012-09-28,527953.14,No,79.49,3.666,221.6556,6.623,2012,September,9,Q3,39,28
37,2012-05-10,546122.37,No,73.57,3.617,221.8533396,6.228,2012,May,5,Q2,19,10
37,2012-12-10,521810.75,No,71.28,3.601,222.0510793,6.228,2012,December,12,Q4,50,10
37,2012-10-19,551969.1,No,74.06,3.594,222.0951719,6.228,2012,October,10,Q4,42,19
37,2012-10-26,534738.43,No,74.39,3.506,222.1136566,6.228,2012,October,10,Q4,43,26
38,2010-05-02,358496.14,No,49.47,2.962,126.4420645,13.975,2010,May,5,Q2,17,2
38,2010-12-02,342214.9,Yes,47.87,2.946,126.4962581,13.975,2010,December,12,Q4,48,2
38,2010-02-19,327237.92,No,54.83,2.915,126.5262857,13.975,2010,February,2,Q1,7,19
38,2010-02-26,334222.73,No,50.23,2.825,126.5522857,13.975,2010,February,2,Q1,8,26
38,2010-05-03,372239.89,No,53.77,2.987,126.5782857,13.975,2010,May,5,Q2,18,3
38,2010-12-03,342023.92,No,50.11,2.925,126.6042857,13.975,2010,December,12,Q4,48,3
38,2010-03-19,333025.47,No,59.57,3.054,126.6066452,13.975,2010,March,3,Q1,11,19
38,2010-03-26,335858.11,No,60.06,3.083,126.6050645,13.975,2010,March,3,Q1,12,26
38,2010-02-04,368929.55,No,59.84,3.086,126.6034839,14.099,2010,February,2,Q1,5,4
38,2010-09-04,341630.46,No,59.25,3.09,126.6019032,14.099,2010,September,9,Q3,35,4
38,2010-04-16,337723.49,No,64.95,3.109,126.5621,14.099,2010,April,4,Q2,15,16
38,2010-04-23,335121.82,No,64.55,3.05,126.4713333,14.099,2010,April,4,Q2,16,23
38,2010-04-30,337979.65,No,67.38,3.105,126.3805667,14.099,2010,April,4,Q2,17,30
38,2010-07-05,383657.44,No,70.15,3.127,126.2898,14.099,2010,July,7,Q3,27,5
38,2010-05-14,346174.3,No,68.44,3.145,126.2085484,14.099,2010,May,5,Q2,19,14
38,2010-05-21,340497.08,No,76.2,3.12,126.1843871,14.099,2010,May,5,Q2,20,21
38,2010-05-28,326469.43,No,67.84,3.058,126.1602258,14.099,2010,May,5,Q2,21,28
38,2010-04-06,376184.88,No,81.39,2.941,126.1360645,14.099,2010,April,4,Q2,14,6
38,2010-11-06,354828.65,No,90.84,2.949,126.1119032,14.099,2010,November,11,Q4,44,6
38,2010-06-18,335691.85,No,81.06,3.043,126.114,14.099,2010,June,6,Q2,24,18
38,2010-06-25,322046.76,No,87.27,3.084,126.1266,14.099,2010,June,6,Q2,25,25
38,2010-02-07,361181.48,No,91.98,3.105,126.1392,14.18,2010,February,2,Q1,5,7
38,2010-09-07,343850.34,No,90.37,3.1,126.1518,14.18,2010,September,9,Q3,36,7
38,2010-07-16,338277.71,No,97.18,3.094,126.1498065,14.18,2010,July,7,Q3,28,16
38,2010-07-23,328336.85,No,99.22,3.112,126.1283548,14.18,2010,July,7,Q3,29,23
38,2010-07-30,336378.38,No,96.31,3.017,126.1069032,14.18,2010,July,7,Q3,30,30
38,2010-06-08,378574.44,No,92.95,3.123,126.0854516,14.18,2010,June,6,Q2,23,8
38,2010-08-13,341400.72,No,87.01,3.159,126.064,14.18,2010,August,8,Q3,32,13
38,2010-08-20,329139.73,No,92.81,3.041,126.0766452,14.18,2010,August,8,Q3,33,20
38,2010-08-27,322868.56,No,93.19,3.129,126.0892903,14.18,2010,August,8,Q3,34,27
38,2010-03-09,377096.55,No,83.12,3.087,126.1019355,14.18,2010,March,3,Q1,10,9
38,2010-10-09,336227.69,Yes,83.63,3.044,126.1145806,14.18,2010,October,10,Q4,40,9
38,2010-09-17,336253.19,No,82.45,3.028,126.1454667,14.18,2010,September,9,Q3,37,17
38,2010-09-24,330604.9,No,81.77,2.939,126.1900333,14.18,2010,September,9,Q3,38,24
38,2010-01-10,360256.58,No,85.2,3.001,126.2346,14.313,2010,January,1,Q1,1,10
38,2010-08-10,351271.36,No,71.82,3.013,126.2791667,14.313,2010,August,8,Q3,32,10
38,2010-10-15,337743.26,No,75.0,2.976,126.3266774,14.313,2010,October,10,Q4,41,15
38,2010-10-22,339042.18,No,68.85,3.014,126.3815484,14.313,2010,October,10,Q4,42,22
38,2010-10-29,341219.63,No,61.09,3.016,126.4364194,14.313,2010,October,10,Q4,43,29
38,2010-05-11,380870.09,No,65.49,3.129,126.4912903,14.313,2010,May,5,Q2,19,11
38,2010-12-11,340147.2,No,57.79,3.13,126.5461613,14.313,2010,December,12,Q4,49,11
38,2010-11-19,348593.99,No,58.18,3.161,126.6072,14.313,2010,November,11,Q4,46,19
38,2010-11-26,360857.98,Yes,47.66,3.162,126.6692667,14.313,2010,November,11,Q4,47,26
38,2010-03-12,351925.36,No,43.33,3.041,126.7313333,14.313,2010,March,3,Q1,10,12
38,2010-10-12,355965.23,No,50.01,3.203,126.7934,14.313,2010,October,10,Q4,41,12
38,2010-12-17,334441.15,No,52.77,3.236,126.8794839,14.313,2010,December,12,Q4,50,17
38,2010-12-24,369106.72,No,52.02,3.236,126.9835806,14.313,2010,December,12,Q4,51,24
38,2010-12-31,303908.81,Yes,45.64,3.148,127.0876774,14.313,2010,December,12,Q4,52,31
38,2011-07-01,386344.54,No,37.64,3.287,127.1917742,14.021,2011,July,7,Q3,26,1
38,2011-01-14,356138.79,No,43.15,3.312,127.3009355,14.021,2011,January,1,Q1,2,14
38,2011-01-21,341098.08,No,53.53,3.223,127.4404839,14.021,2011,January,1,Q1,3,21
38,2011-01-28,357557.16,No,50.74,3.342,127.5800323,14.021,2011,January,1,Q1,4,28
38,2011-04-02,402341.76,No,45.14,3.348,127.7195806,14.021,2011,April,4,Q2,13,2
38,2011-11-02,377672.46,Yes,51.3,3.381,127.859129,14.021,2011,November,11,Q4,44,2
38,2011-02-18,364606.7,No,53.35,3.43,127.99525,14.021,2011,February,2,Q1,7,18
38,2011-02-25,354232.34,No,48.45,3.53,128.13,14.021,2011,February,2,Q1,8,25
38,2011-04-03,405429.43,No,51.72,3.674,128.26475,14.021,2011,April,4,Q2,13,3
38,2011-11-03,357897.18,No,57.75,3.818,128.3995,14.021,2011,November,11,Q4,44,3
38,2011-03-18,349459.95,No,64.21,3.692,128.5121935,14.021,2011,March,3,Q1,11,18
38,2011-03-25,351541.62,No,54.4,3.909,128.6160645,14.021,2011,March,3,Q1,12,25
38,2011-01-04,382098.13,No,63.63,3.772,128.7199355,13.736,2011,January,1,Q1,1,4
38,2011-08-04,392152.3,No,64.47,4.003,128.8238065,13.736,2011,August,8,Q3,31,4
38,2011-04-15,362758.94,No,57.63,3.868,128.9107333,13.736,2011,April,4,Q2,15,15
38,2011-04-22,362952.34,No,72.12,4.134,128.9553,13.736,2011,April,4,Q2,16,22
38,2011-04-29,344225.99,No,68.27,4.151,128.9998667,13.736,2011,April,4,Q2,17,29
38,2011-06-05,422186.65,No,68.4,4.193,129.0444333,13.736,2011,June,6,Q2,22,5
38,2011-05-13,366977.79,No,70.93,4.202,129.089,13.736,2011,May,5,Q2,19,13
38,2011-05-20,365730.76,No,66.59,4.169,129.0756774,13.736,2011,May,5,Q2,20,20
38,2011-05-27,356886.1,No,76.67,4.087,129.0623548,13.736,2011,May,5,Q2,21,27
38,2011-03-06,396826.06,No,71.81,4.031,129.0490323,13.736,2011,March,3,Q1,9,6
38,2011-10-06,381763.02,No,78.72,3.981,129.0357097,13.736,2011,October,10,Q4,40,6
38,2011-06-17,356797.0,No,86.84,3.935,129.0432,13.736,2011,June,6,Q2,24,17
38,2011-06-24,354078.95,No,88.95,3.898,129.0663,13.736,2011,June,6,Q2,25,24
38,2011-01-07,387334.04,No,89.85,3.842,129.0894,13.503,2011,January,1,Q1,1,7
38,2011-08-07,399699.17,No,89.9,3.705,129.1125,13.503,2011,August,8,Q3,31,7
38,2011-07-15,367181.71,No,88.1,3.692,129.1338387,13.503,2011,July,7,Q3,28,15
38,2011-07-22,365562.67,No,91.17,3.794,129.1507742,13.503,2011,July,7,Q3,29,22
38,2011-07-29,355131.33,No,93.29,3.805,129.1677097,13.503,2011,July,7,Q3,30,29
38,2011-05-08,437631.44,No,90.61,3.803,129.1846452,13.503,2011,May,5,Q2,18,8
38,2011-12-08,387844.05,No,91.04,3.701,129.2015806,13.503,2011,December,12,Q4,49,8
38,2011-08-19,362224.7,No,91.74,3.743,129.2405806,13.503,2011,August,8,Q3,33,19
38,2011-08-26,365672.55,No,94.61,3.74,129.2832581,13.503,2011,August,8,Q3,34,26
38,2011-02-09,416953.51,No,93.66,3.798,129.3259355,13.503,2011,February,2,Q1,6,9
38,2011-09-09,397771.68,Yes,88.0,3.913,129.3686129,13.503,2011,September,9,Q3,36,9
38,2011-09-16,408188.88,No,76.36,3.918,129.4306,13.503,2011,September,9,Q3,37,16
38,2011-09-23,394665.28,No,82.95,3.789,129.5183333,13.503,2011,September,9,Q3,38,23
38,2011-09-30,366819.84,No,83.26,3.877,129.6060667,13.503,2011,September,9,Q3,39,30
38,2011-07-10,449516.29,No,70.44,3.827,129.6938,12.89,2011,July,7,Q3,27,10
38,2011-10-14,400430.78,No,67.31,3.805,129.7706452,12.89,2011,October,10,Q4,41,14
38,2011-10-21,402709.17,No,73.05,3.842,129.7821613,12.89,2011,October,10,Q4,42,21
38,2011-10-28,378539.17,No,67.41,3.727,129.7936774,12.89,2011,October,10,Q4,43,28
38,2011-04-11,436970.1,No,59.77,3.828,129.8051935,12.89,2011,April,4,Q2,15,11
38,2011-11-11,411116.95,No,48.76,3.824,129.8167097,12.89,2011,November,11,Q4,45,11
38,2011-11-18,392003.13,No,54.2,3.813,129.8268333,12.89,2011,November,11,Q4,46,18
38,2011-11-25,393715.71,Yes,53.25,3.622,129.8364,12.89,2011,November,11,Q4,47,25
38,2011-02-12,411252.02,No,52.5,3.701,129.8459667,12.89,2011,February,2,Q1,6,12
38,2011-09-12,435401.64,No,42.17,3.644,129.8555333,12.89,2011,September,9,Q3,37,12
38,2011-12-16,404283.84,No,43.29,3.6,129.8980645,12.89,2011,December,12,Q4,50,16
38,2011-12-23,419717.41,No,45.4,3.541,129.9845484,12.89,2011,December,12,Q4,51,23
38,2011-12-30,342667.35,Yes,44.64,3.428,130.0710323,12.89,2011,December,12,Q4,52,30
38,2012-06-01,478483.2,No,50.43,3.599,130.1575161,12.187,2012,June,6,Q2,22,1
38,2012-01-13,423260.82,No,48.07,3.657,130.244,12.187,2012,January,1,Q1,2,13
38,2012-01-20,405215.91,No,46.2,3.66,130.2792258,12.187,2012,January,1,Q1,3,20
38,2012-01-27,412882.31,No,50.43,3.675,130.3144516,12.187,2012,January,1,Q1,4,27
38,2012-03-02,457711.68,No,50.58,3.702,130.3496774,12.187,2012,March,3,Q1,9,2
38,2012-10-02,469787.38,Yes,52.27,3.722,130.3849032,12.187,2012,October,10,Q4,40,2
38,2012-02-17,415513.97,No,51.8,3.781,130.4546207,12.187,2012,February,2,Q1,7,17
38,2012-02-24,409411.61,No,53.13,3.95,130.5502069,12.187,2012,February,2,Q1,8,24
38,2012-02-03,471115.38,No,52.27,4.178,130.6457931,12.187,2012,February,2,Q1,5,3
38,2012-09-03,452792.53,No,54.54,4.25,130.7413793,12.187,2012,September,9,Q3,36,3
38,2012-03-16,428465.11,No,64.44,4.273,130.8261935,12.187,2012,March,3,Q1,11,16
38,2012-03-23,412456.48,No,56.26,4.038,130.8966452,12.187,2012,March,3,Q1,12,23
38,2012-03-30,408679.36,No,64.36,4.294,130.9670968,12.187,2012,March,3,Q1,13,30
38,2012-06-04,499267.66,No,64.05,4.121,131.0375484,11.627,2012,June,6,Q2,23,4
38,2012-04-13,435790.74,No,64.28,4.254,131.108,11.627,2012,April,4,Q2,15,13
38,2012-04-20,401615.8,No,66.73,4.222,131.1173333,11.627,2012,April,4,Q2,16,20
38,2012-04-27,419964.77,No,77.99,4.193,131.1266667,11.627,2012,April,4,Q2,17,27
38,2012-04-05,491755.69,No,76.03,4.171,131.136,11.627,2012,April,4,Q2,14,5
38,2012-11-05,429914.6,No,77.27,4.186,131.1453333,11.627,2012,November,11,Q4,45,5
38,2012-05-18,412314.71,No,84.51,4.11,131.0983226,11.627,2012,May,5,Q2,20,18
38,2012-05-25,422810.12,No,83.84,4.293,131.0287742,11.627,2012,May,5,Q2,21,25
38,2012-01-06,435579.7,No,78.11,4.277,130.9592258,11.627,2012,January,1,Q1,1,6
38,2012-08-06,448110.25,No,84.83,4.103,130.8896774,11.627,2012,August,8,Q3,32,6
38,2012-06-15,430222.07,No,85.94,4.144,130.8295333,11.627,2012,June,6,Q2,24,15
38,2012-06-22,405938.35,No,91.61,4.014,130.7929,11.627,2012,June,6,Q2,25,22
38,2012-06-29,404634.36,No,90.47,3.875,130.7562667,11.627,2012,June,6,Q2,26,29
38,2012-06-07,471086.22,No,89.13,3.765,130.7196333,10.926,2012,June,6,Q2,23,7
38,2012-07-13,416036.75,No,95.61,3.723,130.683,10.926,2012,July,7,Q3,28,13
38,2012-07-20,441683.74,No,85.53,3.726,130.7012903,10.926,2012,July,7,Q3,29,20
38,2012-07-27,407186.47,No,93.47,3.769,130.7195806,10.926,2012,July,7,Q3,30,27
38,2012-03-08,469311.17,No,88.16,3.76,130.737871,10.926,2012,March,3,Q1,10,8
38,2012-10-08,436690.13,No,95.91,3.811,130.7561613,10.926,2012,October,10,Q4,41,8
38,2012-08-17,411866.46,No,94.87,4.002,130.7909677,10.926,2012,August,8,Q3,33,17
38,2012-08-24,397428.22,No,85.32,4.055,130.8381613,10.926,2012,August,8,Q3,34,24
38,2012-08-31,424904.95,No,89.78,4.093,130.8853548,10.926,2012,August,8,Q3,35,31
38,2012-07-09,490274.82,Yes,88.52,4.124,130.9325484,10.926,2012,July,7,Q3,28,9
38,2012-09-14,430944.39,No,83.64,4.133,130.9776667,10.926,2012,September,9,Q3,37,14
38,2012-09-21,409600.98,No,82.97,4.125,131.0103333,10.926,2012,September,9,Q3,38,21
38,2012-09-28,398468.08,No,81.22,3.966,131.043,10.926,2012,September,9,Q3,39,28
38,2012-05-10,458479.01,No,81.61,3.966,131.0756667,10.199,2012,May,5,Q2,19,10
38,2012-12-10,437320.66,No,71.74,4.468,131.1083333,10.199,2012,December,12,Q4,50,10
38,2012-10-19,428806.46,No,68.66,4.449,131.1499677,10.199,2012,October,10,Q4,42,19
38,2012-10-26,417290.38,No,65.95,4.301,131.1930968,10.199,2012,October,10,Q4,43,26
39,2010-05-02,1230596.8,No,44.3,2.572,209.8529663,8.554,2010,May,5,Q2,17,2
39,2010-12-02,1266229.07,Yes,44.58,2.548,209.9970208,8.554,2010,December,12,Q4,48,2
39,2010-02-19,1230591.97,No,43.96,2.514,210.0451024,8.554,2010,February,2,Q1,7,19
39,2010-02-26,1168582.02,No,49.79,2.561,210.0771885,8.554,2010,February,2,Q1,8,26
39,2010-05-03,1266254.21,No,50.93,2.625,210.1092746,8.554,2010,May,5,Q2,18,3
39,2010-12-03,1244391.83,No,61.88,2.667,210.1413607,8.554,2010,December,12,Q4,48,3
39,2010-03-19,1301590.13,No,58.62,2.72,209.9803208,8.554,2010,March,3,Q1,11,19
39,2010-03-26,1235094.66,No,54.83,2.732,209.7870932,8.554,2010,March,3,Q1,12,26
39,2010-02-04,1463942.62,No,63.31,2.719,209.5938656,8.464,2010,February,2,Q1,5,4
39,2010-09-04,1327035.27,No,68.15,2.77,209.400638,8.464,2010,September,9,Q3,35,4
39,2010-04-16,1242874.98,No,66.33,2.808,209.2691428,8.464,2010,April,4,Q2,15,16
39,2010-04-23,1280231.85,No,67.64,2.795,209.2199574,8.464,2010,April,4,Q2,16,23
39,2010-04-30,1263836.59,No,70.03,2.78,209.170772,8.464,2010,April,4,Q2,17,30
39,2010-07-05,1355704.21,No,74.86,2.835,209.1215867,8.464,2010,July,7,Q3,27,5
39,2010-05-14,1226997.7,No,77.49,2.854,209.118536,8.464,2010,May,5,Q2,19,14
39,2010-05-21,1350673.98,No,76.67,2.826,209.3922937,8.464,2010,May,5,Q2,20,21
39,2010-05-28,1365541.59,No,80.22,2.759,209.6660514,8.464,2010,May,5,Q2,21,28
39,2010-04-06,1512207.95,No,79.83,2.705,209.9398091,8.464,2010,April,4,Q2,14,6
39,2010-11-06,1371405.33,No,81.78,2.668,210.2135668,8.464,2010,November,11,Q4,44,6
39,2010-06-18,1368312.45,No,83.96,2.637,210.2108417,8.464,2010,June,6,Q2,24,18
39,2010-06-25,1280414.8,No,83.24,2.653,210.0975233,8.464,2010,June,6,Q2,25,25
39,2010-02-07,1352547.7,No,81.35,2.669,209.984205,8.36,2010,February,2,Q1,5,7
39,2010-09-07,1330473.47,No,81.1,2.642,209.8708867,8.36,2010,September,9,Q3,36,7
39,2010-07-16,1339811.68,No,83.86,2.623,209.8630532,8.36,2010,July,7,Q3,28,16
39,2010-07-23,1314651.83,No,82.2,2.608,209.9958663,8.36,2010,July,7,Q3,29,23
39,2010-07-30,1308222.24,No,80.99,2.64,210.1286794,8.36,2010,July,7,Q3,30,30
39,2010-06-08,1409989.67,No,84.92,2.627,210.2614925,8.36,2010,June,6,Q2,23,8
39,2010-08-13,1371465.66,No,85.66,2.692,210.3943056,8.36,2010,August,8,Q3,32,13
39,2010-08-20,1471816.52,No,85.73,2.664,210.3617581,8.36,2010,August,8,Q3,33,20
39,2010-08-27,1417515.93,No,84.31,2.619,210.3292106,8.36,2010,August,8,Q3,34,27
39,2010-03-09,1345167.61,No,82.13,2.577,210.2966631,8.36,2010,March,3,Q1,10,9
39,2010-10-09,1279666.47,Yes,79.94,2.565,210.2641156,8.36,2010,October,10,Q4,40,9
39,2010-09-17,1252915.43,No,81.83,2.582,210.2924504,8.36,2010,September,9,Q3,37,17
39,2010-09-24,1199449.54,No,78.5,2.624,210.3664469,8.36,2010,September,9,Q3,38,24
39,2010-01-10,1219583.91,No,72.74,2.603,210.4404433,8.476,2010,January,1,Q1,1,10
39,2010-08-10,1286598.59,No,64.8,2.633,210.5144398,8.476,2010,August,8,Q3,32,10
39,2010-10-15,1238742.0,No,69.96,2.72,210.5805944,8.476,2010,October,10,Q4,41,15
39,2010-10-22,1261109.01,No,71.73,2.725,210.6271444,8.476,2010,October,10,Q4,42,22
39,2010-10-29,1294769.08,No,75.14,2.716,210.6736944,8.476,2010,October,10,Q4,43,29
39,2010-05-11,1293707.19,No,61.62,2.689,210.7202444,8.476,2010,May,5,Q2,19,11
39,2010-12-11,1291398.71,No,62.21,2.728,210.7667944,8.476,2010,December,12,Q4,49,11
39,2010-11-19,1370659.54,No,55.5,2.771,210.65429,8.476,2010,November,11,Q4,46,19
39,2010-11-26,2149355.2,Yes,67.75,2.735,210.5152765,8.476,2010,November,11,Q4,47,26
39,2010-03-12,1431910.98,No,53.55,2.708,210.376263,8.476,2010,March,3,Q1,10,12
39,2010-10-12,1630564.48,No,50.81,2.843,210.2372494,8.476,2010,October,10,Q4,41,12
39,2010-12-17,1842172.46,No,55.31,2.869,210.1787224,8.476,2010,December,12,Q4,50,17
39,2010-12-24,2495489.25,No,58.86,2.886,210.1805602,8.476,2010,December,12,Q4,51,24
39,2010-12-31,1230012.16,Yes,52.45,2.943,210.182398,8.476,2010,December,12,Q4,52,31
39,2011-07-01,1224475.12,No,52.74,2.976,210.1842358,8.395,2011,July,7,Q3,26,1
39,2011-01-14,1193199.39,No,41.74,2.983,210.2379731,8.395,2011,January,1,Q1,2,14
39,2011-01-21,1243370.74,No,50.25,3.016,210.6031072,8.395,2011,January,1,Q1,3,21
39,2011-01-28,1158698.44,No,47.94,3.01,210.9682412,8.395,2011,January,1,Q1,4,28
39,2011-04-02,1343773.94,No,45.96,2.989,211.3333753,8.395,2011,April,4,Q2,13,2
39,2011-11-02,1227893.89,Yes,40.34,3.022,211.6985093,8.395,2011,November,11,Q4,44,2
39,2011-02-18,1335233.74,No,58.2,3.045,212.0063522,8.395,2011,February,2,Q1,7,18
39,2011-02-25,1240921.19,No,67.77,3.065,212.2912786,8.395,2011,February,2,Q1,8,25
39,2011-04-03,1316385.43,No,63.56,3.288,212.576205,8.395,2011,April,4,Q2,13,3
39,2011-11-03,1283716.81,No,58.35,3.459,212.8611313,8.395,2011,November,11,Q4,44,3
39,2011-03-18,1348410.05,No,65.28,3.488,213.1096787,8.395,2011,March,3,Q1,11,18
39,2011-03-25,1284334.79,No,71.17,3.473,213.3436744,8.395,2011,March,3,Q1,12,25
39,2011-01-04,1316849.36,No,66.57,3.524,213.5776701,8.3,2011,January,1,Q1,1,4
39,2011-08-04,1350646.16,No,69.45,3.622,213.8116658,8.3,2011,August,8,Q3,31,4
39,2011-04-15,1348031.55,No,73.19,3.743,214.026217,8.3,2011,April,4,Q2,15,15
39,2011-04-22,1563140.85,No,74.98,3.807,214.1921572,8.3,2011,April,4,Q2,16,22
39,2011-04-29,1379651.87,No,76.47,3.81,214.3580974,8.3,2011,April,4,Q2,17,29
39,2011-06-05,1370920.87,No,68.75,3.906,214.5240376,8.3,2011,June,6,Q2,22,5
39,2011-05-13,1325022.77,No,77.39,3.899,214.6899778,8.3,2011,May,5,Q2,19,13
39,2011-05-20,1373907.21,No,73.31,3.907,214.465412,8.3,2011,May,5,Q2,20,20
39,2011-05-27,1406124.14,No,82.1,3.786,214.2408462,8.3,2011,May,5,Q2,21,27
39,2011-03-06,1541745.59,No,83.59,3.699,214.0162805,8.3,2011,March,3,Q1,9,6
39,2011-10-06,1442092.08,No,82.75,3.648,213.7917147,8.3,2011,October,10,Q4,40,6
39,2011-06-17,1451392.67,No,85.21,3.637,213.7481256,8.3,2011,June,6,Q2,24,17
39,2011-06-24,1363167.95,No,84.06,3.594,213.8402689,8.3,2011,June,6,Q2,25,24
39,2011-01-07,1429829.36,No,84.93,3.524,213.9324122,8.177,2011,January,1,Q1,1,7
39,2011-08-07,1414564.53,No,84.33,3.48,214.0245556,8.177,2011,August,8,Q3,31,7
39,2011-07-15,1380257.12,No,85.96,3.575,214.1083654,8.177,2011,July,7,Q3,28,15
39,2011-07-22,1416005.59,No,84.6,3.651,214.1713416,8.177,2011,July,7,Q3,29,22
39,2011-07-29,1426418.53,No,86.24,3.682,214.2343177,8.177,2011,July,7,Q3,30,29
39,2011-05-08,1518790.89,No,87.73,3.684,214.2972939,8.177,2011,May,5,Q2,18,8
39,2011-12-08,1514055.97,No,88.27,3.638,214.3602701,8.177,2011,December,12,Q4,49,8
39,2011-08-19,1629066.9,No,87.93,3.554,214.4239935,8.177,2011,August,8,Q3,33,19
39,2011-08-26,1573898.63,No,86.49,3.523,214.4878416,8.177,2011,August,8,Q3,34,26
39,2011-02-09,1465089.85,No,88.65,3.533,214.5516896,8.177,2011,February,2,Q1,6,9
39,2011-09-09,1429345.86,Yes,79.15,3.546,214.6155376,8.177,2011,September,9,Q3,36,9
39,2011-09-16,1372500.63,No,83.11,3.526,214.7934111,8.177,2011,September,9,Q3,37,16
39,2011-09-23,1338657.95,No,78.75,3.467,215.1233185,8.177,2011,September,9,Q3,38,23
39,2011-09-30,1311775.83,No,81.51,3.355,215.4532259,8.177,2011,September,9,Q3,39,30
39,2011-07-10,1443884.39,No,71.68,3.285,215.7831333,7.716,2011,July,7,Q3,27,10
39,2011-10-14,1384721.84,No,73.79,3.274,216.0885258,7.716,2011,October,10,Q4,41,14
39,2011-10-21,1465283.29,No,67.65,3.353,216.2468287,7.716,2011,October,10,Q4,42,21
39,2011-10-28,1472663.1,No,71.05,3.372,216.4051315,7.716,2011,October,10,Q4,43,28
39,2011-04-11,1553629.59,No,58.04,3.332,216.5634344,7.716,2011,April,4,Q2,15,11
39,2011-11-11,1456957.38,No,63.11,3.297,216.7217373,7.716,2011,November,11,Q4,45,11
39,2011-11-18,1510397.27,No,66.09,3.308,216.9395861,7.716,2011,November,11,Q4,46,18
39,2011-11-25,2338832.4,Yes,66.36,3.236,217.1812533,7.716,2011,November,11,Q4,47,25
39,2011-02-12,1632894.58,No,53.14,3.172,217.4229206,7.716,2011,February,2,Q1,6,12
39,2011-09-12,1781528.77,No,49.36,3.158,217.6645878,7.716,2011,September,9,Q3,37,12
39,2011-12-16,1991824.05,No,58.58,3.159,217.8781339,7.716,2011,December,12,Q4,50,16
39,2011-12-23,2554482.84,No,54.62,3.112,218.0541851,7.716,2011,December,12,Q4,51,23
39,2011-12-30,1537139.56,Yes,47.6,3.129,218.2302364,7.716,2011,December,12,Q4,52,30
39,2012-06-01,1478537.93,No,55.83,3.157,218.4062876,7.244,2012,June,6,Q2,22,1
39,2012-01-13,1369125.37,No,54.66,3.261,218.5823389,7.244,2012,January,1,Q1,2,13
39,2012-01-20,1394841.03,No,58.04,3.268,218.6755292,7.244,2012,January,1,Q1,3,20
39,2012-01-27,1320301.61,No,60.65,3.29,218.7687195,7.244,2012,January,1,Q1,4,27
39,2012-03-02,1396150.15,No,60.69,3.36,218.8619099,7.244,2012,March,3,Q1,9,2
39,2012-10-02,1442988.44,Yes,52.89,3.409,218.9551002,7.244,2012,October,10,Q4,40,2
39,2012-02-17,1511041.69,No,52.75,3.51,219.1148297,7.244,2012,February,2,Q1,7,17
39,2012-02-24,1412065.04,No,61.1,3.555,219.3244636,7.244,2012,February,2,Q1,8,24
39,2012-02-03,1453047.02,No,64.05,3.63,219.5340975,7.244,2012,February,2,Q1,5,3
39,2012-09-03,1470764.35,No,61.64,3.669,219.7437314,7.244,2012,September,9,Q3,36,3
39,2012-03-16,1522421.07,No,65.81,3.734,219.8956335,7.244,2012,March,3,Q1,11,16
39,2012-03-23,1469593.37,No,67.91,3.787,219.9705599,7.244,2012,March,3,Q1,12,23
39,2012-03-30,1499727.02,No,69.11,3.845,220.0454862,7.244,2012,March,3,Q1,13,30
39,2012-06-04,1764847.94,No,73.49,3.891,220.1204125,6.989,2012,June,6,Q2,23,4
39,2012-04-13,1580732.73,No,71.59,3.891,220.1953389,6.989,2012,April,4,Q2,15,13
39,2012-04-20,1433391.04,No,70.04,3.877,220.2483937,6.989,2012,April,4,Q2,16,20
39,2012-04-27,1456997.2,No,69.11,3.814,220.3014485,6.989,2012,April,4,Q2,17,27
39,2012-04-05,1512227.34,No,77.15,3.749,220.3545033,6.989,2012,April,4,Q2,14,5
39,2012-11-05,1470792.41,No,75.52,3.688,220.4075581,6.989,2012,November,11,Q4,45,5
39,2012-05-18,1522978.54,No,72.36,3.63,220.4252149,6.989,2012,May,5,Q2,20,18
39,2012-05-25,1596036.66,No,78.31,3.561,220.4287124,6.989,2012,May,5,Q2,21,25
39,2012-01-06,1640476.77,No,80.33,3.501,220.4322099,6.989,2012,January,1,Q1,1,6
39,2012-08-06,1623442.24,No,81.12,3.452,220.4357073,6.989,2012,August,8,Q3,32,6
39,2012-06-15,1587499.82,No,81.33,3.393,220.4494148,6.989,2012,June,6,Q2,24,15
39,2012-06-22,1532316.79,No,79.84,3.346,220.4886472,6.989,2012,June,6,Q2,25,22
39,2012-06-29,1492388.98,No,85.72,3.286,220.5278796,6.989,2012,June,6,Q2,26,29
39,2012-06-07,1659221.99,No,81.05,3.227,220.567112,6.623,2012,June,6,Q2,23,7
39,2012-07-13,1471261.76,No,78.16,3.256,220.6063444,6.623,2012,July,7,Q3,28,13
39,2012-07-20,1582168.27,No,80.32,3.311,220.6148749,6.623,2012,July,7,Q3,29,20
39,2012-07-27,1487797.54,No,82.89,3.407,220.6234054,6.623,2012,July,7,Q3,30,27
39,2012-03-08,1608277.74,No,84.05,3.417,220.6319358,6.623,2012,March,3,Q1,10,8
39,2012-10-08,1641867.92,No,83.47,3.494,220.6404663,6.623,2012,October,10,Q4,41,8
39,2012-08-17,1720221.91,No,84.72,3.571,220.7199609,6.623,2012,August,8,Q3,33,17
39,2012-08-24,1724669.75,No,80.49,3.62,220.8526787,6.623,2012,August,8,Q3,34,24
39,2012-08-31,1710923.94,No,83.72,3.638,220.9853964,6.623,2012,August,8,Q3,35,31
39,2012-07-09,1609811.75,Yes,83.71,3.73,221.1181142,6.623,2012,July,7,Q3,28,9
39,2012-09-14,1447614.08,No,76.71,3.717,221.2601207,6.623,2012,September,9,Q3,37,14
39,2012-09-21,1555672.51,No,73.58,3.721,221.4578604,6.623,2012,September,9,Q3,38,21
39,2012-09-28,1495607.07,No,78.04,3.666,221.6556,6.623,2012,September,9,Q3,39,28
39,2012-05-10,1574408.67,No,72.05,3.617,221.8533396,6.228,2012,May,5,Q2,19,10
39,2012-12-10,1494417.07,No,69.88,3.601,222.0510793,6.228,2012,December,12,Q4,50,10
39,2012-10-19,1577486.33,No,71.45,3.594,222.0951719,6.228,2012,October,10,Q4,42,19
39,2012-10-26,1569502.0,No,72.9,3.506,222.1136566,6.228,2012,October,10,Q4,43,26
40,2010-05-02,1001943.8,No,14.48,2.788,131.5279032,5.892,2010,May,5,Q2,17,2
40,2010-12-02,955338.29,Yes,20.84,2.771,131.5866129,5.892,2010,December,12,Q4,48,2
40,2010-02-19,916289.2,No,27.84,2.747,131.637,5.892,2010,February,2,Q1,7,19
40,2010-02-26,863917.41,No,33.32,2.753,131.686,5.892,2010,February,2,Q1,8,26
40,2010-05-03,990152.28,No,34.78,2.766,131.735,5.892,2010,May,5,Q2,18,3
40,2010-12-03,899352.4,No,35.1,2.805,131.784,5.892,2010,December,12,Q4,48,3
40,2010-03-19,894865.3,No,40.54,2.834,131.8242903,5.892,2010,March,3,Q1,11,19
40,2010-03-26,873354.58,No,39.51,2.831,131.863129,5.892,2010,March,3,Q1,12,26
40,2010-02-04,1041202.13,No,41.39,2.826,131.9019677,5.435,2010,February,2,Q1,5,4
40,2010-09-04,919839.19,No,54.31,2.849,131.9408065,5.435,2010,September,9,Q3,35,4
40,2010-04-16,882636.96,No,43.3,2.885,131.9809,5.435,2010,April,4,Q2,15,16
40,2010-04-23,844958.49,No,45.85,2.895,132.0226667,5.435,2010,April,4,Q2,16,23
40,2010-04-30,816838.31,No,46.5,2.935,132.0644333,5.435,2010,April,4,Q2,17,30
40,2010-07-05,1009797.06,No,60.05,2.981,132.1062,5.435,2010,July,7,Q3,27,5
40,2010-05-14,907262.47,No,45.5,2.983,132.152129,5.435,2010,May,5,Q2,19,14
40,2010-05-21,885613.91,No,56.75,2.961,132.2230323,5.435,2010,May,5,Q2,20,21
40,2010-05-28,1008483.07,No,67.88,2.906,132.2939355,5.435,2010,May,5,Q2,21,28
40,2010-04-06,1052429.03,No,65.7,2.857,132.3648387,5.435,2010,April,4,Q2,14,6
40,2010-11-06,1007574.67,No,59.42,2.83,132.4357419,5.435,2010,November,11,Q4,44,6
40,2010-06-18,973105.3,No,60.97,2.805,132.4733333,5.435,2010,June,6,Q2,24,18
40,2010-06-25,940405.03,No,69.72,2.81,132.4976,5.435,2010,June,6,Q2,25,25
40,2010-02-07,1087578.78,No,65.47,2.815,132.5218667,5.326,2010,February,2,Q1,5,7
40,2010-09-07,1058250.91,No,76.67,2.806,132.5461333,5.326,2010,September,9,Q3,36,7
40,2010-07-16,959229.09,No,74.25,2.796,132.5667742,5.326,2010,July,7,Q3,28,16
40,2010-07-23,922341.82,No,71.79,2.784,132.5825806,5.326,2010,July,7,Q3,29,23
40,2010-07-30,953393.02,No,71.35,2.792,132.5983871,5.326,2010,July,7,Q3,30,30
40,2010-06-08,1057295.87,No,69.16,2.792,132.6141935,5.326,2010,June,6,Q2,23,8
40,2010-08-13,924011.76,No,67.47,2.81,132.63,5.326,2010,August,8,Q3,32,13
40,2010-08-20,932397.0,No,67.05,2.796,132.6616129,5.326,2010,August,8,Q3,33,20
40,2010-08-27,922328.02,No,62.57,2.77,132.6932258,5.326,2010,August,8,Q3,34,27
40,2010-03-09,976453.34,No,70.66,2.735,132.7248387,5.326,2010,March,3,Q1,10,9
40,2010-10-09,967310.82,Yes,62.75,2.717,132.7564516,5.326,2010,October,10,Q4,40,9
40,2010-09-17,855046.95,No,55.34,2.716,132.7670667,5.326,2010,September,9,Q3,37,17
40,2010-09-24,844373.31,No,55.63,2.718,132.7619333,5.326,2010,September,9,Q3,38,24
40,2010-01-10,891152.33,No,62.01,2.717,132.7568,5.287,2010,January,1,Q1,1,10
40,2010-08-10,972405.38,No,52.02,2.776,132.7516667,5.287,2010,August,8,Q3,32,10
40,2010-10-15,917883.17,No,44.56,2.878,132.7633548,5.287,2010,October,10,Q4,41,15
40,2010-10-22,882180.91,No,41.25,2.919,132.8170968,5.287,2010,October,10,Q4,42,22
40,2010-10-29,875038.84,No,47.1,2.938,132.8708387,5.287,2010,October,10,Q4,43,29
40,2010-05-11,968270.66,No,36.45,2.938,132.9245806,5.287,2010,May,5,Q2,19,11
40,2010-12-11,935481.32,No,38.5,2.961,132.9783226,5.287,2010,December,12,Q4,49,11
40,2010-11-19,852452.93,No,40.52,3.03,132.9172,5.287,2010,November,11,Q4,46,19
40,2010-11-26,1166142.85,Yes,32.94,3.07,132.8369333,5.287,2010,November,11,Q4,47,26
40,2010-03-12,1000582.06,No,33.6,3.065,132.7566667,5.287,2010,March,3,Q1,10,12
40,2010-10-12,1111215.72,No,21.64,3.132,132.6764,5.287,2010,October,10,Q4,41,12
40,2010-12-17,1179036.3,No,23.01,3.139,132.6804516,5.287,2010,December,12,Q4,50,17
40,2010-12-24,1648829.18,No,24.18,3.15,132.7477419,5.287,2010,December,12,Q4,51,24
40,2010-12-31,811318.3,Yes,19.29,3.177,132.8150323,5.287,2010,December,12,Q4,52,31
40,2011-07-01,894280.19,No,24.05,3.193,132.8823226,5.114,2011,July,7,Q3,26,1
40,2011-01-14,771315.62,No,18.55,3.215,132.9510645,5.114,2011,January,1,Q1,2,14
40,2011-01-21,764014.75,No,14.64,3.232,133.0285161,5.114,2011,January,1,Q1,3,21
40,2011-01-28,775910.43,No,9.51,3.243,133.1059677,5.114,2011,January,1,Q1,4,28
40,2011-04-02,904261.65,No,13.29,3.24,133.1834194,5.114,2011,April,4,Q2,13,2
40,2011-11-02,931939.52,Yes,16.87,3.255,133.260871,5.114,2011,November,11,Q4,44,2
40,2011-02-18,968694.45,No,21.82,3.263,133.3701429,5.114,2011,February,2,Q1,7,18
40,2011-02-25,888869.27,No,16.5,3.281,133.4921429,5.114,2011,February,2,Q1,8,25
40,2011-04-03,977070.62,No,18.49,3.437,133.6141429,5.114,2011,April,4,Q2,13,3
40,2011-11-03,860255.58,No,30.53,3.6,133.7361429,5.114,2011,November,11,Q4,44,3
40,2011-03-18,871024.26,No,35.76,3.634,133.8492258,5.114,2011,March,3,Q1,11,18
40,2011-03-25,834621.39,No,28.89,3.624,133.9587419,5.114,2011,March,3,Q1,12,25
40,2011-01-04,841889.08,No,28.6,3.638,134.0682581,4.781,2011,January,1,Q1,1,4
40,2011-08-04,947753.32,No,34.77,3.72,134.1777742,4.781,2011,August,8,Q3,31,4
40,2011-04-15,874446.32,No,43.69,3.823,134.2784667,4.781,2011,April,4,Q2,15,15
40,2011-04-22,965056.4,No,39.32,3.919,134.3571,4.781,2011,April,4,Q2,16,22
40,2011-04-29,847246.5,No,52.68,3.988,134.4357333,4.781,2011,April,4,Q2,17,29
40,2011-06-05,1016752.55,No,50.81,4.078,134.5143667,4.781,2011,June,6,Q2,22,5
40,2011-05-13,903864.02,No,54.09,4.095,134.593,4.781,2011,May,5,Q2,19,13
40,2011-05-20,907110.83,No,56.38,4.101,134.6803871,4.781,2011,May,5,Q2,20,20
40,2011-05-27,972373.81,No,63.11,4.034,134.7677742,4.781,2011,May,5,Q2,21,27
40,2011-03-06,1075687.74,No,66.16,3.973,134.8551613,4.781,2011,March,3,Q1,9,6
40,2011-10-06,984336.04,No,64.19,3.924,134.9425484,4.781,2011,October,10,Q4,40,6
40,2011-06-17,971422.67,No,59.16,3.873,135.0837333,4.781,2011,June,6,Q2,24,17
40,2011-06-24,977103.64,No,62.59,3.851,135.2652667,4.781,2011,June,6,Q2,25,24
40,2011-01-07,1048866.3,No,65.25,3.815,135.4468,4.584,2011,January,1,Q1,1,7
40,2011-08-07,1107366.06,No,67.86,3.784,135.6283333,4.584,2011,August,8,Q3,31,7
40,2011-07-15,953252.14,No,68.9,3.827,135.7837419,4.584,2011,July,7,Q3,28,15
40,2011-07-22,980642.1,No,73.34,3.882,135.8738387,4.584,2011,July,7,Q3,29,22
40,2011-07-29,929096.9,No,67.45,3.898,135.9639355,4.584,2011,July,7,Q3,30,29
40,2011-05-08,1063818.2,No,68.1,3.903,136.0540323,4.584,2011,May,5,Q2,18,8
40,2011-12-08,955506.95,No,68.3,3.88,136.144129,4.584,2011,December,12,Q4,49,8
40,2011-08-19,943237.12,No,64.05,3.82,136.183129,4.584,2011,August,8,Q3,33,19
40,2011-08-26,969611.3,No,65.01,3.796,136.2136129,4.584,2011,August,8,Q3,34,26
40,2011-02-09,957298.26,No,63.79,3.784,136.2440968,4.584,2011,February,2,Q1,6,9
40,2011-09-09,1021391.99,Yes,64.83,3.809,136.2745806,4.584,2011,September,9,Q3,36,9
40,2011-09-16,890661.79,No,58.28,3.809,136.3145,4.584,2011,September,9,Q3,37,16
40,2011-09-23,876583.98,No,54.09,3.758,136.367,4.584,2011,September,9,Q3,38,23
40,2011-09-30,912857.1,No,63.45,3.684,136.4195,4.584,2011,September,9,Q3,39,30
40,2011-07-10,1070389.98,No,50.21,3.633,136.472,4.42,2011,July,7,Q3,27,10
40,2011-10-14,936751.68,No,53.9,3.583,136.5150968,4.42,2011,October,10,Q4,41,14
40,2011-10-21,942319.65,No,51.61,3.618,136.5017742,4.42,2011,October,10,Q4,42,21
40,2011-10-28,941675.95,No,42.09,3.604,136.4884516,4.42,2011,October,10,Q4,43,28
40,2011-04-11,1011321.18,No,35.4,3.586,136.475129,4.42,2011,April,4,Q2,15,11
40,2011-11-11,1037687.07,No,40.75,3.57,136.4618065,4.42,2011,November,11,Q4,45,11
40,2011-11-18,905399.99,No,41.85,3.571,136.4666667,4.42,2011,November,11,Q4,46,18
40,2011-11-25,1230011.95,Yes,32.76,3.536,136.4788,4.42,2011,November,11,Q4,47,25
40,2011-02-12,1059676.62,No,38.51,3.501,136.4909333,4.42,2011,February,2,Q1,6,12
40,2011-09-12,1158708.98,No,34.48,3.47,136.5030667,4.42,2011,September,9,Q3,37,12
40,2011-12-16,1198670.19,No,29.53,3.445,136.5335161,4.42,2011,December,12,Q4,50,16
40,2011-12-23,1601585.7,No,24.46,3.413,136.5883871,4.42,2011,December,12,Q4,51,23
40,2011-12-30,908853.15,Yes,18.75,3.402,136.6432581,4.42,2011,December,12,Q4,52,30
40,2012-06-01,954576.86,No,23.29,3.439,136.698129,4.261,2012,June,6,Q2,22,1
40,2012-01-13,780607.52,No,25.9,3.523,136.753,4.261,2012,January,1,Q1,2,13
40,2012-01-20,811365.42,No,14.02,3.542,136.8564194,4.261,2012,January,1,Q1,3,20
40,2012-01-27,770157.29,No,22.91,3.568,136.9598387,4.261,2012,January,1,Q1,4,27
40,2012-03-02,979552.34,No,27.86,3.633,137.0632581,4.261,2012,March,3,Q1,9,2
40,2012-10-02,999785.48,Yes,23.92,3.655,137.1666774,4.261,2012,October,10,Q4,40,2
40,2012-02-17,975500.87,No,25.56,3.703,137.2583103,4.261,2012,February,2,Q1,7,17
40,2012-02-24,919301.81,No,29.88,3.751,137.3411034,4.261,2012,February,2,Q1,8,24
40,2012-02-03,927732.02,No,23.79,3.827,137.4238966,4.261,2012,February,2,Q1,5,3
40,2012-09-03,954233.87,No,30.58,3.876,137.5066897,4.261,2012,September,9,Q3,36,3
40,2012-03-16,891154.18,No,37.13,3.867,137.5843871,4.261,2012,March,3,Q1,11,16
40,2012-03-23,844490.86,No,52.27,3.889,137.6552903,4.261,2012,March,3,Q1,12,23
40,2012-03-30,871945.64,No,36.25,3.921,137.7261935,4.261,2012,March,3,Q1,13,30
40,2012-06-04,1132064.23,No,36.54,3.957,137.7970968,4.125,2012,June,6,Q2,23,4
40,2012-04-13,857811.17,No,40.65,4.025,137.868,4.125,2012,April,4,Q2,15,13
40,2012-04-20,896979.93,No,55.3,4.046,137.9230667,4.125,2012,April,4,Q2,16,20
40,2012-04-27,875372.91,No,47.51,4.023,137.9781333,4.125,2012,April,4,Q2,17,27
40,2012-04-05,993311.59,No,44.47,3.991,138.0332,4.125,2012,April,4,Q2,14,5
40,2012-11-05,967729.35,No,52.06,3.947,138.0882667,4.125,2012,November,11,Q4,45,5
40,2012-05-18,896295.41,No,57.59,3.899,138.1065806,4.125,2012,May,5,Q2,20,18
40,2012-05-25,991054.49,No,65.25,3.85,138.1101935,4.125,2012,May,5,Q2,21,25
40,2012-01-06,1037464.27,No,64.75,3.798,138.1138065,4.125,2012,January,1,Q1,1,6
40,2012-08-06,1079386.88,No,55.78,3.746,138.1174194,4.125,2012,August,8,Q3,32,6
40,2012-06-15,977950.28,No,63.39,3.683,138.1295333,4.125,2012,June,6,Q2,24,15
40,2012-06-22,1033552.18,No,69.32,3.629,138.1629,4.125,2012,June,6,Q2,25,22
40,2012-06-29,988764.84,No,64.42,3.577,138.1962667,4.125,2012,June,6,Q2,26,29
40,2012-06-07,1182901.56,No,69.08,3.538,138.2296333,4.156,2012,June,6,Q2,23,7
40,2012-07-13,979848.71,No,67.48,3.561,138.263,4.156,2012,July,7,Q3,28,13
40,2012-07-20,968502.38,No,70.45,3.61,138.2331935,4.156,2012,July,7,Q3,29,20
40,2012-07-27,954396.85,No,67.88,3.701,138.2033871,4.156,2012,July,7,Q3,30,27
40,2012-03-08,1068346.76,No,70.15,3.698,138.1735806,4.156,2012,March,3,Q1,10,8
40,2012-10-08,1007906.43,No,70.09,3.772,138.1437742,4.156,2012,October,10,Q4,41,8
40,2012-08-17,969387.48,No,69.41,3.84,138.1857097,4.156,2012,August,8,Q3,33,17
40,2012-08-24,945318.47,No,63.91,3.874,138.2814516,4.156,2012,August,8,Q3,34,24
40,2012-08-31,987264.67,No,66.11,3.884,138.3771935,4.156,2012,August,8,Q3,35,31
40,2012-07-09,1088248.4,Yes,65.06,3.921,138.4729355,4.156,2012,July,7,Q3,28,9
40,2012-09-14,901709.82,No,59.38,3.988,138.5673,4.156,2012,September,9,Q3,37,14
40,2012-09-21,899768.4,No,54.12,4.056,138.6534,4.156,2012,September,9,Q3,38,21
40,2012-09-28,919595.44,No,50.98,4.018,138.7395,4.156,2012,September,9,Q3,39,28
40,2012-05-10,1069112.0,No,57.21,4.027,138.8256,4.145,2012,May,5,Q2,19,10
40,2012-12-10,982523.26,No,47.35,4.029,138.9117,4.145,2012,December,12,Q4,50,10
40,2012-10-19,918170.5,No,46.33,4.0,138.8336129,4.145,2012,October,10,Q4,42,19
40,2012-10-26,921264.52,No,49.65,3.917,138.7281613,4.145,2012,October,10,Q4,43,26
41,2010-05-02,1086533.18,No,30.27,2.58,189.3816974,7.541,2010,May,5,Q2,17,2
41,2010-12-02,1075656.34,Yes,23.04,2.572,189.4642725,7.541,2010,December,12,Q4,48,2
41,2010-02-19,1052034.74,No,24.13,2.55,189.5340998,7.541,2010,February,2,Q1,7,19
41,2010-02-26,991941.73,No,21.84,2.586,189.6018023,7.541,2010,February,2,Q1,8,26
41,2010-05-03,1063557.49,No,32.49,2.62,189.6695049,7.541,2010,May,5,Q2,18,3
41,2010-12-03,1023997.71,No,33.4,2.684,189.7372075,7.541,2010,December,12,Q4,48,3
41,2010-03-19,1006597.69,No,36.7,2.692,189.734262,7.541,2010,March,3,Q1,11,19
41,2010-03-26,1015196.46,No,32.3,2.717,189.7195417,7.541,2010,March,3,Q1,12,26
41,2010-02-04,1168826.39,No,41.31,2.725,189.7048215,7.363,2010,February,2,Q1,5,4
41,2010-09-04,1082158.21,No,37.3,2.75,189.6901012,7.363,2010,September,9,Q3,35,4
41,2010-04-16,1043388.79,No,46.79,2.765,189.6628845,7.363,2010,April,4,Q2,15,16
41,2010-04-23,1067340.74,No,45.29,2.776,189.6190057,7.363,2010,April,4,Q2,16,23
41,2010-04-30,1063960.11,No,40.2,2.766,189.575127,7.363,2010,April,4,Q2,17,30
41,2010-07-05,1175738.22,No,41.5,2.771,189.5312483,7.363,2010,July,7,Q3,27,5
41,2010-05-14,1116439.02,No,40.23,2.788,189.4904116,7.363,2010,May,5,Q2,19,14
41,2010-05-21,1163234.33,No,50.59,2.776,189.467827,7.363,2010,May,5,Q2,20,21
41,2010-05-28,1246654.24,No,56.97,2.737,189.4452425,7.363,2010,May,5,Q2,21,28
41,2010-04-06,1305068.1,No,60.13,2.7,189.422658,7.363,2010,April,4,Q2,14,6
41,2010-11-06,1217199.39,No,63.36,2.684,189.4000734,7.363,2010,November,11,Q4,44,6
41,2010-06-18,1202963.06,No,54.9,2.674,189.4185259,7.363,2010,June,6,Q2,24,18
41,2010-06-25,1174209.52,No,66.0,2.715,189.4533931,7.363,2010,June,6,Q2,25,25
41,2010-02-07,1273279.79,No,69.39,2.728,189.4882603,7.335,2010,February,2,Q1,5,7
41,2010-09-07,1176079.59,No,60.93,2.711,189.5231276,7.335,2010,September,9,Q3,36,7
41,2010-07-16,1179788.38,No,69.06,2.699,189.6125456,7.335,2010,July,7,Q3,28,16
41,2010-07-23,1192213.87,No,70.77,2.691,189.774698,7.335,2010,July,7,Q3,29,23
41,2010-07-30,1211136.63,No,70.07,2.69,189.9368504,7.335,2010,July,7,Q3,30,30
41,2010-06-08,1338132.72,No,69.21,2.69,190.0990028,7.335,2010,June,6,Q2,23,8
41,2010-08-13,1285976.53,No,70.24,2.723,190.2611552,7.335,2010,August,8,Q3,32,13
41,2010-08-20,1353838.39,No,66.19,2.732,190.2948237,7.335,2010,August,8,Q3,33,20
41,2010-08-27,1173131.63,No,70.59,2.731,190.3284922,7.335,2010,August,8,Q3,34,27
41,2010-03-09,1223355.5,No,64.13,2.773,190.3621607,7.335,2010,March,3,Q1,10,9
41,2010-10-09,1172672.27,Yes,63.3,2.78,190.3958293,7.335,2010,October,10,Q4,40,9
41,2010-09-17,1111170.91,No,62.4,2.8,190.4688287,7.335,2010,September,9,Q3,37,17
41,2010-09-24,1110941.78,No,60.11,2.793,190.5713264,7.335,2010,September,9,Q3,38,24
41,2010-01-10,1109216.35,No,62.67,2.759,190.6738241,7.508,2010,January,1,Q1,1,10
41,2010-08-10,1162042.24,No,57.1,2.745,190.7763218,7.508,2010,August,8,Q3,32,10
41,2010-10-15,1133913.33,No,49.91,2.762,190.8623087,7.508,2010,October,10,Q4,41,15
41,2010-10-22,1156003.7,No,48.09,2.762,190.9070184,7.508,2010,October,10,Q4,42,22
41,2010-10-29,1144854.56,No,42.16,2.748,190.951728,7.508,2010,October,10,Q4,43,29
41,2010-05-11,1163878.49,No,46.74,2.729,190.9964377,7.508,2010,May,5,Q2,19,11
41,2010-12-11,1175326.23,No,38.99,2.737,191.0411474,7.508,2010,December,12,Q4,49,11
41,2010-11-19,1172155.28,No,31.34,2.758,191.0312172,7.508,2010,November,11,Q4,46,19
41,2010-11-26,1866681.57,Yes,25.3,2.742,191.0121805,7.508,2010,November,11,Q4,47,26
41,2010-03-12,1220115.75,No,33.0,2.712,190.9931437,7.508,2010,March,3,Q1,10,12
41,2010-10-12,1434908.13,No,33.9,2.728,190.9741069,7.508,2010,October,10,Q4,41,12
41,2010-12-17,1627904.68,No,31.51,2.778,191.0303376,7.508,2010,December,12,Q4,50,17
41,2010-12-24,2225016.73,No,29.81,2.781,191.1430189,7.508,2010,December,12,Q4,51,24
41,2010-12-31,1001790.16,Yes,25.19,2.829,191.2557002,7.508,2010,December,12,Q4,52,31
41,2011-07-01,1153596.53,No,23.76,2.882,191.3683815,7.241,2011,July,7,Q3,26,1
41,2011-01-14,1052609.16,No,22.44,2.911,191.4784939,7.241,2011,January,1,Q1,2,14
41,2011-01-21,1088025.8,No,32.7,2.973,191.5731924,7.241,2011,January,1,Q1,3,21
41,2011-01-28,1026439.93,No,32.23,3.008,191.667891,7.241,2011,January,1,Q1,4,28
41,2011-04-02,1179420.5,No,14.56,3.011,191.7625895,7.241,2011,April,4,Q2,13,2
41,2011-11-02,1150003.36,Yes,16.81,3.037,191.8572881,7.241,2011,November,11,Q4,44,2
41,2011-02-18,1203399.64,No,39.39,3.051,191.9178331,7.241,2011,February,2,Q1,7,18
41,2011-02-25,1099714.93,No,26.1,3.101,191.9647167,7.241,2011,February,2,Q1,8,25
41,2011-04-03,1229257.7,No,34.99,3.232,192.0116004,7.241,2011,April,4,Q2,13,3
41,2011-11-03,1159089.6,No,31.6,3.372,192.058484,7.241,2011,November,11,Q4,44,3
41,2011-03-18,1115504.26,No,40.19,3.406,192.1237981,7.241,2011,March,3,Q1,11,18
41,2011-03-25,1140578.16,No,41.11,3.414,192.1964844,7.241,2011,March,3,Q1,12,25
41,2011-01-04,1179125.48,No,38.16,3.461,192.2691707,6.934,2011,January,1,Q1,1,4
41,2011-08-04,1206252.12,No,42.87,3.532,192.3418571,6.934,2011,August,8,Q3,31,4
41,2011-04-15,1192982.07,No,39.94,3.611,192.4225954,6.934,2011,April,4,Q2,15,15
41,2011-04-22,1304481.75,No,42.86,3.636,192.5234638,6.934,2011,April,4,Q2,16,22
41,2011-04-29,1178841.05,No,39.81,3.663,192.6243322,6.934,2011,April,4,Q2,17,29
41,2011-06-05,1244956.91,No,41.2,3.735,192.7252006,6.934,2011,June,6,Q2,22,5
41,2011-05-13,1270025.74,No,50.29,3.767,192.826069,6.934,2011,May,5,Q2,19,13
41,2011-05-20,1244542.33,No,41.11,3.828,192.831317,6.934,2011,May,5,Q2,20,20
41,2011-05-27,1278304.33,No,50.56,3.795,192.8365651,6.934,2011,May,5,Q2,21,27
41,2011-03-06,1297584.95,No,54.81,3.763,192.8418131,6.934,2011,March,3,Q1,9,6
41,2011-10-06,1311690.11,No,61.1,3.735,192.8470612,6.934,2011,October,10,Q4,40,6
41,2011-06-17,1289151.84,No,62.3,3.697,192.9034759,6.934,2011,June,6,Q2,24,17
41,2011-06-24,1244381.98,No,59.54,3.661,192.9982655,6.934,2011,June,6,Q2,25,24
41,2011-01-07,1333347.78,No,67.01,3.597,193.0930552,6.901,2011,January,1,Q1,1,7
41,2011-08-07,1338862.58,No,68.49,3.54,193.1878448,6.901,2011,August,8,Q3,31,7
41,2011-07-15,1245772.7,No,68.18,3.532,193.3125484,6.901,2011,July,7,Q3,28,15
41,2011-07-22,1292830.93,No,74.11,3.545,193.5120367,6.901,2011,July,7,Q3,29,22
41,2011-07-29,1248330.1,No,71.3,3.547,193.711525,6.901,2011,July,7,Q3,30,29
41,2011-05-08,1402233.69,No,72.19,3.554,193.9110133,6.901,2011,May,5,Q2,18,8
41,2011-12-08,1356689.88,No,67.65,3.542,194.1105017,6.901,2011,December,12,Q4,49,8
41,2011-08-19,1412959.97,No,70.55,3.499,194.2500634,6.901,2011,August,8,Q3,33,19
41,2011-08-26,1328740.71,No,71.61,3.485,194.3796374,6.901,2011,August,8,Q3,34,26
41,2011-02-09,1283849.38,No,70.37,3.511,194.5092113,6.901,2011,February,2,Q1,6,9
41,2011-09-09,1280958.97,Yes,58.31,3.566,194.6387853,6.901,2011,September,9,Q3,36,9
41,2011-09-16,1197019.39,No,54.82,3.596,194.7419707,6.901,2011,September,9,Q3,37,16
41,2011-09-23,1173059.79,No,55.06,3.581,194.8099713,6.901,2011,September,9,Q3,38,23
41,2011-09-30,1160619.61,No,61.77,3.538,194.8779718,6.901,2011,September,9,Q3,39,30
41,2011-07-10,1277882.77,No,58.74,3.498,194.9459724,6.759,2011,July,7,Q3,27,10
41,2011-10-14,1247130.22,No,47.43,3.491,195.0261012,6.759,2011,October,10,Q4,41,14
41,2011-10-21,1214944.29,No,45.62,3.548,195.1789994,6.759,2011,October,10,Q4,42,21
41,2011-10-28,1274463.02,No,37.02,3.55,195.3318977,6.759,2011,October,10,Q4,43,28
41,2011-04-11,1315684.86,No,35.04,3.527,195.4847959,6.759,2011,April,4,Q2,15,11
41,2011-11-11,1302499.23,No,32.87,3.505,195.6376941,6.759,2011,November,11,Q4,45,11
41,2011-11-18,1230118.02,No,36.64,3.479,195.7184713,6.759,2011,November,11,Q4,46,18
41,2011-11-25,1906713.35,Yes,36.37,3.424,195.7704,6.759,2011,November,11,Q4,47,25
41,2011-02-12,1292436.23,No,34.53,3.378,195.8223287,6.759,2011,February,2,Q1,6,12
41,2011-09-12,1548661.45,No,17.05,3.331,195.8742575,6.759,2011,September,9,Q3,37,12
41,2011-12-16,1682368.32,No,25.01,3.266,195.9841685,6.759,2011,December,12,Q4,50,16
41,2011-12-23,2263722.68,No,25.59,3.173,196.1713893,6.759,2011,December,12,Q4,51,23
41,2011-12-30,1264014.16,Yes,34.12,3.119,196.3586101,6.759,2011,December,12,Q4,52,30
41,2012-06-01,1208191.61,No,37.21,3.095,196.5458309,6.589,2012,June,6,Q2,22,1
41,2012-01-13,1134767.28,No,27.49,3.077,196.7330517,6.589,2012,January,1,Q1,2,13
41,2012-01-20,1116295.24,No,31.56,3.055,196.7796652,6.589,2012,January,1,Q1,3,20
41,2012-01-27,1079398.81,No,33.15,3.038,196.8262786,6.589,2012,January,1,Q1,4,27
41,2012-03-02,1208825.6,No,31.65,3.031,196.8728921,6.589,2012,March,3,Q1,9,2
41,2012-10-02,1238844.56,Yes,22.0,3.103,196.9195056,6.589,2012,October,10,Q4,40,2
41,2012-02-17,1330451.46,No,22.52,3.113,196.9432711,6.589,2012,February,2,Q1,7,17
41,2012-02-24,1224915.66,No,27.89,3.129,196.9499007,6.589,2012,February,2,Q1,8,24
41,2012-02-03,1239813.26,No,27.39,3.191,196.9565303,6.589,2012,February,2,Q1,5,3
41,2012-09-03,1243814.77,No,35.3,3.286,196.9631599,6.589,2012,September,9,Q3,36,3
41,2012-03-16,1201511.62,No,47.76,3.486,197.0457208,6.589,2012,March,3,Q1,11,16
41,2012-03-23,1215354.38,No,44.04,3.664,197.2295234,6.589,2012,March,3,Q1,12,23
41,2012-03-30,1239423.19,No,51.56,3.75,197.4133259,6.589,2012,March,3,Q1,13,30
41,2012-06-04,1460234.31,No,48.48,3.854,197.5971285,6.547,2012,June,6,Q2,23,4
41,2012-04-13,1323004.73,No,46.84,3.901,197.780931,6.547,2012,April,4,Q2,15,13
41,2012-04-20,1220815.33,No,43.57,3.936,197.7227385,6.547,2012,April,4,Q2,16,20
41,2012-04-27,1248950.65,No,57.66,3.927,197.664546,6.547,2012,April,4,Q2,17,27
41,2012-04-05,1359770.73,No,52.86,3.903,197.6063534,6.547,2012,April,4,Q2,14,5
41,2012-11-05,1353285.1,No,50.22,3.87,197.5481609,6.547,2012,November,11,Q4,45,5
41,2012-05-18,1331514.44,No,55.24,3.837,197.5553137,6.547,2012,May,5,Q2,20,18
41,2012-05-25,1424500.47,No,54.89,3.804,197.5886046,6.547,2012,May,5,Q2,21,25
41,2012-01-06,1374891.36,No,57.29,3.764,197.6218954,6.547,2012,January,1,Q1,1,6
41,2012-08-06,1436383.84,No,65.11,3.741,197.6551863,6.547,2012,August,8,Q3,32,6
41,2012-06-15,1384584.59,No,64.92,3.723,197.692292,6.547,2012,June,6,Q2,24,15
41,2012-06-22,1386407.17,No,66.88,3.735,197.7389345,6.547,2012,June,6,Q2,25,22
41,2012-06-29,1355600.01,No,76.54,3.693,197.785577,6.547,2012,June,6,Q2,26,29
41,2012-06-07,1456300.89,No,74.47,3.646,197.8322195,6.432,2012,June,6,Q2,23,7
41,2012-07-13,1332594.07,No,67.24,3.613,197.8788621,6.432,2012,July,7,Q3,28,13
41,2012-07-20,1347175.93,No,74.06,3.585,197.9290378,6.432,2012,July,7,Q3,29,20
41,2012-07-27,1344723.97,No,73.31,3.57,197.9792136,6.432,2012,July,7,Q3,30,27
41,2012-03-08,1439607.35,No,73.16,3.528,198.0293893,6.432,2012,March,3,Q1,10,8
41,2012-10-08,1504545.94,No,71.73,3.509,198.0795651,6.432,2012,October,10,Q4,41,8
41,2012-08-17,1560590.05,No,65.77,3.545,198.1001057,6.432,2012,August,8,Q3,33,17
41,2012-08-24,1464462.85,No,69.07,3.558,198.0984199,6.432,2012,August,8,Q3,34,24
41,2012-08-31,1360517.52,No,71.56,3.556,198.0967341,6.432,2012,August,8,Q3,35,31
41,2012-07-09,1392143.82,Yes,67.41,3.596,198.0950484,6.432,2012,July,7,Q3,28,9
41,2012-09-14,1306644.25,No,59.39,3.659,198.1267184,6.432,2012,September,9,Q3,37,14
41,2012-09-21,1276609.36,No,59.81,3.765,198.358523,6.432,2012,September,9,Q3,38,21
41,2012-09-28,1307928.01,No,56.08,3.789,198.5903276,6.432,2012,September,9,Q3,39,28
41,2012-05-10,1400160.95,No,50.14,3.779,198.8221322,6.195,2012,May,5,Q2,19,10
41,2012-12-10,1409544.97,No,39.38,3.76,199.0539368,6.195,2012,December,12,Q4,50,10
41,2012-10-19,1326197.24,No,49.56,3.75,199.1481963,6.195,2012,October,10,Q4,42,19
41,2012-10-26,1316542.59,No,41.8,3.686,199.2195317,6.195,2012,October,10,Q4,43,26
42,2010-05-02,543384.01,No,54.34,2.962,126.4420645,9.765,2010,May,5,Q2,17,2
42,2010-12-02,575709.96,Yes,49.96,2.828,126.4962581,9.765,2010,December,12,Q4,48,2
42,2010-02-19,508794.87,No,58.22,2.915,126.5262857,9.765,2010,February,2,Q1,7,19
42,2010-02-26,491510.58,No,52.77,2.825,126.5522857,9.765,2010,February,2,Q1,8,26
42,2010-05-03,554972.42,No,55.92,2.877,126.5782857,9.765,2010,May,5,Q2,18,3
42,2010-12-03,588363.62,No,52.33,3.034,126.6042857,9.765,2010,December,12,Q4,48,3
42,2010-03-19,519914.1,No,61.46,3.054,126.6066452,9.765,2010,March,3,Q1,11,19
42,2010-03-26,478021.68,No,60.05,2.98,126.6050645,9.765,2010,March,3,Q1,12,26
42,2010-02-04,505907.41,No,63.66,3.086,126.6034839,9.524,2010,February,2,Q1,5,4
42,2010-09-04,582552.26,No,65.29,3.004,126.6019032,9.524,2010,September,9,Q3,35,4
42,2010-04-16,549528.16,No,69.74,3.109,126.5621,9.524,2010,April,4,Q2,15,16
42,2010-04-23,492364.77,No,66.42,3.05,126.4713333,9.524,2010,April,4,Q2,16,23
42,2010-04-30,477615.87,No,69.76,3.105,126.3805667,9.524,2010,April,4,Q2,17,30
42,2010-07-05,582846.22,No,71.06,3.127,126.2898,9.524,2010,July,7,Q3,27,5
42,2010-05-14,564345.55,No,73.88,3.145,126.2085484,9.524,2010,May,5,Q2,19,14
42,2010-05-21,504403.16,No,78.32,3.12,126.1843871,9.524,2010,May,5,Q2,20,21
42,2010-05-28,484097.03,No,76.67,3.058,126.1602258,9.524,2010,May,5,Q2,21,28
42,2010-04-06,556046.12,No,82.82,2.941,126.1360645,9.524,2010,April,4,Q2,14,6
42,2010-11-06,607218.6,No,89.67,3.057,126.1119032,9.524,2010,November,11,Q4,44,6
42,2010-06-18,529418.64,No,83.49,2.935,126.114,9.524,2010,June,6,Q2,24,18
42,2010-06-25,484327.56,No,90.32,3.084,126.1266,9.524,2010,June,6,Q2,25,25
42,2010-02-07,507168.8,No,92.89,2.978,126.1392,9.199,2010,February,2,Q1,5,7
42,2010-09-07,570069.48,No,91.03,3.1,126.1518,9.199,2010,September,9,Q3,36,7
42,2010-07-16,558837.27,No,91.8,2.971,126.1498065,9.199,2010,July,7,Q3,28,16
42,2010-07-23,491115.86,No,88.44,3.112,126.1283548,9.199,2010,July,7,Q3,29,23
42,2010-07-30,469598.57,No,85.03,3.017,126.1069032,9.199,2010,July,7,Q3,30,30
42,2010-06-08,579544.21,No,86.13,3.123,126.0854516,9.199,2010,June,6,Q2,23,8
42,2010-08-13,583079.97,No,88.37,3.049,126.064,9.199,2010,August,8,Q3,32,13
42,2010-08-20,500945.63,No,89.88,3.041,126.0766452,9.199,2010,August,8,Q3,33,20
42,2010-08-27,465993.51,No,84.99,3.022,126.0892903,9.199,2010,August,8,Q3,34,27
42,2010-03-09,524658.06,No,83.8,3.087,126.1019355,9.199,2010,March,3,Q1,10,9
42,2010-10-09,589091.04,Yes,84.04,2.961,126.1145806,9.199,2010,October,10,Q4,40,9
42,2010-09-17,536871.58,No,85.52,3.028,126.1454667,9.199,2010,September,9,Q3,37,17
42,2010-09-24,492262.96,No,85.75,2.939,126.1900333,9.199,2010,September,9,Q3,38,24
42,2010-01-10,481523.93,No,86.01,3.001,126.2346,9.003,2010,January,1,Q1,1,10
42,2010-08-10,599759.45,No,77.04,2.924,126.2791667,9.003,2010,August,8,Q3,32,10
42,2010-10-15,559285.35,No,75.48,3.08,126.3266774,9.003,2010,October,10,Q4,41,15
42,2010-10-22,522467.51,No,68.12,3.014,126.3815484,9.003,2010,October,10,Q4,42,22
42,2010-10-29,476967.65,No,68.76,3.13,126.4364194,9.003,2010,October,10,Q4,43,29
42,2010-05-11,565390.4,No,71.04,3.009,126.4912903,9.003,2010,May,5,Q2,19,11
42,2010-12-11,588592.61,No,61.24,3.13,126.5461613,9.003,2010,December,12,Q4,49,11
42,2010-11-19,524316.21,No,58.83,3.047,126.6072,9.003,2010,November,11,Q4,46,19
42,2010-11-26,522296.71,Yes,55.33,3.162,126.6692667,9.003,2010,November,11,Q4,47,26
42,2010-03-12,500250.8,No,51.17,3.041,126.7313333,9.003,2010,March,3,Q1,10,12
42,2010-10-12,585175.24,No,60.51,3.091,126.7934,9.003,2010,October,10,Q4,41,12
42,2010-12-17,537455.65,No,59.15,3.125,126.8794839,9.003,2010,December,12,Q4,50,17
42,2010-12-24,555075.27,No,57.06,3.236,126.9835806,9.003,2010,December,12,Q4,51,24
42,2010-12-31,428953.6,Yes,49.67,3.148,127.0876774,9.003,2010,December,12,Q4,52,31
42,2011-07-01,592947.75,No,43.43,3.287,127.1917742,8.744,2011,July,7,Q3,26,1
42,2011-01-14,613899.15,No,49.98,3.312,127.3009355,8.744,2011,January,1,Q1,2,14
42,2011-01-21,533414.62,No,56.75,3.336,127.4404839,8.744,2011,January,1,Q1,3,21
42,2011-01-28,499081.79,No,53.03,3.231,127.5800323,8.744,2011,January,1,Q1,4,28
42,2011-04-02,586886.16,No,44.88,3.348,127.7195806,8.744,2011,April,4,Q2,13,2
42,2011-11-02,628063.88,Yes,51.51,3.381,127.859129,8.744,2011,November,11,Q4,44,2
42,2011-02-18,556485.1,No,61.77,3.43,127.99525,8.744,2011,February,2,Q1,7,18
42,2011-02-25,526904.08,No,53.59,3.398,128.13,8.744,2011,February,2,Q1,8,25
42,2011-04-03,570879.04,No,56.96,3.674,128.26475,8.744,2011,April,4,Q2,13,3
42,2011-11-03,607294.56,No,64.22,3.63,128.3995,8.744,2011,November,11,Q4,44,3
42,2011-03-18,558239.32,No,70.12,3.892,128.5121935,8.744,2011,March,3,Q1,11,18
42,2011-03-25,522673.62,No,62.53,3.716,128.6160645,8.744,2011,March,3,Q1,12,25
42,2011-01-04,508432.17,No,67.64,3.772,128.7199355,8.494,2011,January,1,Q1,1,4
42,2011-08-04,620087.35,No,73.03,3.818,128.8238065,8.494,2011,August,8,Q3,31,4
42,2011-04-15,597644.02,No,61.05,4.089,128.9107333,8.494,2011,April,4,Q2,15,15
42,2011-04-22,534597.69,No,75.93,3.917,128.9553,8.494,2011,April,4,Q2,16,22
42,2011-04-29,496010.17,No,73.38,4.151,128.9998667,8.494,2011,April,4,Q2,17,29
42,2011-06-05,612337.35,No,73.56,4.193,129.0444333,8.494,2011,June,6,Q2,22,5
42,2011-05-13,603024.75,No,74.04,4.202,129.089,8.494,2011,May,5,Q2,19,13
42,2011-05-20,524559.95,No,72.62,3.99,129.0756774,8.494,2011,May,5,Q2,20,20
42,2011-05-27,503295.29,No,78.62,3.933,129.0623548,8.494,2011,May,5,Q2,21,27
42,2011-03-06,545109.3,No,81.87,3.893,129.0490323,8.494,2011,March,3,Q1,9,6
42,2011-10-06,616701.99,No,84.57,3.981,129.0357097,8.494,2011,October,10,Q4,40,6
42,2011-06-17,546675.65,No,87.96,3.935,129.0432,8.494,2011,June,6,Q2,24,17
42,2011-06-24,501780.66,No,90.69,3.807,129.0663,8.494,2011,June,6,Q2,25,24
42,2011-01-07,506343.83,No,95.36,3.842,129.0894,8.257,2011,January,1,Q1,1,7
42,2011-08-07,593234.27,No,88.57,3.793,129.1125,8.257,2011,August,8,Q3,31,7
42,2011-07-15,591703.82,No,86.01,3.779,129.1338387,8.257,2011,July,7,Q3,28,15
42,2011-07-22,511316.29,No,88.59,3.697,129.1507742,8.257,2011,July,7,Q3,29,22
42,2011-07-29,479256.8,No,86.75,3.694,129.1677097,8.257,2011,July,7,Q3,30,29
42,2011-05-08,572603.33,No,89.8,3.803,129.1846452,8.257,2011,May,5,Q2,18,8
42,2011-12-08,603147.26,No,85.61,3.794,129.2015806,8.257,2011,December,12,Q4,49,8
42,2011-08-19,526641.23,No,87.4,3.743,129.2405806,8.257,2011,August,8,Q3,33,19
42,2011-08-26,503720.98,No,91.59,3.663,129.2832581,8.257,2011,August,8,Q3,34,26
42,2011-02-09,537124.76,No,91.61,3.798,129.3259355,8.257,2011,February,2,Q1,6,9
42,2011-09-09,608390.94,Yes,89.06,3.771,129.3686129,8.257,2011,September,9,Q3,36,9
42,2011-09-16,576837.09,No,77.49,3.784,129.4306,8.257,2011,September,9,Q3,37,16
42,2011-09-23,528486.45,No,82.51,3.789,129.5183333,8.257,2011,September,9,Q3,38,23
42,2011-09-30,510243.79,No,82.27,3.877,129.6060667,8.257,2011,September,9,Q3,39,30
42,2011-07-10,649111.23,No,75.01,3.827,129.6938,7.874,2011,July,7,Q3,27,10
42,2011-10-14,613531.11,No,70.27,3.698,129.7706452,7.874,2011,October,10,Q4,41,14
42,2011-10-21,537276.41,No,77.91,3.842,129.7821613,7.874,2011,October,10,Q4,42,21
42,2011-10-28,515599.7,No,72.79,3.843,129.7936774,7.874,2011,October,10,Q4,43,28
42,2011-04-11,597667.21,No,68.57,3.828,129.8051935,7.874,2011,April,4,Q2,15,11
42,2011-11-11,643125.29,No,55.28,3.677,129.8167097,7.874,2011,November,11,Q4,45,11
42,2011-11-18,567673.87,No,58.97,3.669,129.8268333,7.874,2011,November,11,Q4,46,18
42,2011-11-25,577698.37,Yes,60.68,3.76,129.8364,7.874,2011,November,11,Q4,47,25
42,2011-02-12,511883.36,No,57.29,3.701,129.8459667,7.874,2011,February,2,Q1,6,12
42,2011-09-12,619133.48,No,42.58,3.644,129.8555333,7.874,2011,September,9,Q3,37,12
42,2011-12-16,598437.98,No,50.53,3.489,129.8980645,7.874,2011,December,12,Q4,50,16
42,2011-12-23,575676.13,No,48.36,3.541,129.9845484,7.874,2011,December,12,Q4,51,23
42,2011-12-30,454412.28,Yes,48.92,3.428,130.0710323,7.874,2011,December,12,Q4,52,30
42,2012-06-01,636372.37,No,59.85,3.443,130.1575161,7.545,2012,June,6,Q2,22,1
42,2012-01-13,664348.2,No,51.0,3.477,130.244,7.545,2012,January,1,Q1,2,13
42,2012-01-20,579499.93,No,54.51,3.66,130.2792258,7.545,2012,January,1,Q1,3,20
42,2012-01-27,538978.67,No,53.59,3.675,130.3144516,7.545,2012,January,1,Q1,4,27
42,2012-03-02,588448.21,No,56.85,3.543,130.3496774,7.545,2012,March,3,Q1,9,2
42,2012-10-02,674919.45,Yes,55.73,3.722,130.3849032,7.545,2012,October,10,Q4,40,2
42,2012-02-17,606671.5,No,54.12,3.781,130.4546207,7.545,2012,February,2,Q1,7,17
42,2012-02-24,564304.15,No,56.02,3.95,130.5502069,7.545,2012,February,2,Q1,8,24
42,2012-02-03,585895.34,No,57.62,3.882,130.6457931,7.545,2012,February,2,Q1,5,3
42,2012-09-03,659816.15,No,57.65,3.963,130.7413793,7.545,2012,September,9,Q3,36,3
42,2012-03-16,618767.26,No,62.11,4.273,130.8261935,7.545,2012,March,3,Q1,11,16
42,2012-03-23,561226.38,No,56.54,4.288,130.8966452,7.545,2012,March,3,Q1,12,23
42,2012-03-30,544408.14,No,67.92,4.294,130.9670968,7.545,2012,March,3,Q1,13,30
42,2012-06-04,652312.11,No,65.99,4.282,131.0375484,7.382,2012,June,6,Q2,23,4
42,2012-04-13,639123.45,No,70.28,4.254,131.108,7.382,2012,April,4,Q2,15,13
42,2012-04-20,552529.23,No,67.75,4.111,131.1173333,7.382,2012,April,4,Q2,16,20
42,2012-04-27,526625.49,No,80.11,4.088,131.1266667,7.382,2012,April,4,Q2,17,27
42,2012-04-05,609274.89,No,77.02,4.058,131.136,7.382,2012,April,4,Q2,14,5
42,2012-11-05,643603.69,No,76.03,4.186,131.1453333,7.382,2012,November,11,Q4,45,5
42,2012-05-18,590636.38,No,85.19,4.308,131.0983226,7.382,2012,May,5,Q2,20,18
42,2012-05-25,535764.58,No,86.03,4.127,131.0287742,7.382,2012,May,5,Q2,21,25
42,2012-01-06,521953.78,No,80.06,4.277,130.9592258,7.382,2012,January,1,Q1,1,6
42,2012-08-06,642671.48,No,86.87,4.103,130.8896774,7.382,2012,August,8,Q3,32,6
42,2012-06-15,606309.13,No,88.58,4.144,130.8295333,7.382,2012,June,6,Q2,24,15
42,2012-06-22,540031.29,No,89.92,4.014,130.7929,7.382,2012,June,6,Q2,25,22
42,2012-06-29,507403.77,No,91.36,3.875,130.7562667,7.382,2012,June,6,Q2,26,29
42,2012-06-07,618702.09,No,86.87,3.666,130.7196333,7.17,2012,June,6,Q2,23,7
42,2012-07-13,628099.08,No,89.8,3.723,130.683,7.17,2012,July,7,Q3,28,13
42,2012-07-20,530318.39,No,84.45,3.589,130.7012903,7.17,2012,July,7,Q3,29,20
42,2012-07-27,516352.21,No,83.98,3.769,130.7195806,7.17,2012,July,7,Q3,30,27
42,2012-03-08,573084.71,No,84.76,3.595,130.737871,7.17,2012,March,3,Q1,10,8
42,2012-10-08,576620.31,No,90.78,3.811,130.7561613,7.17,2012,October,10,Q4,41,8
42,2012-08-17,575997.78,No,88.83,4.002,130.7909677,7.17,2012,August,8,Q3,33,17
42,2012-08-24,535537.03,No,82.5,4.055,130.8381613,7.17,2012,August,8,Q3,34,24
42,2012-08-31,504760.57,No,86.97,3.886,130.8853548,7.17,2012,August,8,Q3,35,31
42,2012-07-09,617405.35,Yes,83.07,4.124,130.9325484,7.17,2012,July,7,Q3,28,9
42,2012-09-14,586737.66,No,78.47,3.966,130.9776667,7.17,2012,September,9,Q3,37,14
42,2012-09-21,527165.7,No,81.93,4.125,131.0103333,7.17,2012,September,9,Q3,38,21
42,2012-09-28,505978.46,No,82.52,3.966,131.043,7.17,2012,September,9,Q3,39,28
42,2012-05-10,593162.53,No,80.88,4.132,131.0756667,6.943,2012,May,5,Q2,19,10
42,2012-12-10,612379.9,No,76.03,4.468,131.1083333,6.943,2012,December,12,Q4,50,10
42,2012-10-19,541406.98,No,72.71,4.449,131.1499677,6.943,2012,October,10,Q4,42,19
42,2012-10-26,514756.08,No,70.5,4.301,131.1930968,6.943,2012,October,10,Q4,43,26
43,2010-05-02,647029.28,No,47.31,2.572,203.0642742,9.521,2010,May,5,Q2,17,2
43,2010-12-02,682918.99,Yes,47.99,2.548,203.2010968,9.521,2010,December,12,Q4,48,2
43,2010-02-19,658997.55,No,48.77,2.514,203.2479796,9.521,2010,February,2,Q1,7,19
43,2010-02-26,618702.79,No,48.77,2.561,203.2798724,9.521,2010,February,2,Q1,8,26
43,2010-05-03,658600.05,No,52.89,2.625,203.3117653,9.521,2010,May,5,Q2,18,3
43,2010-12-03,645386.94,No,53.67,2.667,203.3436582,9.521,2010,December,12,Q4,48,3
43,2010-03-19,668098.49,No,56.0,2.72,203.195159,9.521,2010,March,3,Q1,11,19
43,2010-03-26,623097.93,No,54.53,2.732,203.0165945,9.521,2010,March,3,Q1,12,26
43,2010-02-04,650102.8,No,62.19,2.719,202.83803,9.593,2010,February,2,Q1,5,4
43,2010-09-04,693058.34,No,64.37,2.77,202.6594654,9.593,2010,September,9,Q3,35,4
43,2010-04-16,675282.2,No,69.46,2.808,202.5351571,9.593,2010,April,4,Q2,15,16
43,2010-04-23,638957.35,No,62.71,2.795,202.4831905,9.593,2010,April,4,Q2,16,23
43,2010-04-30,630740.11,No,66.91,2.78,202.4312238,9.593,2010,April,4,Q2,17,30
43,2010-07-05,691498.6,No,67.16,2.835,202.3792571,9.593,2010,July,7,Q3,27,5
43,2010-05-14,690851.59,No,72.14,2.854,202.3705092,9.593,2010,May,5,Q2,19,14
43,2010-05-21,672062.08,No,74.74,2.826,202.6210737,9.593,2010,May,5,Q2,20,21
43,2010-05-28,630315.76,No,78.59,2.759,202.8716382,9.593,2010,May,5,Q2,21,28
43,2010-04-06,682012.53,No,82.76,2.705,203.1222028,9.593,2010,April,4,Q2,14,6
43,2010-11-06,684023.95,No,88.12,2.668,203.3727673,9.593,2010,November,11,Q4,44,6
43,2010-06-18,700009.77,No,84.9,2.637,203.370619,9.593,2010,June,6,Q2,24,18
43,2010-06-25,625196.14,No,88.48,2.653,203.2673857,9.593,2010,June,6,Q2,25,25
43,2010-02-07,667353.79,No,80.17,2.669,203.1641524,9.816,2010,February,2,Q1,5,7
43,2010-09-07,718748.33,No,81.52,2.642,203.060919,9.816,2010,September,9,Q3,36,7
43,2010-07-16,696844.36,No,84.17,2.623,203.0538548,9.816,2010,July,7,Q3,28,16
43,2010-07-23,649035.55,No,86.6,2.608,203.1750161,9.816,2010,July,7,Q3,29,23
43,2010-07-30,622112.23,No,79.79,2.64,203.2961774,9.816,2010,July,7,Q3,30,30
43,2010-06-08,698536.06,No,84.66,2.627,203.4173387,9.816,2010,June,6,Q2,23,8
43,2010-08-13,713479.91,No,86.31,2.692,203.5385,9.816,2010,August,8,Q3,32,13
43,2010-08-20,712869.09,No,85.26,2.664,203.5092419,9.816,2010,August,8,Q3,33,20
43,2010-08-27,655284.69,No,80.32,2.619,203.4799839,9.816,2010,August,8,Q3,34,27
43,2010-03-09,689326.91,No,80.43,2.577,203.4507258,9.816,2010,March,3,Q1,10,9
43,2010-10-09,722120.04,Yes,81.32,2.565,203.4214677,9.816,2010,October,10,Q4,40,9
43,2010-09-17,725043.04,No,78.86,2.582,203.4499286,9.816,2010,September,9,Q3,37,17
43,2010-09-24,650263.95,No,77.42,2.624,203.5216786,9.816,2010,September,9,Q3,38,24
43,2010-01-10,657108.77,No,77.93,2.603,203.5934286,10.21,2010,January,1,Q1,1,10
43,2010-08-10,713332.54,No,72.81,2.633,203.6651786,10.21,2010,August,8,Q3,32,10
43,2010-10-15,699852.68,No,68.78,2.72,203.7299032,10.21,2010,October,10,Q4,41,15
43,2010-10-22,680943.03,No,69.46,2.725,203.7770645,10.21,2010,October,10,Q4,42,22
43,2010-10-29,610076.32,No,65.88,2.716,203.8242258,10.21,2010,October,10,Q4,43,29
43,2010-05-11,605960.2,No,62.52,2.689,203.8713871,10.21,2010,May,5,Q2,19,11
43,2010-12-11,595421.23,No,59.98,2.728,203.9185484,10.21,2010,December,12,Q4,49,11
43,2010-11-19,589467.35,No,54.96,2.771,203.8191286,10.21,2010,November,11,Q4,46,19
43,2010-11-26,633520.34,Yes,54.76,2.735,203.6952786,10.21,2010,November,11,Q4,47,26
43,2010-03-12,557543.62,No,44.56,2.708,203.5714286,10.21,2010,March,3,Q1,10,12
43,2010-10-12,598679.02,No,52.52,2.843,203.4475786,10.21,2010,October,10,Q4,41,12
43,2010-12-17,615761.77,No,56.51,2.869,203.3996521,10.21,2010,December,12,Q4,50,17
43,2010-12-24,656637.63,No,57.15,2.886,203.4086682,10.21,2010,December,12,Q4,51,24
43,2010-12-31,534740.3,Yes,48.61,2.943,203.4176843,10.21,2010,December,12,Q4,52,31
43,2011-07-01,611796.61,No,40.47,2.976,203.4267005,10.398,2011,July,7,Q3,26,1
43,2011-01-14,614940.07,No,43.45,2.983,203.4840645,10.398,2011,January,1,Q1,2,14
43,2011-01-21,601004.79,No,53.05,3.016,203.8315161,10.398,2011,January,1,Q1,3,21
43,2011-01-28,562558.27,No,44.98,3.01,204.1789677,10.398,2011,January,1,Q1,4,28
43,2011-04-02,651521.77,No,33.21,2.989,204.5264194,10.398,2011,April,4,Q2,13,2
43,2011-11-02,635650.98,Yes,40.65,3.022,204.873871,10.398,2011,November,11,Q4,44,2
43,2011-02-18,626627.77,No,59.15,3.045,205.1683214,10.398,2011,February,2,Q1,7,18
43,2011-02-25,592340.01,No,58.37,3.065,205.4415714,10.398,2011,February,2,Q1,8,25
43,2011-04-03,616345.25,No,60.26,3.288,205.7148214,10.398,2011,April,4,Q2,13,3
43,2011-11-03,629026.75,No,60.24,3.459,205.9880714,10.398,2011,November,11,Q4,44,3
43,2011-03-18,635171.05,No,68.98,3.488,206.225924,10.398,2011,March,3,Q1,11,18
43,2011-03-25,585989.1,No,65.53,3.473,206.4496175,10.398,2011,March,3,Q1,12,25
43,2011-01-04,611585.54,No,67.79,3.524,206.6733111,10.581,2011,January,1,Q1,1,4
43,2011-08-04,650418.75,No,70.35,3.622,206.8970046,10.581,2011,August,8,Q3,31,4
43,2011-04-15,635758.03,No,65.01,3.743,207.1015429,10.581,2011,April,4,Q2,15,15
43,2011-04-22,638280.67,No,74.49,3.807,207.2581929,10.581,2011,April,4,Q2,16,22
43,2011-04-29,611464.21,No,71.34,3.81,207.4148429,10.581,2011,April,4,Q2,17,29
43,2011-06-05,649148.74,No,66.77,3.906,207.5714929,10.581,2011,June,6,Q2,22,5
43,2011-05-13,684655.91,No,76.03,3.899,207.7281429,10.581,2011,May,5,Q2,19,13
43,2011-05-20,648330.18,No,74.21,3.907,207.5200622,10.581,2011,May,5,Q2,20,20
43,2011-05-27,578209.63,No,80.89,3.786,207.3119816,10.581,2011,May,5,Q2,21,27
43,2011-03-06,630972.15,No,83.49,3.699,207.1039009,10.581,2011,March,3,Q1,9,6
43,2011-10-06,643041.71,No,85.81,3.648,206.8958203,10.581,2011,October,10,Q4,40,6
43,2011-06-17,665781.74,No,88.49,3.637,206.8560238,10.581,2011,June,6,Q2,24,17
43,2011-06-24,604925.08,No,88.3,3.594,206.9424405,10.581,2011,June,6,Q2,25,24
43,2011-01-07,586781.78,No,91.36,3.524,207.0288571,10.641,2011,January,1,Q1,1,7
43,2011-08-07,651147.83,No,87.02,3.48,207.1152738,10.641,2011,August,8,Q3,31,7
43,2011-07-15,631827.38,No,84.67,3.575,207.1940691,10.641,2011,July,7,Q3,28,15
43,2011-07-22,597354.39,No,88.58,3.651,207.2538111,10.641,2011,July,7,Q3,29,22
43,2011-07-29,533917.52,No,83.43,3.682,207.313553,10.641,2011,July,7,Q3,30,29
43,2011-05-08,605956.59,No,87.47,3.684,207.3732949,10.641,2011,May,5,Q2,18,8
43,2011-12-08,595626.56,No,86.64,3.638,207.4330369,10.641,2011,December,12,Q4,49,8
43,2011-08-19,663396.32,No,82.08,3.554,207.4953088,10.641,2011,August,8,Q3,33,19
43,2011-08-26,561573.08,No,87.43,3.523,207.5580023,10.641,2011,August,8,Q3,34,26
43,2011-02-09,594224.9,No,87.84,3.533,207.6206959,10.641,2011,February,2,Q1,6,9
43,2011-09-09,649128.23,Yes,79.29,3.546,207.6833894,10.641,2011,September,9,Q3,36,9
43,2011-09-16,618877.13,No,77.17,3.526,207.8527143,10.641,2011,September,9,Q3,37,16
43,2011-09-23,586108.13,No,78.98,3.467,208.1642143,10.641,2011,September,9,Q3,38,23
43,2011-09-30,555183.72,No,78.97,3.355,208.4757143,10.641,2011,September,9,Q3,39,30
43,2011-07-10,642828.62,No,74.17,3.285,208.7872143,10.148,2011,July,7,Q3,27,10
43,2011-10-14,590984.56,No,68.09,3.274,209.0752166,10.148,2011,October,10,Q4,41,14
43,2011-10-21,594625.96,No,70.3,3.353,209.2222327,10.148,2011,October,10,Q4,42,21
43,2011-10-28,572516.57,No,66.82,3.372,209.3692488,10.148,2011,October,10,Q4,43,28
43,2011-04-11,641905.37,No,59.08,3.332,209.516265,10.148,2011,April,4,Q2,15,11
43,2011-11-11,615975.5,No,51.26,3.297,209.6632811,10.148,2011,November,11,Q4,45,11
43,2011-11-18,628115.61,No,57.75,3.308,209.8651071,10.148,2011,November,11,Q4,46,18
43,2011-11-25,669965.22,Yes,55.7,3.236,210.0888571,10.148,2011,November,11,Q4,47,25
43,2011-02-12,585028.26,No,47.49,3.172,210.3126071,10.148,2011,February,2,Q1,6,12
43,2011-09-12,617898.07,No,34.23,3.158,210.5363571,10.148,2011,September,9,Q3,37,12
43,2011-12-16,665007.08,No,43.78,3.159,210.7365392,10.148,2011,December,12,Q4,50,16
43,2011-12-23,676290.46,No,42.63,3.112,210.9052972,10.148,2011,December,12,Q4,51,23
43,2011-12-30,505405.85,Yes,41.83,3.129,211.0740553,10.148,2011,December,12,Q4,52,30
43,2012-06-01,670993.01,No,47.59,3.157,211.2428134,9.653,2012,June,6,Q2,22,1
43,2012-01-13,663529.64,No,43.68,3.261,211.4115714,9.653,2012,January,1,Q1,2,13
43,2012-01-20,619225.65,No,52.72,3.268,211.4997811,9.653,2012,January,1,Q1,3,20
43,2012-01-27,587685.38,No,52.1,3.29,211.5879908,9.653,2012,January,1,Q1,4,27
43,2012-03-02,629176.71,No,51.92,3.36,211.6762005,9.653,2012,March,3,Q1,9,2
43,2012-10-02,662198.65,Yes,46.54,3.409,211.7644101,9.653,2012,October,10,Q4,40,2
43,2012-02-17,660632.05,No,49.38,3.51,211.916835,9.653,2012,February,2,Q1,7,17
43,2012-02-24,613042.97,No,53.53,3.555,212.1174212,9.653,2012,February,2,Q1,8,24
43,2012-02-03,693249.98,No,56.43,3.63,212.3180074,9.653,2012,February,2,Q1,5,3
43,2012-09-03,636677.67,No,54.52,3.669,212.5185936,9.653,2012,September,9,Q3,36,3
43,2012-03-16,661707.02,No,57.88,3.734,212.6651567,9.653,2012,March,3,Q1,11,16
43,2012-03-23,610940.94,No,56.28,3.787,212.7396889,9.653,2012,March,3,Q1,12,23
43,2012-03-30,623258.4,No,69.88,3.845,212.8142212,9.653,2012,March,3,Q1,13,30
43,2012-06-04,658468.27,No,64.7,3.891,212.8887535,9.575,2012,June,6,Q2,23,4
43,2012-04-13,665687.92,No,70.18,3.891,212.9632857,9.575,2012,April,4,Q2,15,13
43,2012-04-20,638144.98,No,67.28,3.877,213.0130524,9.575,2012,April,4,Q2,16,20
43,2012-04-27,593138.59,No,78.27,3.814,213.062819,9.575,2012,April,4,Q2,17,27
43,2012-04-05,637964.2,No,77.47,3.749,213.1125857,9.575,2012,April,4,Q2,14,5
43,2012-11-05,640159.04,No,67.59,3.688,213.1623524,9.575,2012,November,11,Q4,45,5
43,2012-05-18,648541.81,No,72.06,3.63,213.1753618,9.575,2012,May,5,Q2,20,18
43,2012-05-25,597406.39,No,82.41,3.561,213.1736682,9.575,2012,May,5,Q2,21,25
43,2012-01-06,605078.62,No,80.89,3.501,213.1719747,9.575,2012,January,1,Q1,1,6
43,2012-08-06,643032.51,No,85.73,3.452,213.1702811,9.575,2012,August,8,Q3,32,6
43,2012-06-15,634815.1,No,87.75,3.393,213.1786952,9.575,2012,June,6,Q2,24,15
43,2012-06-22,613270.79,No,87.51,3.346,213.2123786,9.575,2012,June,6,Q2,25,22
43,2012-06-29,593128.13,No,89.85,3.286,213.2460619,9.575,2012,June,6,Q2,26,29
43,2012-06-07,645618.59,No,82.68,3.227,213.2797452,9.285,2012,June,6,Q2,23,7
43,2012-07-13,627634.04,No,78.82,3.256,213.3134286,9.285,2012,July,7,Q3,28,13
43,2012-07-20,596554.05,No,83.83,3.311,213.3219124,9.285,2012,July,7,Q3,29,20
43,2012-07-27,572447.52,No,82.01,3.407,213.3303963,9.285,2012,July,7,Q3,30,27
43,2012-03-08,614378.94,No,85.06,3.417,213.3388802,9.285,2012,March,3,Q1,10,8
43,2012-10-08,643558.78,No,86.36,3.494,213.3473641,9.285,2012,October,10,Q4,41,8
43,2012-08-17,640210.85,No,85.66,3.571,213.4226959,9.285,2012,August,8,Q3,33,17
43,2012-08-24,598234.64,No,81.65,3.62,213.5481636,9.285,2012,August,8,Q3,34,24
43,2012-08-31,593141.29,No,81.12,3.638,213.6736313,9.285,2012,August,8,Q3,35,31
43,2012-07-09,663814.18,Yes,84.99,3.73,213.7990991,9.285,2012,July,7,Q3,28,9
43,2012-09-14,625196.94,No,73.03,3.717,213.9332167,9.285,2012,September,9,Q3,37,14
43,2012-09-21,601990.02,No,75.87,3.721,214.1192333,9.285,2012,September,9,Q3,38,21
43,2012-09-28,577792.32,No,77.55,3.666,214.30525,9.285,2012,September,9,Q3,39,28
43,2012-05-10,642614.89,No,74.09,3.617,214.4912667,8.839,2012,May,5,Q2,19,10
43,2012-12-10,619369.72,No,71.14,3.601,214.6772833,8.839,2012,December,12,Q4,50,10
43,2012-10-19,623919.23,No,71.25,3.594,214.7212488,8.839,2012,October,10,Q4,42,19
43,2012-10-26,587603.55,No,69.17,3.506,214.7415392,8.839,2012,October,10,Q4,43,26
44,2010-05-02,281090.95,No,31.53,2.666,126.4420645,8.119,2010,May,5,Q2,17,2
44,2010-12-02,286857.13,Yes,33.16,2.671,126.4962581,8.119,2010,December,12,Q4,48,2
44,2010-02-19,267956.3,No,35.7,2.654,126.5262857,8.119,2010,February,2,Q1,7,19
44,2010-02-26,273079.07,No,29.98,2.667,126.5522857,8.119,2010,February,2,Q1,8,26
44,2010-05-03,284617.27,No,40.65,2.681,126.5782857,8.119,2010,May,5,Q2,18,3
44,2010-12-03,272190.83,No,37.62,2.733,126.6042857,8.119,2010,December,12,Q4,48,3
44,2010-03-19,269624.2,No,42.49,2.782,126.6066452,8.119,2010,March,3,Q1,11,19
44,2010-03-26,276279.49,No,41.48,2.819,126.6050645,8.119,2010,March,3,Q1,12,26
44,2010-02-04,286197.5,No,42.15,2.842,126.6034839,7.972,2010,February,2,Q1,5,4
44,2010-09-04,257361.3,No,38.97,2.877,126.6019032,7.972,2010,September,9,Q3,35,4
44,2010-04-16,280048.74,No,50.39,2.915,126.5621,7.972,2010,April,4,Q2,15,16
44,2010-04-23,278287.04,No,55.66,2.936,126.4713333,7.972,2010,April,4,Q2,16,23
44,2010-04-30,272997.65,No,48.33,2.941,126.3805667,7.972,2010,April,4,Q2,17,30
44,2010-07-05,285379.86,No,44.42,2.948,126.2898,7.972,2010,July,7,Q3,27,5
44,2010-05-14,286515.92,No,50.15,2.962,126.2085484,7.972,2010,May,5,Q2,19,14
44,2010-05-21,267065.35,No,57.71,2.95,126.1843871,7.972,2010,May,5,Q2,20,21
44,2010-05-28,291891.01,No,53.11,2.908,126.1602258,7.972,2010,May,5,Q2,21,28
44,2010-04-06,282351.82,No,59.85,2.871,126.1360645,7.972,2010,April,4,Q2,14,6
44,2010-11-06,296818.2,No,65.24,2.841,126.1119032,7.972,2010,November,11,Q4,44,6
44,2010-06-18,293481.36,No,58.41,2.819,126.114,7.972,2010,June,6,Q2,24,18
44,2010-06-25,288247.24,No,71.83,2.82,126.1266,7.972,2010,June,6,Q2,25,25
44,2010-02-07,300628.19,No,78.82,2.814,126.1392,7.804,2010,February,2,Q1,5,7
44,2010-09-07,280472.78,No,71.33,2.802,126.1518,7.804,2010,September,9,Q3,36,7
44,2010-07-16,297099.95,No,77.79,2.791,126.1498065,7.804,2010,July,7,Q3,28,16
44,2010-07-23,292680.16,No,82.27,2.797,126.1283548,7.804,2010,July,7,Q3,29,23
44,2010-07-30,275020.96,No,78.94,2.797,126.1069032,7.804,2010,July,7,Q3,30,30
44,2010-06-08,296804.49,No,81.24,2.802,126.0854516,7.804,2010,June,6,Q2,23,8
44,2010-08-13,291028.09,No,74.93,2.837,126.064,7.804,2010,August,8,Q3,32,13
44,2010-08-20,284740.5,No,76.34,2.85,126.0766452,7.804,2010,August,8,Q3,33,20
44,2010-08-27,293155.08,No,75.31,2.854,126.0892903,7.804,2010,August,8,Q3,34,27
44,2010-03-09,295880.12,No,65.71,2.868,126.1019355,7.804,2010,March,3,Q1,10,9
44,2010-10-09,283455.13,Yes,65.74,2.87,126.1145806,7.804,2010,October,10,Q4,40,9
44,2010-09-17,279364.13,No,66.84,2.875,126.1454667,7.804,2010,September,9,Q3,37,17
44,2010-09-24,281313.78,No,68.22,2.872,126.1900333,7.804,2010,September,9,Q3,38,24
44,2010-01-10,300152.45,No,68.74,2.853,126.2346,7.61,2010,January,1,Q1,1,10
44,2010-08-10,279524.44,No,63.03,2.841,126.2791667,7.61,2010,August,8,Q3,32,10
44,2010-10-15,268708.43,No,54.12,2.845,126.3266774,7.61,2010,October,10,Q4,41,15
44,2010-10-22,270110.3,No,56.89,2.849,126.3815484,7.61,2010,October,10,Q4,42,22
44,2010-10-29,286497.49,No,45.12,2.841,126.4364194,7.61,2010,October,10,Q4,43,29
44,2010-05-11,270516.84,No,49.96,2.831,126.4912903,7.61,2010,May,5,Q2,19,11
44,2010-12-11,281909.79,No,42.55,2.831,126.5461613,7.61,2010,December,12,Q4,49,11
44,2010-11-19,284322.52,No,42.0,2.842,126.6072,7.61,2010,November,11,Q4,46,19
44,2010-11-26,307646.5,Yes,28.22,2.83,126.6692667,7.61,2010,November,11,Q4,47,26
44,2010-03-12,264214.12,No,25.8,2.812,126.7313333,7.61,2010,March,3,Q1,10,12
44,2010-10-12,278253.28,No,36.78,2.817,126.7934,7.61,2010,October,10,Q4,41,12
44,2010-12-17,278646.35,No,35.21,2.842,126.8794839,7.61,2010,December,12,Q4,50,17
44,2010-12-24,365098.24,No,34.9,2.846,126.9835806,7.61,2010,December,12,Q4,51,24
44,2010-12-31,241937.11,Yes,26.79,2.868,127.0876774,7.61,2010,December,12,Q4,52,31
44,2011-07-01,288320.38,No,16.94,2.891,127.1917742,7.224,2011,July,7,Q3,26,1
44,2011-01-14,292859.36,No,20.6,2.903,127.3009355,7.224,2011,January,1,Q1,2,14
44,2011-01-21,276157.8,No,34.8,2.934,127.4404839,7.224,2011,January,1,Q1,3,21
44,2011-01-28,276011.4,No,31.64,2.96,127.5800323,7.224,2011,January,1,Q1,4,28
44,2011-04-02,293953.08,No,23.35,2.974,127.7195806,7.224,2011,April,4,Q2,13,2
44,2011-11-02,307486.73,Yes,30.83,3.034,127.859129,7.224,2011,November,11,Q4,44,2
44,2011-02-18,280785.76,No,40.85,3.062,127.99525,7.224,2011,February,2,Q1,7,18
44,2011-02-25,279427.93,No,33.17,3.12,128.13,7.224,2011,February,2,Q1,8,25
44,2011-04-03,293984.54,No,34.23,3.23,128.26475,7.224,2011,April,4,Q2,13,3
44,2011-11-03,284496.14,No,41.28,3.346,128.3995,7.224,2011,November,11,Q4,44,3
44,2011-03-18,281699.68,No,44.69,3.407,128.5121935,7.224,2011,March,3,Q1,11,18
44,2011-03-25,285031.81,No,42.38,3.435,128.6160645,7.224,2011,March,3,Q1,12,25
44,2011-01-04,281514.26,No,42.49,3.487,128.7199355,6.906,2011,January,1,Q1,1,4
44,2011-08-04,292498.61,No,42.75,3.547,128.8238065,6.906,2011,August,8,Q3,31,4
44,2011-04-15,289667.55,No,41.72,3.616,128.9107333,6.906,2011,April,4,Q2,15,15
44,2011-04-22,280357.3,No,47.55,3.655,128.9553,6.906,2011,April,4,Q2,16,22
44,2011-04-29,281247.97,No,43.85,3.683,128.9998667,6.906,2011,April,4,Q2,17,29
44,2011-06-05,299354.67,No,47.75,3.744,129.0444333,6.906,2011,June,6,Q2,22,5
44,2011-05-13,307095.31,No,52.4,3.77,129.089,6.906,2011,May,5,Q2,19,13
44,2011-05-20,303559.23,No,52.12,3.802,129.0756774,6.906,2011,May,5,Q2,20,20
44,2011-05-27,308442.49,No,54.62,3.778,129.0623548,6.906,2011,May,5,Q2,21,27
44,2011-03-06,308950.04,No,52.76,3.752,129.0490323,6.906,2011,March,3,Q1,9,6
44,2011-10-06,308770.42,No,61.39,3.732,129.0357097,6.906,2011,October,10,Q4,40,6
44,2011-06-17,300255.87,No,63.35,3.704,129.0432,6.906,2011,June,6,Q2,24,17
44,2011-06-24,296765.59,No,66.38,3.668,129.0663,6.906,2011,June,6,Q2,25,24
44,2011-01-07,315273.08,No,74.29,3.613,129.0894,6.56,2011,January,1,Q1,1,7
44,2011-08-07,295339.01,No,77.3,3.563,129.1125,6.56,2011,August,8,Q3,31,7
44,2011-07-15,289201.21,No,75.59,3.553,129.1338387,6.56,2011,July,7,Q3,28,15
44,2011-07-22,303108.81,No,78.5,3.563,129.1507742,6.56,2011,July,7,Q3,29,22
44,2011-07-29,279677.0,No,77.62,3.574,129.1677097,6.56,2011,July,7,Q3,30,29
44,2011-05-08,298080.45,No,75.56,3.595,129.1846452,6.56,2011,May,5,Q2,18,8
44,2011-12-08,290399.66,No,75.95,3.606,129.2015806,6.56,2011,December,12,Q4,49,8
44,2011-08-19,290909.69,No,76.68,3.578,129.2405806,6.56,2011,August,8,Q3,33,19
44,2011-08-26,324174.79,No,81.53,3.57,129.2832581,6.56,2011,August,8,Q3,34,26
44,2011-02-09,309543.52,No,77.0,3.58,129.3259355,6.56,2011,February,2,Q1,6,9
44,2011-09-09,295811.25,Yes,70.19,3.619,129.3686129,6.56,2011,September,9,Q3,36,9
44,2011-09-16,303974.28,No,67.54,3.641,129.4306,6.56,2011,September,9,Q3,37,16
44,2011-09-23,307409.13,No,63.6,3.648,129.5183333,6.56,2011,September,9,Q3,38,23
44,2011-09-30,299757.75,No,68.28,3.623,129.6060667,6.56,2011,September,9,Q3,39,30
44,2011-07-10,312577.36,No,60.62,3.592,129.6938,6.078,2011,July,7,Q3,27,10
44,2011-10-14,293031.78,No,51.74,3.567,129.7706452,6.078,2011,October,10,Q4,41,14
44,2011-10-21,305969.81,No,54.66,3.579,129.7821613,6.078,2011,October,10,Q4,42,21
44,2011-10-28,306336.07,No,47.41,3.567,129.7936774,6.078,2011,October,10,Q4,43,28
44,2011-04-11,307126.34,No,43.51,3.538,129.8051935,6.078,2011,April,4,Q2,15,11
44,2011-11-11,312233.56,No,33.8,3.513,129.8167097,6.078,2011,November,11,Q4,45,11
44,2011-11-18,310531.04,No,40.65,3.489,129.8268333,6.078,2011,November,11,Q4,46,18
44,2011-11-25,309129.01,Yes,38.89,3.445,129.8364,6.078,2011,November,11,Q4,47,25
44,2011-02-12,284309.34,No,33.94,3.389,129.8459667,6.078,2011,February,2,Q1,6,12
44,2011-09-12,304300.91,No,24.82,3.341,129.8555333,6.078,2011,September,9,Q3,37,12
44,2011-12-16,311144.16,No,27.85,3.282,129.8980645,6.078,2011,December,12,Q4,50,16
44,2011-12-23,376233.89,No,24.76,3.186,129.9845484,6.078,2011,December,12,Q4,51,23
44,2011-12-30,263917.85,Yes,31.53,3.119,130.0710323,6.078,2011,December,12,Q4,52,30
44,2012-06-01,325327.93,No,33.8,3.08,130.1575161,5.774,2012,June,6,Q2,22,1
44,2012-01-13,312361.88,No,25.61,3.056,130.244,5.774,2012,January,1,Q1,2,13
44,2012-01-20,316948.39,No,32.71,3.047,130.2792258,5.774,2012,January,1,Q1,3,20
44,2012-01-27,308295.38,No,34.32,3.058,130.3144516,5.774,2012,January,1,Q1,4,27
44,2012-03-02,325986.05,No,31.39,3.077,130.3496774,5.774,2012,March,3,Q1,9,2
44,2012-10-02,325377.97,Yes,33.73,3.116,130.3849032,5.774,2012,October,10,Q4,40,2
44,2012-02-17,320691.21,No,36.57,3.119,130.4546207,5.774,2012,February,2,Q1,7,17
44,2012-02-24,315641.8,No,35.38,3.145,130.5502069,5.774,2012,February,2,Q1,8,24
44,2012-02-03,316687.22,No,32.36,3.242,130.6457931,5.774,2012,February,2,Q1,5,3
44,2012-09-03,303438.24,No,38.24,3.38,130.7413793,5.774,2012,September,9,Q3,36,3
44,2012-03-16,331965.95,No,52.5,3.529,130.8261935,5.774,2012,March,3,Q1,11,16
44,2012-03-23,296947.06,No,47.83,3.671,130.8966452,5.774,2012,March,3,Q1,12,23
44,2012-03-30,310027.29,No,53.2,3.734,130.9670968,5.774,2012,March,3,Q1,13,30
44,2012-06-04,320021.1,No,48.85,3.793,131.0375484,5.621,2012,June,6,Q2,23,4
44,2012-04-13,311390.22,No,51.7,3.833,131.108,5.621,2012,April,4,Q2,15,13
44,2012-04-20,323233.8,No,50.24,3.845,131.1173333,5.621,2012,April,4,Q2,16,20
44,2012-04-27,330338.36,No,64.8,3.842,131.1266667,5.621,2012,April,4,Q2,17,27
44,2012-04-05,326053.28,No,54.41,3.831,131.136,5.621,2012,April,4,Q2,14,5
44,2012-11-05,341381.08,No,56.47,3.809,131.1453333,5.621,2012,November,11,Q4,45,5
44,2012-05-18,334042.43,No,65.17,3.808,131.0983226,5.621,2012,May,5,Q2,20,18
44,2012-05-25,343268.29,No,62.39,3.801,131.0287742,5.621,2012,May,5,Q2,21,25
44,2012-01-06,323410.94,No,61.11,3.788,130.9592258,5.621,2012,January,1,Q1,1,6
44,2012-08-06,340238.38,No,68.4,3.776,130.8896774,5.621,2012,August,8,Q3,32,6
44,2012-06-15,338400.82,No,65.97,3.756,130.8295333,5.621,2012,June,6,Q2,24,15
44,2012-06-22,336241.0,No,72.89,3.737,130.7929,5.621,2012,June,6,Q2,25,22
44,2012-06-29,338386.08,No,82.0,3.681,130.7562667,5.621,2012,June,6,Q2,26,29
44,2012-06-07,358461.58,No,79.23,3.63,130.7196333,5.407,2012,June,6,Q2,23,7
44,2012-07-13,336479.49,No,83.68,3.595,130.683,5.407,2012,July,7,Q3,28,13
44,2012-07-20,337819.16,No,75.69,3.556,130.7012903,5.407,2012,July,7,Q3,29,20
44,2012-07-27,319855.26,No,80.42,3.537,130.7195806,5.407,2012,July,7,Q3,30,27
44,2012-03-08,342385.38,No,81.99,3.512,130.737871,5.407,2012,March,3,Q1,10,8
44,2012-10-08,333594.81,No,81.69,3.509,130.7561613,5.407,2012,October,10,Q4,41,8
44,2012-08-17,327389.51,No,79.4,3.545,130.7909677,5.407,2012,August,8,Q3,33,17
44,2012-08-24,337985.74,No,77.37,3.582,130.8381613,5.407,2012,August,8,Q3,34,24
44,2012-08-31,339490.69,No,79.18,3.624,130.8853548,5.407,2012,August,8,Q3,35,31
44,2012-07-09,338737.33,Yes,70.65,3.689,130.9325484,5.407,2012,July,7,Q3,28,9
44,2012-09-14,347726.67,No,68.55,3.749,130.9776667,5.407,2012,September,9,Q3,37,14
44,2012-09-21,336017.6,No,67.96,3.821,131.0103333,5.407,2012,September,9,Q3,38,21
44,2012-09-28,355307.94,No,64.8,3.821,131.043,5.407,2012,September,9,Q3,39,28
44,2012-05-10,337390.44,No,61.79,3.815,131.0756667,5.217,2012,May,5,Q2,19,10
44,2012-12-10,337796.13,No,55.1,3.797,131.1083333,5.217,2012,December,12,Q4,50,10
44,2012-10-19,323766.77,No,52.06,3.781,131.1499677,5.217,2012,October,10,Q4,42,19
44,2012-10-26,361067.07,No,46.97,3.755,131.1930968,5.217,2012,October,10,Q4,43,26
45,2010-05-02,890689.51,No,27.31,2.784,181.8711898,8.992,2010,May,5,Q2,17,2
45,2010-12-02,656988.64,Yes,27.73,2.773,181.982317,8.992,2010,December,12,Q4,48,2
45,2010-02-19,841264.04,No,31.27,2.745,182.0347816,8.992,2010,February,2,Q1,7,19
45,2010-02-26,741891.65,No,34.89,2.754,182.0774691,8.992,2010,February,2,Q1,8,26
45,2010-05-03,777951.22,No,37.13,2.777,182.1201566,8.992,2010,May,5,Q2,18,3
45,2010-12-03,765687.42,No,45.8,2.818,182.1628441,8.992,2010,December,12,Q4,48,3
45,2010-03-19,773819.49,No,48.79,2.844,182.0779857,8.992,2010,March,3,Q1,11,19
45,2010-03-26,782563.38,No,54.36,2.854,181.9718697,8.992,2010,March,3,Q1,12,26
45,2010-02-04,877235.96,No,47.74,2.85,181.8657537,8.899,2010,February,2,Q1,5,4
45,2010-09-04,833782.7,No,65.45,2.869,181.7596377,8.899,2010,September,9,Q3,35,4
45,2010-04-16,782221.96,No,54.28,2.899,181.6924769,8.899,2010,April,4,Q2,15,16
45,2010-04-23,749779.1,No,53.47,2.902,181.6772564,8.899,2010,April,4,Q2,16,23
45,2010-04-30,737265.57,No,53.15,2.921,181.6620359,8.899,2010,April,4,Q2,17,30
45,2010-07-05,812190.76,No,70.75,2.966,181.6468154,8.899,2010,July,7,Q3,27,5
45,2010-05-14,758182.2,No,54.26,2.982,181.6612792,8.899,2010,May,5,Q2,19,14
45,2010-05-21,747888.25,No,62.62,2.958,181.8538486,8.899,2010,May,5,Q2,20,21
45,2010-05-28,801098.43,No,69.27,2.899,182.0464181,8.899,2010,May,5,Q2,21,28
45,2010-04-06,837548.62,No,75.93,2.847,182.2389876,8.899,2010,April,4,Q2,14,6
45,2010-11-06,794698.77,No,69.71,2.809,182.4315571,8.899,2010,November,11,Q4,44,6
45,2010-06-18,815130.5,No,72.62,2.78,182.4424199,8.899,2010,June,6,Q2,24,18
45,2010-06-25,792299.15,No,79.32,2.808,182.3806,8.899,2010,June,6,Q2,25,25
45,2010-02-07,800147.84,No,76.61,2.815,182.3187801,8.743,2010,February,2,Q1,5,7
45,2010-09-07,787062.0,No,82.45,2.793,182.2569603,8.743,2010,September,9,Q3,36,7
45,2010-07-16,723708.99,No,77.84,2.783,182.2604411,8.743,2010,July,7,Q3,28,16
45,2010-07-23,714601.11,No,81.46,2.771,182.3509895,8.743,2010,July,7,Q3,29,23
45,2010-07-30,716859.27,No,79.78,2.781,182.4415378,8.743,2010,July,7,Q3,30,30
45,2010-06-08,746517.32,No,77.17,2.784,182.5320862,8.743,2010,June,6,Q2,23,8
45,2010-08-13,722262.21,No,78.44,2.805,182.6226346,8.743,2010,August,8,Q3,32,13
45,2010-08-20,708568.29,No,76.01,2.779,182.6165205,8.743,2010,August,8,Q3,33,20
45,2010-08-27,721744.33,No,71.36,2.755,182.6104063,8.743,2010,August,8,Q3,34,27
45,2010-03-09,790144.7,No,78.37,2.715,182.6042922,8.743,2010,March,3,Q1,10,9
45,2010-10-09,721460.22,Yes,70.87,2.699,182.598178,8.743,2010,October,10,Q4,40,9
45,2010-09-17,716987.58,No,66.55,2.706,182.622509,8.743,2010,September,9,Q3,37,17
45,2010-09-24,678228.58,No,68.59,2.713,182.6696737,8.743,2010,September,9,Q3,38,24
45,2010-01-10,690007.76,No,70.58,2.707,182.7168385,8.724,2010,January,1,Q1,1,10
45,2010-08-10,745782.1,No,56.49,2.764,182.7640032,8.724,2010,August,8,Q3,32,10
45,2010-10-15,715263.3,No,58.61,2.868,182.8106203,8.724,2010,October,10,Q4,41,15
45,2010-10-22,730899.37,No,53.15,2.917,182.8558685,8.724,2010,October,10,Q4,42,22
45,2010-10-29,732859.76,No,61.3,2.921,182.9011166,8.724,2010,October,10,Q4,43,29
45,2010-05-11,764014.06,No,45.65,2.917,182.9463648,8.724,2010,May,5,Q2,19,11
45,2010-12-11,765648.93,No,46.14,2.931,182.9916129,8.724,2010,December,12,Q4,49,11
45,2010-11-19,723987.85,No,50.02,3.0,182.8989385,8.724,2010,November,11,Q4,46,19
45,2010-11-26,1182500.16,Yes,46.15,3.039,182.7832769,8.724,2010,November,11,Q4,47,26
45,2010-03-12,879244.9,No,40.93,3.046,182.6676154,8.724,2010,March,3,Q1,10,12
45,2010-10-12,1002364.34,No,30.54,3.109,182.5519538,8.724,2010,October,10,Q4,41,12
45,2010-12-17,1123282.85,No,30.51,3.14,182.517732,8.724,2010,December,12,Q4,50,17
45,2010-12-24,1682862.03,No,30.59,3.141,182.54459,8.724,2010,December,12,Q4,51,24
45,2010-12-31,679156.2,Yes,29.67,3.179,182.5714479,8.724,2010,December,12,Q4,52,31
45,2011-07-01,680254.35,No,34.32,3.193,182.5983058,8.549,2011,July,7,Q3,26,1
45,2011-01-14,654018.95,No,24.78,3.205,182.6585782,8.549,2011,January,1,Q1,2,14
45,2011-01-21,644285.33,No,30.55,3.229,182.9193368,8.549,2011,January,1,Q1,3,21
45,2011-01-28,617207.58,No,24.05,3.237,183.1800955,8.549,2011,January,1,Q1,4,28
45,2011-04-02,759442.33,No,28.73,3.231,183.4408542,8.549,2011,April,4,Q2,13,2
45,2011-11-02,766456.0,Yes,30.3,3.239,183.7016129,8.549,2011,November,11,Q4,44,2
45,2011-02-18,802253.41,No,40.7,3.245,183.9371353,8.549,2011,February,2,Q1,7,18
45,2011-02-25,733716.78,No,35.78,3.274,184.1625632,8.549,2011,February,2,Q1,8,25
45,2011-04-03,761880.36,No,38.65,3.433,184.3879911,8.549,2011,April,4,Q2,13,3
45,2011-11-03,714014.73,No,45.01,3.582,184.613419,8.549,2011,November,11,Q4,44,3
45,2011-03-18,733564.77,No,46.66,3.631,184.809719,8.549,2011,March,3,Q1,11,18
45,2011-03-25,719737.25,No,41.76,3.625,184.9943679,8.549,2011,March,3,Q1,12,25
45,2011-01-04,712425.76,No,37.27,3.638,185.1790167,8.521,2011,January,1,Q1,1,4
45,2011-08-04,750182.71,No,48.71,3.72,185.3636656,8.521,2011,August,8,Q3,31,4
45,2011-04-15,765270.02,No,53.69,3.821,185.5339821,8.521,2011,April,4,Q2,15,15
45,2011-04-22,813630.44,No,53.04,3.892,185.6684673,8.521,2011,April,4,Q2,16,22
45,2011-04-29,786561.61,No,66.18,3.962,185.8029526,8.521,2011,April,4,Q2,17,29
45,2011-06-05,810150.64,No,58.21,4.046,185.9374378,8.521,2011,June,6,Q2,22,5
45,2011-05-13,793889.1,No,60.38,4.066,186.0719231,8.521,2011,May,5,Q2,19,13
45,2011-05-20,727163.67,No,62.28,4.062,185.9661154,8.521,2011,May,5,Q2,20,20
45,2011-05-27,817653.25,No,69.7,3.985,185.8603077,8.521,2011,May,5,Q2,21,27
45,2011-03-06,877423.45,No,76.38,3.922,185.7545,8.521,2011,March,3,Q1,9,6
45,2011-10-06,814395.17,No,73.88,3.881,185.6486923,8.521,2011,October,10,Q4,40,6
45,2011-06-17,811153.67,No,69.32,3.842,185.6719333,8.521,2011,June,6,Q2,24,17
45,2011-06-24,762861.78,No,74.85,3.804,185.7919609,8.521,2011,June,6,Q2,25,24
45,2011-01-07,791495.25,No,74.04,3.748,185.9119885,8.625,2011,January,1,Q1,1,7
45,2011-08-07,768718.11,No,77.49,3.711,186.032016,8.625,2011,August,8,Q3,31,7
45,2011-07-15,748435.2,No,78.47,3.76,186.1399808,8.625,2011,July,7,Q3,28,15
45,2011-07-22,741625.25,No,82.33,3.811,186.2177885,8.625,2011,July,7,Q3,29,22
45,2011-07-29,704680.97,No,81.31,3.829,186.2955962,8.625,2011,July,7,Q3,30,29
45,2011-05-08,765996.92,No,78.22,3.842,186.3734038,8.625,2011,May,5,Q2,18,8
45,2011-12-08,724180.89,No,77.0,3.812,186.4512115,8.625,2011,December,12,Q4,49,8
45,2011-08-19,712362.72,No,72.98,3.747,186.5093071,8.625,2011,August,8,Q3,33,19
45,2011-08-26,833979.01,No,72.55,3.704,186.5641172,8.625,2011,August,8,Q3,34,26
45,2011-02-09,726482.39,No,70.63,3.703,186.6189274,8.625,2011,February,2,Q1,6,9
45,2011-09-09,746129.56,Yes,71.48,3.738,186.6737376,8.625,2011,September,9,Q3,36,9
45,2011-09-16,711367.56,No,69.17,3.742,186.8024,8.625,2011,September,9,Q3,37,16
45,2011-09-23,714106.42,No,63.75,3.711,187.0295321,8.625,2011,September,9,Q3,38,23
45,2011-09-30,698986.34,No,70.66,3.645,187.2566641,8.625,2011,September,9,Q3,39,30
45,2011-07-10,753447.05,No,55.82,3.583,187.4837962,8.523,2011,July,7,Q3,27,10
45,2011-10-14,720946.99,No,63.82,3.541,187.6917481,8.523,2011,October,10,Q4,41,14
45,2011-10-21,771686.4,No,59.6,3.57,187.7846197,8.523,2011,October,10,Q4,42,21
45,2011-10-28,781694.57,No,51.78,3.569,187.8774913,8.523,2011,October,10,Q4,43,28
45,2011-04-11,833429.22,No,43.92,3.551,187.9703629,8.523,2011,April,4,Q2,15,11
45,2011-11-11,808624.82,No,47.65,3.53,188.0632345,8.523,2011,November,11,Q4,45,11
45,2011-11-18,773603.77,No,51.34,3.53,188.1983654,8.523,2011,November,11,Q4,46,18
45,2011-11-25,1170672.94,Yes,48.71,3.492,188.3504,8.523,2011,November,11,Q4,47,25
45,2011-02-12,875699.81,No,50.19,3.452,188.5024346,8.523,2011,February,2,Q1,6,12
45,2011-09-12,957155.31,No,46.57,3.415,188.6544692,8.523,2011,September,9,Q3,37,12
45,2011-12-16,1078905.68,No,39.93,3.413,188.7979349,8.523,2011,December,12,Q4,50,16
45,2011-12-23,1521957.99,No,42.27,3.389,188.9299752,8.523,2011,December,12,Q4,51,23
45,2011-12-30,869403.63,Yes,37.79,3.389,189.0620155,8.523,2011,December,12,Q4,52,30
45,2012-06-01,714081.05,No,35.88,3.422,189.1940558,8.424,2012,June,6,Q2,22,1
45,2012-01-13,676615.53,No,41.18,3.513,189.3260962,8.424,2012,January,1,Q1,2,13
45,2012-01-20,700392.21,No,31.85,3.533,189.4214733,8.424,2012,January,1,Q1,3,20
45,2012-01-27,624081.64,No,37.93,3.567,189.5168505,8.424,2012,January,1,Q1,4,27
45,2012-03-02,757330.95,No,42.96,3.617,189.6122277,8.424,2012,March,3,Q1,9,2
45,2012-10-02,803657.12,Yes,37.0,3.64,189.7076048,8.424,2012,October,10,Q4,40,2
45,2012-02-17,858853.75,No,36.85,3.695,189.8424834,8.424,2012,February,2,Q1,7,17
45,2012-02-24,753060.78,No,42.86,3.739,190.0069881,8.424,2012,February,2,Q1,8,24
45,2012-02-03,782796.01,No,41.55,3.816,190.1714927,8.424,2012,February,2,Q1,5,3
45,2012-09-03,776968.87,No,45.52,3.848,190.3359973,8.424,2012,September,9,Q3,36,3
45,2012-03-16,788340.23,No,50.56,3.862,190.4618964,8.424,2012,March,3,Q1,11,16
45,2012-03-23,791835.37,No,59.45,3.9,190.5363213,8.424,2012,March,3,Q1,12,23
45,2012-03-30,777254.06,No,50.04,3.953,190.6107463,8.424,2012,March,3,Q1,13,30
45,2012-06-04,899479.43,No,49.73,3.996,190.6851712,8.567,2012,June,6,Q2,23,4
45,2012-04-13,781970.6,No,51.83,4.044,190.7595962,8.567,2012,April,4,Q2,15,13
45,2012-04-20,776661.74,No,63.13,4.027,190.8138013,8.567,2012,April,4,Q2,16,20
45,2012-04-27,711571.88,No,53.2,4.004,190.8680064,8.567,2012,April,4,Q2,17,27
45,2012-04-05,782300.68,No,55.21,3.951,190.9222115,8.567,2012,April,4,Q2,14,5
45,2012-11-05,770487.37,No,61.24,3.889,190.9764167,8.567,2012,November,11,Q4,45,5
45,2012-05-18,800842.28,No,66.3,3.848,190.9964479,8.567,2012,May,5,Q2,20,18
45,2012-05-25,817741.17,No,67.21,3.798,191.0028096,8.567,2012,May,5,Q2,21,25
45,2012-01-06,837144.63,No,74.48,3.742,191.0091712,8.567,2012,January,1,Q1,1,6
45,2012-08-06,795133.0,No,64.3,3.689,191.0155329,8.567,2012,August,8,Q3,32,6
45,2012-06-15,821498.18,No,71.93,3.62,191.0299731,8.567,2012,June,6,Q2,24,15
45,2012-06-22,822569.16,No,74.22,3.564,191.0646096,8.567,2012,June,6,Q2,25,22
45,2012-06-29,773367.71,No,75.22,3.506,191.0992462,8.567,2012,June,6,Q2,26,29
45,2012-06-07,843361.1,No,82.99,3.475,191.1338827,8.684,2012,June,6,Q2,23,7
45,2012-07-13,749817.08,No,79.97,3.523,191.1685192,8.684,2012,July,7,Q3,28,13
45,2012-07-20,737613.65,No,78.89,3.567,191.1670428,8.684,2012,July,7,Q3,29,20
45,2012-07-27,711671.58,No,77.2,3.647,191.1655664,8.684,2012,July,7,Q3,30,27
45,2012-03-08,725729.51,No,76.58,3.654,191.16409,8.684,2012,March,3,Q1,10,8
45,2012-10-08,733037.32,No,78.65,3.722,191.1626135,8.684,2012,October,10,Q4,41,8
45,2012-08-17,722496.93,No,75.71,3.807,191.2284919,8.684,2012,August,8,Q3,33,17
45,2012-08-24,718232.26,No,72.62,3.834,191.3448865,8.684,2012,August,8,Q3,34,24
45,2012-08-31,734297.87,No,75.09,3.867,191.461281,8.684,2012,August,8,Q3,35,31
45,2012-07-09,766512.66,Yes,75.7,3.911,191.5776756,8.684,2012,July,7,Q3,28,9
45,2012-09-14,702238.27,No,67.87,3.948,191.69985,8.684,2012,September,9,Q3,37,14
45,2012-09-21,723086.2,No,65.32,4.038,191.8567038,8.684,2012,September,9,Q3,38,21
45,2012-09-28,713173.95,No,64.88,3.997,192.0135577,8.684,2012,September,9,Q3,39,28
45,2012-05-10,733455.07,No,64.89,3.985,192.1704115,8.667,2012,May,5,Q2,19,10
45,2012-12-10,734464.36,No,54.47,4.0,192.3272654,8.667,2012,December,12,Q4,50,10
45,2012-10-19,718125.53,No,56.47,3.969,192.3308542,8.667,2012,October,10,Q4,42,19
45,2012-10-26,760281.43,No,58.85,3.882,192.3088989,8.667,2012,October,10,Q4,43,26
